N,P,K,temperature,humidity,ph,rainfall,label
74,58,42,24.489939,80.780093,5.311989,186.970033,rice
93,50,42,20.154384,84.849549,6.664885,205.480693,rice
67,39,38,23.935673,82.159725,5.582458,253.422347,rice
65,42,38,23.420525,83.92588,5.399348,241.708133,rice
83,36,41,21.278931,80.325258,6.897771,295.875844,rice
91,42,35,25.131748,82.200762,5.244076,239.421229,rice
61,57,37,24.968917,81.558555,6.040136,245.605234,rice
67,59,42,27.046242,84.474137,6.1958,290.624908,rice
63,39,35,22.439977,81.943386,5.542698,279.448501,rice
73,42,40,21.056932,84.010985,5.149101,298.426432,rice
90,39,35,26.115961,83.534287,6.458014,272.552442,rice
62,43,36,26.473276,83.116491,5.661796,187.627002,rice
72,43,42,24.781681,84.436064,5.94443,194.35131,rice
87,54,40,25.782254,82.468978,6.045466,231.304922,rice
60,37,35,24.773078,81.57178,6.017141,288.907977,rice
69,45,42,21.715986,80.3849,5.579503,199.346554,rice
96,55,41,26.535954,84.01836,5.37314,287.10708,rice
81,55,43,22.385026,80.55026,5.45587,231.252935,rice
91,56,35,23.830605,82.087055,5.444216,194.383844,rice
73,58,38,23.89093,83.515095,5.727259,296.61385,rice
97,41,39,22.256587,81.424202,5.073774,253.14772,rice
79,36,37,26.811994,81.197809,5.28979,238.734331,rice
98,41,41,25.712147,81.188188,6.456433,224.133976,rice
84,50,40,20.677173,84.176512,5.64156,202.382221,rice
61,49,41,20.124409,82.560465,5.452992,257.420735,rice
66,52,38,27.025475,80.687605,5.682133,193.616823,rice
96,56,37,24.94988,84.086111,6.110402,243.558069,rice
69,37,43,26.753135,83.165507,5.67806,221.905149,rice
88,57,43,25.849067,83.210158,5.16828,199.395446,rice
95,50,35,20.761037,83.317509,5.010123,199.296966,rice
81,52,41,21.68202,83.560896,5.474498,219.047964,rice
89,51,43,24.932097,82.841543,5.18735,224.125896,rice
70,41,44,22.948233,84.460233,6.262277,275.377356,rice
79,49,39,21.464322,83.612261,5.561545,182.917916,rice
85,39,44,27.154464,84.574322,5.740317,181.854794,rice
96,45,44,27.22715,84.265047,5.588898,226.211727,rice
93,42,36,24.176009,84.680774,6.39206,248.40734,rice
63,50,44,21.05063,82.591648,6.754746,268.892234,rice
87,52,38,22.201939,84.046806,6.620227,284.048678,rice
95,47,40,25.987214,83.24982,6.403934,275.49512,rice
94,43,38,20.704865,82.891401,5.071885,235.871762,rice
81,42,40,20.228752,80.186741,6.645201,223.222877,rice
64,48,42,21.618658,83.114452,5.170695,186.201807,rice
80,48,41,25.445685,84.87926,6.032601,218.754777,rice
91,41,39,20.588423,80.126754,6.925297,280.317614,rice
87,45,36,21.173278,81.251214,6.098453,265.751511,rice
85,41,44,25.534227,82.77177,6.223441,230.352007,rice
69,43,42,20.107951,80.580363,5.092005,184.887456,rice
93,52,39,20.733756,82.458079,5.946944,200.784224,rice
76,44,41,24.763202,80.22652,5.749225,255.10319,rice
79,56,41,21.222008,80.352844,6.284839,183.181357,rice
82,58,40,22.911274,83.216441,5.916506,245.474015,rice
96,44,44,26.79013,80.978956,5.138723,192.09336,rice
60,37,41,20.533915,81.594878,6.689751,182.792632,rice
91,42,36,25.225529,83.144714,6.754944,268.208525,rice
91,42,36,25.629611,84.034174,6.98101,229.514121,rice
74,54,38,26.98068,84.292064,5.857988,270.104528,rice
89,37,44,23.789393,84.132287,5.640099,287.462787,rice
75,35,44,20.68465,81.596568,6.900124,294.072858,rice
82,50,39,22.199081,81.643323,6.345037,270.284944,rice
90,54,35,23.708152,80.287794,6.099058,232.98366,rice
94,43,36,21.072438,83.807553,6.236436,192.134721,rice
63,52,35,26.16395,83.531211,5.162698,190.180526,rice
98,44,38,26.095997,84.736243,6.972002,270.405382,rice
74,37,42,24.188032,82.12111,6.812709,193.343698,rice
79,35,39,20.422275,80.59409,5.235052,257.905236,rice
89,49,44,22.811529,81.42856,6.737198,206.831501,rice
97,35,44,20.323699,84.455716,6.055402,299.155776,rice
62,48,44,23.923234,83.146993,6.391497,234.544928,rice
84,49,44,20.340848,81.404816,6.900823,286.831654,rice
77,50,37,21.410909,82.318492,5.706704,250.038733,rice
63,59,44,25.236213,82.680482,5.619055,277.655402,rice
86,39,44,26.169029,84.749,6.451439,253.609824,rice
76,58,43,20.33914,80.131835,5.752927,277.2664,rice
98,38,40,22.856681,84.849572,6.684238,280.599445,rice
78,45,37,20.422816,84.323612,6.625802,299.966121,rice
98,48,42,27.085743,84.248237,5.494696,234.065296,rice
65,58,41,21.714821,83.358503,6.236256,222.979526,rice
64,51,40,25.792388,82.600818,6.704363,246.228821,rice
81,56,39,21.005114,80.143913,6.510275,254.437146,rice
87,40,36,20.109085,81.752938,6.179835,227.069285,rice
77,57,38,23.854921,83.918265,5.793086,254.650404,rice
93,58,36,26.949407,82.460581,5.516489,235.096291,rice
98,47,38,24.750506,81.200728,5.151727,195.465567,rice
64,38,36,24.806561,80.9094,5.691335,287.614609,rice
78,51,36,21.442168,80.204343,5.33787,213.430841,rice
66,37,36,23.455841,81.031669,5.72854,240.410073,rice
86,35,42,24.709253,80.408795,6.747157,290.504688,rice
62,41,43,25.611948,80.922605,5.418699,224.456652,rice
78,50,38,23.46901,83.737355,5.073366,210.292433,rice
87,57,40,23.990851,80.53586,5.894825,243.914072,rice
69,41,38,20.150534,81.610396,5.422896,219.299682,rice
64,57,40,25.093267,83.945856,5.996884,190.430435,rice
80,49,42,23.237447,80.637902,5.567552,223.569876,rice
85,49,38,27.398864,83.028874,5.474454,192.213897,rice
65,41,36,21.399253,81.425476,5.346747,287.611851,rice
63,48,39,27.36784,80.560195,5.795711,296.336452,rice
93,55,37,21.281657,83.343216,6.858752,246.811547,rice
82,41,42,21.402828,81.618396,5.850873,240.913245,rice
69,37,41,22.164729,82.906191,5.308725,237.736812,rice
81,36,18,19.545769,56.267499,7.47992,76.117692,maize
92,41,21,26.74262,66.912775,6.443152,80.592046,maize
73,58,23,29.097809,57.485944,6.961735,106.917023,maize
67,36,22,24.606441,71.836576,5.779545,99.763366,maize
68,39,16,27.367609,68.303944,6.546131,77.941524,maize
95,44,23,23.050051,62.538889,6.42536,75.068894,maize
89,47,17,28.345108,62.677824,6.587106,105.323606,maize
84,37,24,25.218643,61.698112,5.778544,99.701259,maize
84,48,23,27.068868,58.033498,6.123444,72.424457,maize
89,35,20,26.768275,72.535313,6.184163,101.062865,maize
64,56,16,22.568804,70.945907,5.799835,71.46257,maize
88,53,21,25.980407,65.854489,6.003598,77.2848,maize
67,57,20,22.609791,64.240116,7.394567,67.66757,maize
83,47,21,18.208267,72.442478,7.364237,88.256659,maize
87,58,22,19.754199,66.525767,6.71343,81.206534,maize
89,58,24,23.184653,57.264761,7.469682,101.944904,maize
64,58,23,23.966638,66.825509,6.298005,62.738082,maize
73,55,15,21.83524,62.963374,6.574791,105.992781,maize
73,43,22,23.200506,59.492096,6.404879,67.042851,maize
67,47,19,28.520728,62.247878,6.661177,91.613214,maize
60,51,16,29.052309,57.973255,6.329248,64.267483,maize
99,47,20,18.771379,69.999209,5.919811,104.902714,maize
68,39,15,23.42877,66.296823,5.631417,98.776381,maize
78,48,19,22.608775,66.192807,5.81048,69.096407,maize
94,58,18,21.113564,67.879991,6.317468,61.269318,maize
66,52,21,18.311604,59.439443,5.96215,93.594637,maize
60,37,22,20.053264,68.054922,5.976366,64.97207,maize
69,53,23,27.547528,62.943671,6.83617,70.249215,maize
71,57,15,18.983348,59.157725,5.553064,69.071772,maize
83,45,23,27.400601,61.836347,6.018847,78.98462,maize
83,41,21,22.708234,66.040944,6.372253,74.723288,maize
97,54,16,27.987382,64.748624,7.289104,99.992763,maize
77,35,17,24.228793,67.669564,6.015775,66.967804,maize
93,59,20,19.974312,60.446147,5.536781,105.71494,maize
64,49,17,24.373047,68.028408,7.159484,70.321064,maize
60,38,24,28.049736,66.948262,6.701034,93.251834,maize
67,57,19,22.406093,65.378354,5.593932,68.314168,maize
89,37,21,20.821515,62.785912,6.077387,77.783636,maize
88,42,20,23.47458,68.273423,7.373659,96.628605,maize
68,35,17,24.843396,56.028516,6.492732,89.842142,maize
73,54,16,18.864084,69.563775,6.490983,94.42012,maize
77,41,23,27.193283,68.893929,6.04429,89.511533,maize
74,37,24,19.573414,74.004747,6.392012,69.256646,maize
81,56,22,27.275453,68.175667,6.884553,102.459783,maize
69,47,17,29.358182,73.881187,5.578854,95.278759,maize
97,39,20,28.528115,55.67892,6.894841,74.86745,maize
96,59,24,23.453463,72.240853,7.189099,75.955024,maize
93,35,20,20.645102,57.411338,5.653906,94.814439,maize
73,53,15,21.625839,65.789826,7.081446,75.937625,maize
85,57,21,20.679034,55.488016,7.240198,61.063471,maize
94,48,24,27.186007,74.958682,6.201424,98.359414,maize
76,46,21,28.047287,74.681669,7.036547,80.888339,maize
76,53,17,19.270452,62.092443,6.074478,74.815406,maize
69,36,15,29.358807,63.555463,6.268653,93.982364,maize
68,58,22,19.028227,63.351616,7.258237,107.236601,maize
78,50,16,29.398439,59.633434,7.385464,92.482332,maize
84,47,17,20.030072,59.409724,5.872877,98.979224,maize
74,36,24,28.163538,73.555046,7.489816,68.694762,maize
75,53,21,19.769803,71.316662,5.948881,71.190881,maize
81,49,20,19.052099,72.549217,6.0312,66.475746,maize
95,58,23,27.309435,68.10484,6.601715,64.349338,maize
76,44,17,26.319331,64.917515,5.662092,71.00916,maize
87,36,23,23.694185,64.611732,6.684816,101.234048,maize
73,51,20,21.070825,72.5726,7.094852,92.922592,maize
94,56,22,27.625653,68.949429,6.860282,90.930569,maize
90,38,23,28.026201,55.584946,7.151634,66.443493,maize
73,53,16,27.406621,71.642684,6.514935,60.319294,maize
71,50,24,25.265856,60.196072,6.768011,86.999269,maize
91,37,22,24.224566,74.25984,6.183744,91.631095,maize
97,37,24,25.910686,56.356741,6.101927,95.408604,maize
62,49,18,25.140528,55.914841,7.243074,108.674448,maize
98,53,16,26.720027,55.491738,5.544247,76.180511,maize
79,54,21,23.127881,60.472533,7.494249,81.309065,maize
78,39,22,25.977346,59.415392,5.664762,94.024965,maize
86,41,24,19.737166,63.646696,7.387232,80.986366,maize
85,44,17,29.315743,63.18668,7.288198,71.49773,maize
68,35,21,22.238053,72.287165,6.44642,108.409671,maize
67,56,22,26.865601,71.895665,7.022048,91.311016,maize
65,35,24,25.091479,70.930746,6.463045,65.865409,maize
65,52,19,20.306034,64.831891,5.628418,89.09857,maize
70,54,18,23.235032,55.232411,5.644894,79.624678,maize
79,50,17,25.992292,72.202448,7.059702,61.980941,maize
79,37,17,29.34662,57.849911,6.497776,90.907787,maize
88,48,15,21.754305,65.354233,5.675733,77.531347,maize
61,36,18,19.526231,66.350817,6.87893,100.029335,maize
68,39,16,25.318948,69.129515,5.563172,106.810612,maize
62,48,22,28.016145,69.281739,7.103456,76.97251,maize
92,37,23,24.297312,71.345955,6.404637,92.178885,maize
81,53,15,18.694049,59.942065,5.819089,103.589178,maize
68,59,18,20.094356,70.79397,6.817416,84.909786,maize
82,52,17,29.45784,74.495863,6.800651,69.977123,maize
87,36,15,20.963353,64.252459,7.236545,96.358453,maize
89,45,18,22.266946,74.752991,5.580218,103.351575,maize
83,45,22,23.596693,72.468465,7.301404,81.086046,maize
71,49,24,20.422615,67.459332,6.76312,96.655651,maize
65,52,24,20.066356,59.750866,7.44279,69.048848,maize
94,47,17,28.013624,63.906105,6.529635,77.961668,maize
83,39,18,29.148242,60.162669,6.813473,76.259503,maize
90,38,24,23.21858,59.721009,5.646993,68.487895,maize
80,43,23,22.955207,59.974285,6.73429,95.338861,maize
26,59,75,19.945608,17.982827,7.186577,90.325113,chickpea
52,69,83,17.823365,14.671518,6.674374,66.712606,chickpea
41,78,75,17.48844,16.713194,8.334688,74.484683,chickpea
40,56,76,20.94652,19.790712,6.01235,93.554354,chickpea
45,76,79,19.062384,16.933079,7.667161,69.189538,chickpea
21,62,82,17.807414,18.040595,8.42478,67.817021,chickpea
46,66,83,17.708599,18.155756,8.095288,93.338427,chickpea
47,67,81,20.47562,17.423658,6.075968,92.928461,chickpea
47,71,77,19.635542,16.363186,7.628082,68.197791,chickpea
46,79,75,20.908697,16.441448,8.176884,88.471565,chickpea
42,73,83,18.616561,15.962199,7.668983,89.235378,chickpea
50,74,79,20.271337,14.721254,7.361223,65.17276,chickpea
32,64,78,19.781869,16.331349,7.121734,72.126324,chickpea
34,60,75,19.413794,18.009277,7.548726,78.904821,chickpea
35,76,80,18.916728,14.153852,6.85312,76.405869,chickpea
35,69,80,19.43162,18.5893,8.032464,86.543692,chickpea
58,55,76,17.030251,17.884848,8.245076,72.304469,chickpea
57,56,84,18.406491,14.608525,7.214679,72.703297,chickpea
31,62,83,19.156645,15.867846,7.525834,86.48452,chickpea
30,65,76,17.724597,18.086707,6.453596,80.754902,chickpea
48,57,80,18.026251,19.777561,7.208864,89.179776,chickpea
42,56,81,20.805613,17.609671,8.047972,91.526194,chickpea
29,60,81,18.644114,19.039168,8.250058,75.602641,chickpea
29,74,77,20.290457,16.54243,7.668875,67.866059,chickpea
44,66,80,17.672057,18.421242,8.156993,71.502194,chickpea
23,55,81,19.428376,17.280184,6.579868,76.72718,chickpea
43,67,84,17.545759,18.170867,7.010797,77.845988,chickpea
48,72,84,17.513577,14.624658,7.810847,82.351608,chickpea
30,56,75,20.576763,15.151204,6.808429,71.799692,chickpea
34,56,80,17.27045,18.802139,6.58428,81.200357,chickpea
55,71,80,18.297335,15.998011,7.673717,94.824181,chickpea
46,68,82,18.860822,14.360854,7.405742,93.728759,chickpea
27,72,77,19.143311,14.580059,7.125927,87.6849,chickpea
33,71,82,20.708711,15.407852,6.99829,69.57248,chickpea
59,78,80,20.368133,17.125748,7.558964,67.673733,chickpea
50,58,83,20.128112,18.252468,6.090401,74.093851,chickpea
30,64,75,20.747831,17.322813,6.763811,76.909446,chickpea
37,70,80,20.677568,16.981781,8.480395,90.542749,chickpea
28,78,76,20.269799,16.28374,8.194936,91.041701,chickpea
52,74,78,17.323677,16.417881,6.433811,85.848533,chickpea
33,79,81,20.289922,14.795148,8.155036,92.682716,chickpea
39,70,82,17.699355,17.015396,6.996658,69.39122,chickpea
34,56,75,17.540665,19.778691,7.373824,93.974665,chickpea
37,62,80,18.758047,14.633988,7.602066,71.481145,chickpea
44,71,76,17.245399,18.68457,7.149501,66.744914,chickpea
59,56,81,20.934716,15.435081,6.355623,68.641548,chickpea
32,57,81,17.249167,17.056533,8.491742,89.419108,chickpea
44,62,81,19.108166,16.5565,6.326776,91.598126,chickpea
37,59,78,18.656519,18.965227,7.834036,88.079147,chickpea
20,65,79,17.076769,15.558879,7.900725,69.113291,chickpea
41,60,75,17.964806,19.855243,8.003843,93.787299,chickpea
39,57,80,18.817509,19.066142,6.245206,79.647234,chickpea
26,63,82,18.904073,16.25533,6.986191,78.783403,chickpea
51,77,84,20.147614,15.892441,7.720337,78.128094,chickpea
30,76,75,20.607048,16.768865,7.593004,84.780618,chickpea
55,70,81,17.266608,17.110448,6.375423,87.123013,chickpea
40,72,75,17.339168,18.29794,6.180211,67.137702,chickpea
20,78,82,18.413006,15.779213,6.874258,88.239606,chickpea
46,59,76,17.393583,17.961816,7.910932,72.951393,chickpea
20,57,84,18.181779,18.615339,7.561659,76.458189,chickpea
28,58,81,20.098535,17.863426,7.325755,66.258537,chickpea
58,74,77,20.919881,17.61129,7.456057,87.442195,chickpea
52,71,76,18.35307,19.568502,6.561539,76.165011,chickpea
37,65,81,20.772303,15.444156,6.303753,70.924115,chickpea
55,71,77,20.263788,19.16822,8.116286,92.567796,chickpea
30,73,79,20.367994,18.370944,7.941119,84.684855,chickpea
27,68,84,20.749552,14.259042,6.412037,68.951863,chickpea
49,75,77,19.023411,19.044218,7.832004,81.267116,chickpea
43,67,77,19.260088,18.133312,8.183307,84.088741,chickpea
50,59,79,17.037326,15.480073,7.816154,94.754299,chickpea
23,65,83,17.816143,17.33051,7.832678,83.479564,chickpea
27,63,82,19.216906,14.031378,7.902477,66.059341,chickpea
49,60,84,18.471763,15.96159,6.37222,74.168126,chickpea
55,79,78,18.794443,18.332426,8.215489,82.79133,chickpea
35,65,81,17.012873,17.717536,6.888733,88.82592,chickpea
23,69,79,19.569302,14.389122,7.449959,81.844538,chickpea
42,70,81,20.219956,15.618924,8.062624,79.94767,chickpea
23,56,78,20.139588,18.246086,7.971537,80.518072,chickpea
37,58,78,18.736077,14.531603,6.55153,82.946759,chickpea
49,79,84,19.570261,16.527488,7.590443,88.569549,chickpea
24,65,83,18.535332,17.431234,7.469423,70.534288,chickpea
34,63,75,17.096767,18.990182,6.682677,80.542363,chickpea
31,78,77,18.718627,19.236382,8.104834,70.583043,chickpea
52,66,79,17.53392,14.483609,7.819848,79.893835,chickpea
37,73,82,17.635633,17.661351,6.338385,87.541253,chickpea
46,78,75,17.228219,15.693122,6.654264,72.409364,chickpea
56,61,77,20.037593,16.698439,7.941776,66.960985,chickpea
39,55,75,20.62575,14.835472,7.331052,77.332868,chickpea
33,77,75,19.655159,19.780367,7.40042,93.104674,chickpea
22,65,77,19.923284,19.887783,6.641325,84.625238,chickpea
27,69,79,20.888021,17.651164,6.873766,68.422874,chickpea
26,60,77,20.402464,17.367337,7.308477,68.443066,chickpea
54,73,75,19.83134,17.261229,6.204313,78.749019,chickpea
39,59,84,20.399901,18.014134,7.155739,77.352966,chickpea
46,68,75,19.050011,18.838422,7.1481,66.558697,chickpea
51,60,77,17.658825,15.98129,7.891879,80.581576,chickpea
28,76,83,20.482314,15.432777,7.128098,94.54969,chickpea
50,55,75,18.855726,19.455321,7.346754,79.934375,chickpea
24,71,83,18.52168,18.653671,8.411192,71.112994,chickpea
40,62,82,19.310373,17.807495,7.994785,76.879114,chickpea
37,68,16,21.958991,23.552829,5.658381,137.146133,kidneybeans
37,61,24,16.407115,19.41411,5.592112,140.459074,kidneybeans
31,58,19,21.15298,18.584249,5.941208,132.324318,kidneybeans
27,79,19,24.841103,22.67544,5.817336,74.935941,kidneybeans
37,65,16,15.126075,21.91829,5.7637,124.741826,kidneybeans
37,56,22,16.874119,24.007239,5.909532,108.671438,kidneybeans
32,62,19,23.216369,21.214856,5.678899,104.47912,kidneybeans
35,63,16,22.12014,23.781847,5.550319,81.58867,kidneybeans
18,63,19,22.488263,22.558033,5.810464,91.713745,kidneybeans
36,66,24,21.341421,18.883853,5.838089,89.259361,kidneybeans
32,56,16,23.557373,19.590257,5.918521,85.134848,kidneybeans
31,72,20,18.053107,19.488511,5.516595,87.355176,kidneybeans
31,78,23,22.660648,23.519131,5.832492,83.425817,kidneybeans
37,71,20,16.109895,21.129389,5.730179,137.810725,kidneybeans
28,64,24,16.107206,20.957839,5.521012,126.591371,kidneybeans
37,62,23,17.922182,24.375391,5.876981,132.44161,kidneybeans
15,79,22,18.047511,23.805763,5.640761,138.547846,kidneybeans
17,72,20,15.965345,19.693257,5.506202,102.189117,kidneybeans
22,69,17,17.999191,23.202352,5.524071,141.26055,kidneybeans
36,71,20,23.923025,19.297311,5.539485,81.555915,kidneybeans
34,55,20,24.954375,23.989873,5.760723,65.727682,kidneybeans
35,69,16,15.938573,24.367388,5.8346,134.635812,kidneybeans
36,69,20,19.304274,20.218626,5.717298,129.649169,kidneybeans
30,77,19,21.070896,22.419153,5.795849,123.23704,kidneybeans
20,67,16,18.845113,21.413669,5.826112,145.547795,kidneybeans
30,73,20,21.34104,18.496526,5.627196,92.566778,kidneybeans
26,56,16,17.768143,24.800729,5.665674,103.383695,kidneybeans
19,70,17,17.069926,21.616008,5.502753,60.689763,kidneybeans
20,55,16,18.388606,23.6181,5.786024,106.140095,kidneybeans
22,78,18,15.870928,22.319466,5.556919,91.070083,kidneybeans
27,76,19,22.022588,24.949718,5.565745,84.725837,kidneybeans
24,65,19,24.07611,22.998229,5.803953,87.843545,kidneybeans
35,78,23,15.015651,22.45481,5.525568,83.18465,kidneybeans
16,70,21,16.144876,20.686872,5.728118,93.214772,kidneybeans
18,65,22,15.710077,18.56126,5.677386,144.755314,kidneybeans
31,71,18,20.936608,18.070918,5.818048,142.195825,kidneybeans
30,76,22,16.205584,24.317173,5.533222,108.057073,kidneybeans
18,55,19,17.950407,21.402003,5.7886,63.936517,kidneybeans
18,68,18,22.291735,22.566042,5.922802,122.324354,kidneybeans
25,71,17,18.063135,23.522896,5.72321,131.854231,kidneybeans
35,76,24,19.309852,20.232068,5.791099,93.405518,kidneybeans
30,72,21,18.745529,19.168021,5.715265,72.833473,kidneybeans
37,63,16,15.254478,22.520757,5.818451,90.654375,kidneybeans
16,65,18,21.771206,22.240455,5.682297,79.61033,kidneybeans
39,66,21,16.40553,21.399128,5.513768,105.490961,kidneybeans
39,64,15,15.309558,20.715907,5.580012,62.101689,kidneybeans
33,66,17,24.000832,18.812973,5.977959,88.257005,kidneybeans
37,70,23,24.840132,20.018838,5.980568,95.053371,kidneybeans
24,63,20,16.54145,21.87598,5.770852,128.571163,kidneybeans
35,66,18,17.593349,19.362367,5.528824,90.820318,kidneybeans
21,79,20,18.47277,22.063273,5.569598,99.963937,kidneybeans
30,67,19,24.938484,24.162203,5.811703,111.243963,kidneybeans
30,60,18,15.394595,21.328822,5.771512,80.497476,kidneybeans
39,77,22,20.333866,24.089784,5.565326,131.145881,kidneybeans
18,74,17,23.770906,24.608295,5.574398,101.640804,kidneybeans
39,67,23,20.887315,20.627309,5.642892,78.290078,kidneybeans
34,64,20,19.923255,22.040953,5.932789,148.266541,kidneybeans
25,75,22,20.73529,24.69233,5.600237,69.833779,kidneybeans
36,65,23,23.930902,18.437203,5.941732,100.348715,kidneybeans
27,70,24,15.191161,21.337904,5.843861,125.043626,kidneybeans
32,58,17,18.587155,23.63106,5.63938,78.963447,kidneybeans
38,55,24,21.768213,23.799285,5.64731,61.288375,kidneybeans
33,75,22,16.428503,23.273995,5.884461,119.268646,kidneybeans
34,76,21,15.886047,21.413395,5.538825,96.678873,kidneybeans
25,56,18,16.109981,23.657646,5.973844,66.508483,kidneybeans
38,68,17,15.768621,21.50437,5.897258,123.637783,kidneybeans
16,56,19,17.952905,19.62669,5.640502,132.313447,kidneybeans
38,65,24,18.214957,21.335059,5.613014,117.642844,kidneybeans
39,70,18,21.478174,18.860445,5.94433,105.277556,kidneybeans
26,69,21,15.717758,22.778321,5.620966,124.255737,kidneybeans
35,75,20,20.201699,19.000132,5.887673,84.426844,kidneybeans
27,62,16,21.295577,18.380324,5.874323,88.582812,kidneybeans
15,67,15,17.761696,22.948835,5.531345,135.540464,kidneybeans
15,61,22,18.162701,18.713247,5.680117,84.335396,kidneybeans
36,62,22,23.918721,21.036722,5.954972,93.958625,kidneybeans
39,57,21,19.93814,20.713542,5.816356,123.347138,kidneybeans
15,59,22,21.663854,24.762333,5.880519,145.569544,kidneybeans
32,62,16,22.818239,22.509045,5.524093,92.404542,kidneybeans
38,67,19,19.576996,19.462179,5.684354,93.283193,kidneybeans
16,74,19,23.221799,23.952436,5.605997,119.161813,kidneybeans
26,77,17,21.778132,22.254265,5.647651,72.294081,kidneybeans
31,73,18,21.448326,20.765916,5.856603,77.929375,kidneybeans
37,62,18,15.58092,18.780585,5.757931,84.083341,kidneybeans
35,55,18,18.373455,18.135293,5.562184,97.227841,kidneybeans
27,65,20,20.951317,18.069467,5.732048,146.714932,kidneybeans
27,71,18,22.739914,23.41045,5.760648,147.841244,kidneybeans
18,55,22,23.071555,18.841451,5.632791,61.579713,kidneybeans
22,74,20,18.480956,20.602175,5.500677,86.982047,kidneybeans
31,79,23,15.23595,24.289924,5.891599,130.233851,kidneybeans
26,64,18,15.656949,19.597648,5.623302,103.566936,kidneybeans
33,66,15,24.577898,24.59907,5.892595,149.219511,kidneybeans
28,79,15,18.656807,19.577669,5.597917,72.672265,kidneybeans
30,74,20,16.469627,23.677866,5.817977,94.934914,kidneybeans
31,61,18,24.174858,20.033532,5.734994,140.112702,kidneybeans
32,56,16,15.078416,22.416453,5.723837,72.084737,kidneybeans
38,68,17,20.006036,22.757342,5.53812,84.723343,kidneybeans
35,66,20,19.32816,18.3073,5.582875,100.098747,kidneybeans
20,56,23,24.811925,23.552,5.926892,81.777942,kidneybeans
39,59,24,24.948193,22.98206,5.990572,111.25858,kidneybeans
21,65,20,15.730816,22.356403,5.990589,77.109688,kidneybeans
34,77,24,37.202712,50.858386,7.431924,173.304123,pigeonpeas
19,66,22,22.946806,55.624607,6.499801,107.896972,pigeonpeas
29,74,19,18.242062,30.361539,5.571088,191.881348,pigeonpeas
20,70,17,24.4334,63.921684,6.686584,100.493921,pigeonpeas
25,55,19,31.24868,34.740105,5.366655,133.762029,pigeonpeas
37,79,15,33.220158,44.868963,5.677375,172.969147,pigeonpeas
37,78,20,25.142423,61.501963,5.253004,152.048143,pigeonpeas
23,71,17,21.831859,66.729563,4.805411,145.65537,pigeonpeas
20,55,15,21.504435,64.670814,5.347436,194.550509,pigeonpeas
29,65,20,28.333968,60.35105,5.347488,128.835543,pigeonpeas
37,78,23,26.38896,61.21462,5.929007,144.729384,pigeonpeas
20,69,16,24.631294,64.201208,5.121227,97.827411,pigeonpeas
16,78,20,26.188241,62.435143,7.007478,126.541014,pigeonpeas
32,74,21,21.031901,65.035323,6.117284,121.071967,pigeonpeas
25,55,16,33.310935,30.000465,5.749697,147.47612,pigeonpeas
16,79,17,24.083974,42.1577,5.19125,90.16212,pigeonpeas
33,79,17,31.260944,59.675853,7.045276,136.489212,pigeonpeas
22,63,22,34.335589,37.264559,5.612823,189.213422,pigeonpeas
35,79,22,25.863904,53.625513,6.483043,98.63014,pigeonpeas
28,72,16,33.612634,53.350911,7.356665,94.666453,pigeonpeas
21,70,17,32.288483,60.360211,4.807548,146.523991,pigeonpeas
27,64,24,34.550126,57.888375,6.64298,140.788776,pigeonpeas
38,72,22,35.233818,40.962864,6.921213,111.476466,pigeonpeas
23,63,24,35.130744,58.046794,6.68117,151.828007,pigeonpeas
38,67,18,21.260707,61.448226,6.703332,132.279054,pigeonpeas
15,75,15,32.073996,68.810284,5.812984,115.847075,pigeonpeas
32,75,20,37.340706,32.066749,6.014387,169.029934,pigeonpeas
36,59,23,29.054142,45.862147,4.895145,185.182533,pigeonpeas
18,62,17,35.428281,56.90812,6.890044,117.551469,pigeonpeas
30,69,23,36.121741,30.486271,6.52206,95.701938,pigeonpeas
28,62,18,25.05917,54.851698,5.50215,170.596896,pigeonpeas
25,56,22,23.715166,47.310675,6.556332,126.570177,pigeonpeas
16,64,24,30.834688,56.859166,6.396846,111.889135,pigeonpeas
25,73,16,23.557056,41.052764,5.796057,197.840562,pigeonpeas
16,67,16,37.413531,34.53214,5.710803,171.167348,pigeonpeas
32,65,18,25.952248,40.571051,5.115999,143.134367,pigeonpeas
21,62,21,37.370747,54.145488,4.730938,98.314198,pigeonpeas
38,62,15,29.980892,54.945951,6.445514,119.414223,pigeonpeas
15,79,17,31.520526,58.265195,6.330022,124.419813,pigeonpeas
21,69,23,36.934675,34.236232,4.964486,193.920988,pigeonpeas
33,77,17,29.751717,58.045584,6.540336,134.896686,pigeonpeas
15,69,17,27.005085,68.303241,5.697106,182.378177,pigeonpeas
19,71,24,20.037862,30.332798,5.800748,100.188803,pigeonpeas
33,77,19,23.174233,47.376133,6.670343,90.995958,pigeonpeas
29,70,21,22.840442,58.562109,4.774174,111.919737,pigeonpeas
36,73,15,22.967525,38.576259,5.312419,117.231575,pigeonpeas
16,66,22,30.134634,56.914867,4.743448,194.663978,pigeonpeas
35,75,23,36.65421,51.770159,5.100846,157.846197,pigeonpeas
33,73,20,19.369174,44.844518,7.2623,154.28938,pigeonpeas
28,61,18,35.906922,56.658522,6.862161,139.977997,pigeonpeas
30,61,22,26.552027,47.701821,6.447967,192.990868,pigeonpeas
16,75,17,26.878389,30.876533,5.403138,145.289437,pigeonpeas
16,67,24,20.107864,60.577629,5.729013,162.069109,pigeonpeas
21,58,16,19.409839,37.425868,6.492658,186.985967,pigeonpeas
35,72,16,23.783749,42.392275,5.249871,146.650623,pigeonpeas
28,63,18,34.571112,61.571714,5.423387,190.516729,pigeonpeas
38,63,18,28.112683,67.644833,7.128958,101.282476,pigeonpeas
24,68,20,21.877261,64.352671,6.530822,182.169921,pigeonpeas
36,73,19,30.210935,36.414616,6.520936,109.717858,pigeonpeas
32,60,16,21.30569,30.079685,6.656219,170.564115,pigeonpeas
27,59,15,18.382579,36.629927,7.172567,116.569053,pigeonpeas
23,57,17,28.384491,54.310107,5.236057,96.350538,pigeonpeas
24,60,17,37.197256,54.652019,6.170635,135.735261,pigeonpeas
25,68,21,32.042922,36.867756,6.000338,135.31539,pigeonpeas
36,70,20,20.307893,54.225516,4.851612,127.092723,pigeonpeas
18,72,17,25.837187,65.826991,5.112949,145.858557,pigeonpeas
25,55,22,19.380918,48.970201,6.182035,159.12691,pigeonpeas
32,61,15,32.468873,51.426264,7.008353,180.35272,pigeonpeas
36,67,18,33.831164,48.051765,5.050327,184.047142,pigeonpeas
37,66,15,25.756522,62.141506,7.205322,112.382002,pigeonpeas
16,76,18,28.835219,68.722632,4.699694,161.314981,pigeonpeas
16,64,23,26.669445,69.887294,6.177178,125.327837,pigeonpeas
20,63,18,19.374274,44.782968,5.892716,169.501153,pigeonpeas
31,72,15,22.353348,56.467372,5.951968,90.584482,pigeonpeas
35,74,20,19.329267,60.660602,6.251141,176.015597,pigeonpeas
33,75,20,20.80649,56.846299,6.361421,171.647851,pigeonpeas
19,59,23,32.999556,66.32914,6.776146,155.687084,pigeonpeas
31,77,20,30.647826,36.259069,5.921764,168.803682,pigeonpeas
21,60,18,22.830013,38.596505,5.774553,189.862237,pigeonpeas
27,59,15,31.923123,45.311951,6.965493,162.546185,pigeonpeas
34,61,21,23.28124,67.562739,6.409123,125.696298,pigeonpeas
21,59,21,22.374312,53.812131,5.293905,162.816584,pigeonpeas
35,74,22,21.754448,33.535398,6.596846,130.518194,pigeonpeas
25,55,17,18.673528,65.167431,5.23019,151.307089,pigeonpeas
15,71,18,35.958384,65.524728,5.475872,189.105699,pigeonpeas
39,75,23,22.980175,53.068096,4.701768,100.440973,pigeonpeas
39,63,22,34.133301,64.320931,7.492885,116.564613,pigeonpeas
16,65,16,18.448518,44.417073,6.851215,152.279876,pigeonpeas
22,71,17,18.287629,60.574135,6.371229,173.853289,pigeonpeas
15,75,21,29.267907,54.984562,7.0933,154.563016,pigeonpeas
29,79,22,26.845876,58.29588,5.667691,115.176301,pigeonpeas
29,78,24,24.838106,51.107099,5.134908,199.519422,pigeonpeas
39,71,23,32.302003,53.726329,4.660044,140.024078,pigeonpeas
31,71,18,36.83384,36.694281,6.001078,165.997237,pigeonpeas
32,71,17,21.124131,55.437613,6.297906,109.729161,pigeonpeas
32,66,21,34.747342,36.789137,4.557435,175.701285,pigeonpeas
30,72,23,34.056219,68.436806,6.107805,143.73452,pigeonpeas
25,58,20,23.54025,66.8523,6.249572,155.21242,pigeonpeas
23,56,15,26.466703,33.382615,6.320541,186.907031,pigeonpeas
37,71,17,35.259937,65.443737,5.089961,171.116869,pigeonpeas
22,55,24,24.240208,62.434147,7.484835,73.802218,mothbeans
26,56,15,26.682232,41.675413,9.742196,66.763826,mothbeans
36,58,15,27.084781,41.775872,4.849076,40.32146,mothbeans
26,41,16,25.339929,43.681889,9.727692,64.168163,mothbeans
39,45,17,30.386346,48.156348,5.416054,40.46277,mothbeans
18,41,18,29.391954,41.564121,4.847244,66.406064,mothbeans
18,43,23,25.239402,42.068421,6.601043,43.608878,mothbeans
29,55,16,28.645593,52.637719,4.422104,58.079932,mothbeans
21,47,15,27.676672,47.661587,8.76324,32.564043,mothbeans
25,46,22,28.594301,56.680308,8.473115,68.799134,mothbeans
22,48,23,31.915609,62.237983,5.87739,38.782493,mothbeans
27,53,19,27.865447,60.955761,5.812984,68.69076,mothbeans
25,43,19,30.099576,43.150051,4.757083,72.815017,mothbeans
19,49,20,27.916996,56.118631,4.970891,54.869802,mothbeans
24,51,16,28.567019,44.631759,5.283316,39.841941,mothbeans
19,55,17,31.41699,64.248163,7.156067,36.435051,mothbeans
24,54,18,24.696138,53.919623,8.908773,65.816687,mothbeans
19,51,17,25.74566,61.851794,5.097881,41.846131,mothbeans
15,56,22,29.018631,58.756644,4.473111,50.624562,mothbeans
23,37,19,31.365917,41.001478,5.36535,39.339342,mothbeans
20,57,19,27.730395,59.014391,4.48875,51.926941,mothbeans
25,49,24,30.155591,49.946643,8.79634,37.681876,mothbeans
15,40,18,28.084646,55.378229,9.327877,52.94343,mothbeans
27,36,15,28.40928,50.954465,8.870755,37.230581,mothbeans
15,46,17,24.396915,58.114957,4.214195,57.374378,mothbeans
22,39,18,30.411566,49.802339,8.304926,35.646883,mothbeans
34,40,21,28.526252,63.228618,5.978864,32.977433,mothbeans
15,55,20,30.201952,45.86064,5.708536,31.354674,mothbeans
39,51,24,26.123971,55.28659,7.8424,44.289737,mothbeans
36,58,23,29.912536,46.936617,5.302343,73.351214,mothbeans
15,52,22,28.981516,64.752721,5.496028,45.298734,mothbeans
16,46,17,26.747094,60.864295,9.487101,38.357988,mothbeans
24,58,15,24.738884,44.069775,7.309362,36.771252,mothbeans
39,46,20,25.973269,51.774006,7.736247,63.802971,mothbeans
33,49,24,30.539263,58.926203,3.855875,30.309508,mothbeans
20,51,19,27.21925,62.114672,9.231602,70.912887,mothbeans
22,52,17,25.524879,44.615811,5.689489,49.348093,mothbeans
35,37,22,28.251639,47.198634,6.654045,43.497393,mothbeans
29,45,16,24.932665,53.667392,9.275443,45.478096,mothbeans
33,51,24,30.567848,54.165131,7.704995,70.427391,mothbeans
24,43,15,30.612409,60.024518,4.168509,55.958582,mothbeans
26,37,24,25.717567,41.680855,7.307023,63.249,mothbeans
15,51,20,24.82612,44.313097,7.135036,43.336093,mothbeans
38,55,24,26.077367,64.243091,6.259897,45.638346,mothbeans
16,36,21,27.663432,45.663041,7.42941,41.378615,mothbeans
29,43,23,30.565569,51.93376,5.745242,46.315191,mothbeans
35,43,17,24.677507,51.667328,6.585645,67.840892,mothbeans
20,44,23,30.588989,49.615277,6.438394,43.647865,mothbeans
38,37,24,29.470932,53.289304,3.709018,51.401829,mothbeans
25,39,21,31.769207,54.05472,8.074421,33.08027,mothbeans
25,37,21,31.507857,56.544443,3.99154,45.959979,mothbeans
28,45,23,30.517368,55.295776,5.890131,41.490137,mothbeans
17,43,19,29.406583,56.453996,3.948692,47.786669,mothbeans
19,38,23,24.335322,50.479572,4.576503,69.56986,mothbeans
28,40,20,29.851891,63.95295,4.910854,69.87818,mothbeans
38,57,21,29.038565,50.080266,8.315346,53.908231,mothbeans
31,45,22,30.595772,43.660906,8.83075,54.313344,mothbeans
36,45,18,31.320486,46.279232,8.902959,51.780926,mothbeans
27,42,20,26.60169,40.981735,5.240791,30.287057,mothbeans
39,59,18,29.826967,48.645152,7.794996,66.244352,mothbeans
38,45,22,26.127428,64.758308,3.664925,57.158796,mothbeans
31,52,16,31.508238,44.529582,7.485622,40.020424,mothbeans
22,48,19,25.281805,44.27341,6.176127,64.077734,mothbeans
37,37,18,24.801965,40.414812,7.735,57.110225,mothbeans
19,40,15,30.679578,64.367265,4.366941,40.416385,mothbeans
36,58,19,24.40498,40.984796,7.173279,47.68028,mothbeans
15,49,15,30.298976,47.660821,3.757651,56.47585,mothbeans
24,59,20,26.201913,57.735972,5.237549,70.690948,mothbeans
24,48,15,27.40897,60.809088,8.656152,40.094335,mothbeans
20,55,24,24.762887,51.251466,5.659707,69.18098,mothbeans
17,40,22,24.410351,52.313385,6.329485,45.048053,mothbeans
24,48,16,28.575967,60.135808,8.36503,36.925496,mothbeans
18,41,18,27.267645,56.99243,3.862755,31.560272,mothbeans
24,52,16,29.132036,46.495703,9.170951,70.306047,mothbeans
22,40,19,25.924253,56.809596,8.786814,60.289146,mothbeans
35,44,16,29.903608,49.011863,7.796133,42.178977,mothbeans
17,59,16,31.907368,64.431998,8.580436,59.674033,mothbeans
29,56,17,27.74145,55.484749,6.131619,49.23689,mothbeans
23,49,23,25.612227,63.360826,7.910161,67.047295,mothbeans
28,54,15,30.547043,41.003471,9.195446,74.638324,mothbeans
22,40,22,26.024211,61.63906,4.158193,35.667984,mothbeans
39,51,23,26.594635,56.912094,7.303148,57.141755,mothbeans
32,49,19,26.207382,59.214533,4.948144,61.155944,mothbeans
20,50,22,25.749711,41.498583,4.338232,57.269864,mothbeans
36,36,22,26.730549,51.963209,9.444701,44.938718,mothbeans
26,35,15,26.068733,40.696306,7.540802,49.187926,mothbeans
28,39,17,29.310596,64.132568,3.822667,70.067294,mothbeans
29,49,20,24.555153,42.246921,7.345837,45.343136,mothbeans
37,45,16,29.717751,47.333836,6.86301,61.402475,mothbeans
37,54,21,29.437065,63.648116,5.393274,30.050044,mothbeans
21,40,21,29.069693,54.836535,3.603958,62.795012,mothbeans
23,51,20,26.741847,43.364407,4.104281,67.418325,mothbeans
37,51,16,27.216218,58.22348,8.490854,35.319838,mothbeans
15,52,18,26.035851,40.322437,6.957916,68.301783,mothbeans
38,49,20,24.680451,53.72182,5.931866,57.321088,mothbeans
24,41,15,26.519348,42.416121,4.63214,74.430127,mothbeans
26,48,23,31.964551,54.567861,8.699832,44.712346,mothbeans
22,45,21,29.457534,47.880986,4.352544,58.457832,mothbeans
18,49,21,29.604892,58.836803,9.0863,52.498155,mothbeans
33,50,16,24.205517,47.113535,6.335416,57.769767,mothbeans
36,39,16,29.89044,81.080446,6.678491,49.639093,mungbean
28,37,15,27.31645,85.855877,6.744345,40.84352,mungbean
30,55,15,28.49439,86.893104,6.452312,42.694273,mungbean
30,57,23,28.749391,87.302217,6.564822,51.024138,mungbean
26,39,22,28.669394,83.586216,7.111339,35.523353,mungbean
22,36,22,29.106322,83.313522,6.875663,44.898431,mungbean
33,46,19,29.80419,82.508791,6.320447,49.613578,mungbean
39,44,15,28.017916,85.059317,6.361923,51.452555,mungbean
39,46,18,28.202113,81.151462,7.083274,45.370641,mungbean
24,51,19,28.9447,80.614463,7.013723,58.512599,mungbean
31,58,16,28.432249,86.018067,6.781737,45.036544,mungbean
23,38,18,27.487982,87.343657,6.408831,36.464133,mungbean
28,49,23,28.730945,83.454809,7.003012,48.506972,mungbean
16,49,24,28.188938,82.963258,6.343469,38.786138,mungbean
25,49,15,29.818706,87.551336,6.786624,55.710967,mungbean
17,46,21,29.485959,87.834696,6.477069,58.522004,mungbean
18,56,24,27.531461,87.220661,6.240286,45.135571,mungbean
27,49,24,29.016752,84.81278,7.009675,58.763321,mungbean
15,59,15,29.44316,82.803348,6.33218,45.996391,mungbean
31,44,15,28.798383,89.024033,6.583215,40.408319,mungbean
26,36,23,29.479022,85.880005,6.553103,54.994584,mungbean
28,55,21,29.353216,85.98563,6.614141,58.948646,mungbean
28,50,17,28.876952,85.716076,6.384838,36.489677,mungbean
30,54,20,27.680318,86.66522,6.280106,46.045843,mungbean
19,39,17,28.160121,80.511502,6.597793,47.792686,mungbean
27,44,23,27.43598,85.056967,6.262041,36.778892,mungbean
29,49,23,28.673621,89.59791,6.248695,37.450192,mungbean
16,39,20,28.936717,80.455852,7.145971,56.054134,mungbean
22,36,16,27.380833,81.232838,6.718562,41.146186,mungbean
23,59,21,29.846942,81.425566,6.582139,48.868295,mungbean
16,35,21,28.925459,84.107888,6.689644,45.386075,mungbean
15,43,16,27.295273,89.567204,6.79936,53.216407,mungbean
22,44,17,27.290897,81.790316,6.997514,51.938645,mungbean
28,46,24,27.218205,82.806008,6.549938,54.560645,mungbean
39,41,23,29.491868,82.246574,6.599333,45.241822,mungbean
39,39,22,28.002578,87.308703,6.620011,49.458994,mungbean
35,55,23,27.178852,86.920506,6.339987,45.395464,mungbean
28,45,20,29.989579,81.352173,6.875456,44.900024,mungbean
18,38,24,29.638804,89.07042,7.191533,40.207885,mungbean
23,51,19,28.255169,83.578112,6.793781,49.389836,mungbean
19,46,20,28.710861,82.101072,6.942271,35.629977,mungbean
23,54,20,27.783487,86.949531,6.767391,54.90609,mungbean
33,50,19,27.399546,82.61333,6.619099,49.982482,mungbean
27,42,15,28.488718,82.85626,6.934608,35.598657,mungbean
29,58,16,28.414948,80.91422,6.825682,48.763292,mungbean
25,48,23,27.588883,80.225645,7.061665,49.427927,mungbean
37,49,23,28.28902,87.498599,7.113041,49.303074,mungbean
19,41,16,27.740571,83.064154,6.755134,49.699791,mungbean
25,50,15,27.263365,81.718295,6.718077,40.349867,mungbean
22,45,23,27.041586,86.493788,6.868877,54.966395,mungbean
38,35,16,29.658514,84.585186,6.764591,51.57568,mungbean
31,58,24,29.160472,82.872212,7.079752,36.230523,mungbean
20,57,17,27.661953,81.381253,7.059112,47.501456,mungbean
31,40,22,29.280017,83.12598,6.610683,40.242257,mungbean
39,51,24,27.910157,87.818909,6.965859,52.291391,mungbean
39,44,16,29.015127,87.293098,6.775061,40.170447,mungbean
27,42,19,28.935656,87.452147,6.432225,45.133134,mungbean
21,39,22,29.727758,83.702322,6.951279,57.424882,mungbean
36,39,24,28.130029,83.392407,6.262431,47.154341,mungbean
17,41,18,29.426479,88.754887,6.502466,56.467453,mungbean
36,54,16,29.070969,89.450241,6.88254,43.290421,mungbean
27,51,20,27.359859,83.12064,7.002396,56.535451,mungbean
18,58,18,28.986941,87.518251,7.011946,58.643743,mungbean
22,56,16,29.115123,87.419777,6.877723,41.307868,mungbean
36,39,15,29.152395,84.754757,7.049098,44.584929,mungbean
19,55,20,27.567587,87.20384,6.711114,50.107825,mungbean
26,55,23,29.128166,81.054014,7.038854,51.775325,mungbean
32,44,23,29.176115,81.125905,6.607778,57.159509,mungbean
16,59,21,28.894128,82.705593,6.448792,58.551455,mungbean
22,54,18,27.417762,80.107153,6.744257,59.39447,mungbean
24,43,18,28.561632,84.406649,7.079915,47.63802,mungbean
27,38,24,27.749919,80.733641,6.863146,49.884159,mungbean
25,45,22,27.587138,88.202533,6.848747,45.474244,mungbean
26,41,22,28.538624,83.208545,6.79605,59.893361,mungbean
25,58,18,27.164198,82.042421,6.618695,40.490873,mungbean
15,57,23,29.226877,81.678146,6.320364,36.690119,mungbean
33,58,19,27.357422,85.123928,6.548832,44.370623,mungbean
30,52,16,27.106771,89.943303,6.432728,36.345763,mungbean
19,35,18,29.407205,83.412444,6.644183,51.889669,mungbean
27,56,23,27.029732,87.780463,6.660734,59.721014,mungbean
27,59,22,27.745815,85.38395,7.192136,56.438265,mungbean
17,52,18,27.020947,84.03481,6.434754,55.471732,mungbean
23,55,15,27.923457,82.411652,6.433567,36.704665,mungbean
19,48,17,28.252184,83.768669,7.075905,57.632475,mungbean
27,43,16,29.860209,80.602269,6.49765,42.451655,mungbean
23,39,22,27.367494,86.349067,6.323846,36.763391,mungbean
37,39,23,28.633893,80.778565,7.155448,41.174029,mungbean
36,39,23,27.039686,85.117805,6.969443,58.369888,mungbean
37,55,23,27.597659,82.841843,6.488969,44.426348,mungbean
24,48,16,29.07374,81.675665,6.510308,47.583628,mungbean
34,53,21,27.46732,85.470453,6.287447,44.434079,mungbean
25,35,17,29.866948,89.536326,6.552327,36.077503,mungbean
19,44,24,27.423597,87.635158,6.308683,59.531439,mungbean
24,54,18,28.883007,81.920161,6.346021,58.451603,mungbean
37,57,21,29.424805,80.690369,6.534789,42.842578,mungbean
30,43,16,28.789401,88.143839,6.582123,38.306718,mungbean
19,40,17,28.928385,86.009455,6.89608,44.06255,mungbean
35,40,19,29.402816,81.801586,6.309863,57.092099,mungbean
23,52,15,29.070141,83.161013,6.255741,50.245319,mungbean
21,44,15,27.44149,82.979772,6.28976,57.770657,mungbean
35,67,16,28.076791,69.260596,6.710203,74.487485,blackgram
40,73,20,33.844787,65.539933,7.194927,62.93187,blackgram
39,77,18,28.720823,67.598237,6.940471,74.280937,blackgram
53,69,23,25.496059,62.570627,7.104547,63.404678,blackgram
53,77,19,28.421326,69.615507,7.078308,67.335726,blackgram
43,77,20,32.621746,68.118067,6.944404,66.505415,blackgram
56,64,22,34.409923,66.232104,7.464115,72.07646,blackgram
56,64,15,29.018763,66.737562,7.085456,71.234447,blackgram
43,70,16,32.493694,65.45696,6.765284,64.378668,blackgram
53,67,17,34.672712,67.15125,7.744275,66.406576,blackgram
46,77,20,32.072789,62.521729,7.080744,61.851748,blackgram
40,55,15,34.772838,62.423537,7.362304,72.586495,blackgram
48,58,22,31.002514,67.312506,7.500671,74.631156,blackgram
49,63,21,25.684407,68.973973,6.655195,64.917643,blackgram
55,69,18,29.734357,68.545474,6.942006,73.044745,blackgram
37,74,23,26.818177,64.303465,6.71515,70.599062,blackgram
48,70,16,27.117459,60.414973,6.918688,68.39617,blackgram
56,71,19,34.531201,67.192452,7.709215,67.91382,blackgram
41,56,22,26.21303,63.027751,7.192212,68.466249,blackgram
50,59,18,31.171942,69.698189,7.44592,73.839056,blackgram
54,69,16,31.666857,66.233796,7.28321,67.346788,blackgram
48,63,20,26.975559,68.051744,6.74151,61.274494,blackgram
45,71,19,27.767541,65.581712,6.951103,73.993015,blackgram
58,67,18,32.371324,60.367129,7.1172,65.044851,blackgram
58,55,20,32.406636,64.85018,6.611024,74.586921,blackgram
47,70,17,29.834981,64.291495,6.597365,61.592405,blackgram
55,60,16,30.049115,67.687471,6.58053,68.652119,blackgram
37,55,15,33.341641,61.179725,6.558697,66.568498,blackgram
56,61,19,25.399225,64.490785,7.250897,68.563606,blackgram
43,62,16,28.667983,60.994947,7.496575,74.494114,blackgram
59,76,21,32.008657,62.852058,7.320002,66.834743,blackgram
47,73,17,28.180396,69.246418,6.573092,67.284514,blackgram
57,70,20,27.497442,63.432755,7.607663,68.388272,blackgram
47,57,15,34.636852,63.769862,7.284177,61.195726,blackgram
52,78,20,26.261153,65.817215,7.496251,66.096248,blackgram
56,71,23,31.235053,61.31288,6.902599,63.026924,blackgram
57,74,21,28.009663,61.840448,7.483386,67.112369,blackgram
40,70,15,28.261703,64.68557,6.692346,74.769817,blackgram
40,58,17,32.690611,64.255057,7.235041,60.315137,blackgram
35,66,23,33.852389,60.867066,7.199872,73.698445,blackgram
44,75,16,34.353945,67.514233,7.723735,70.149259,blackgram
44,78,17,28.321725,67.008084,7.494911,73.941052,blackgram
40,74,22,25.637946,63.872231,6.867595,64.567356,blackgram
59,71,22,34.766176,63.772018,7.542392,66.517964,blackgram
56,59,24,27.187717,63.262205,7.48305,65.906327,blackgram
50,66,22,27.283313,60.58458,6.889908,67.11463,blackgram
39,63,18,25.573918,65.833072,7.649646,62.276144,blackgram
49,71,19,32.010976,64.107315,7.156028,60.110296,blackgram
52,71,15,28.682501,69.790318,7.046958,67.529181,blackgram
57,72,20,32.978047,68.643663,7.093954,67.126625,blackgram
44,79,21,25.832231,68.629596,7.124728,61.031309,blackgram
48,65,23,27.039946,68.264646,7.224995,60.819155,blackgram
59,67,17,29.694068,68.578578,6.896374,62.890146,blackgram
38,62,22,29.716264,62.274816,6.71604,64.990942,blackgram
58,63,24,29.852305,61.791639,7.658482,66.905331,blackgram
52,79,15,25.966946,67.204567,6.866373,62.764521,blackgram
35,55,22,26.344334,64.677206,7.287666,66.425277,blackgram
35,74,15,32.618899,68.933045,7.062692,68.033137,blackgram
46,64,23,33.939335,63.358164,7.299591,73.903613,blackgram
59,67,19,27.786943,69.588719,6.685659,68.697444,blackgram
42,61,19,34.987929,60.549663,7.252104,61.238582,blackgram
38,65,20,27.587924,63.164571,6.613057,64.548297,blackgram
59,78,18,30.708539,69.095954,6.508039,72.160254,blackgram
58,57,16,34.607463,65.375401,6.518456,63.86448,blackgram
46,72,22,34.954215,62.875112,7.199686,67.999853,blackgram
45,59,24,33.533172,64.98333,7.284219,63.408916,blackgram
48,72,20,34.902852,66.113417,6.982266,71.58228,blackgram
39,64,18,29.318071,67.817798,7.129425,71.910217,blackgram
49,63,23,27.382897,62.24383,7.155854,63.912739,blackgram
35,71,20,29.455178,69.669685,7.242559,72.951474,blackgram
38,69,23,30.831058,67.180142,6.983657,61.386743,blackgram
46,64,23,27.439953,69.667342,7.74558,63.714475,blackgram
43,77,24,29.434391,63.20997,7.183922,70.316538,blackgram
41,73,15,25.492945,63.862877,6.959515,64.734498,blackgram
47,63,16,28.094695,69.749043,7.034447,66.670692,blackgram
49,79,17,31.812821,67.159847,7.289522,61.328675,blackgram
51,56,20,32.395812,62.109699,7.594109,60.455307,blackgram
56,66,17,26.337781,69.533072,6.594465,62.986401,blackgram
43,70,20,26.256435,62.89728,6.810377,63.203143,blackgram
45,72,17,28.666789,63.909174,7.769393,74.319995,blackgram
55,61,15,28.169041,62.667945,7.157704,71.665919,blackgram
56,76,18,31.872343,63.128342,6.579177,70.523479,blackgram
35,65,18,31.933775,67.662455,6.895323,72.174405,blackgram
42,66,22,31.929202,69.873685,6.792709,69.934769,blackgram
50,77,16,32.517982,65.682686,6.857066,67.116524,blackgram
43,69,23,30.69305,66.317224,7.174372,60.767483,blackgram
40,67,18,26.817636,65.041328,6.919653,63.871615,blackgram
46,58,24,33.677021,67.076206,6.638078,71.638159,blackgram
55,74,16,31.43908,68.343248,7.250559,69.696111,blackgram
46,68,15,31.38963,60.814472,7.065519,64.389826,blackgram
48,58,21,32.950115,61.633544,6.635607,62.182732,blackgram
56,68,19,26.067118,66.49556,7.628399,72.422788,blackgram
50,56,16,25.49309,62.574792,6.67636,63.900721,blackgram
44,78,21,33.349738,67.103515,6.646254,71.038806,blackgram
41,70,18,34.976723,62.635515,6.86287,73.960084,blackgram
35,72,22,33.363786,69.744393,7.768282,60.979151,blackgram
55,71,21,26.283499,66.501872,7.777227,73.677279,blackgram
45,55,18,33.263903,67.014991,7.097147,60.826523,blackgram
45,66,24,31.410861,63.116529,7.182914,60.99083,blackgram
59,64,19,28.55284,66.825117,7.360902,70.729835,blackgram
21,62,16,24.83265,60.397971,7.035596,52.393918,lentil
37,66,19,16.154538,66.70765,7.460393,39.893101,lentil
25,75,23,18.6477,65.505706,6.265737,37.037575,lentil
37,75,22,15.731495,68.437288,6.732284,41.847902,lentil
28,57,22,23.736526,61.865901,6.257641,38.684973,lentil
16,69,23,15.262473,60.490046,6.988264,51.389914,lentil
23,63,20,19.113193,60.266084,7.296934,47.512998,lentil
29,73,21,18.08823,63.52481,6.139609,37.59714,lentil
31,76,24,24.425207,61.841013,6.100736,51.257019,lentil
29,70,22,25.549158,68.344583,6.006806,49.950413,lentil
36,62,21,19.712431,69.579711,5.963505,46.595857,lentil
19,72,16,18.530749,64.943708,7.638186,39.234287,lentil
18,73,20,28.676777,61.466146,7.127263,39.657583,lentil
18,72,20,26.322412,63.094626,6.751146,43.109434,lentil
39,62,17,20.318223,65.645941,6.379413,53.305799,lentil
21,77,16,24.848441,69.069855,6.220624,54.366539,lentil
26,78,21,19.523803,61.883025,6.477097,36.860348,lentil
18,57,19,26.933676,61.413836,6.147609,47.868579,lentil
19,57,16,28.855971,68.214713,6.572723,48.116415,lentil
28,71,21,24.43101,62.661014,5.974112,44.111336,lentil
37,69,23,29.874365,61.636162,7.214378,48.485871,lentil
39,79,21,18.654222,67.985558,6.103355,50.613986,lentil
37,64,21,21.452141,64.377651,6.489705,50.242592,lentil
38,78,16,28.121155,67.374314,6.380391,36.345692,lentil
21,77,21,25.81582,62.571524,7.266837,35.56243,lentil
24,70,16,27.345054,62.350313,7.139334,43.103943,lentil
29,57,15,28.643466,62.6963,7.457386,54.987006,lentil
20,61,21,29.48173,69.158143,6.855463,50.902206,lentil
18,79,24,17.455934,62.994231,6.090294,40.434352,lentil
35,64,15,20.133383,69.813833,7.096399,43.323219,lentil
19,79,23,19.22216,60.700687,6.007589,37.407563,lentil
29,78,19,27.644182,64.458866,7.246309,49.637455,lentil
19,64,21,16.060449,63.615402,6.916119,54.92449,lentil
26,75,19,26.945861,65.954148,7.584531,43.218851,lentil
30,70,19,17.164681,60.935594,5.931676,52.470685,lentil
20,60,22,19.800242,65.060447,6.208771,54.194914,lentil
36,76,19,26.435418,61.438762,5.916376,35.399459,lentil
29,66,20,15.111947,64.226866,7.26433,43.853874,lentil
33,60,23,23.826469,62.107631,6.349769,47.560609,lentil
35,65,17,28.005174,66.692683,6.751362,44.758004,lentil
20,70,18,29.934678,64.801835,6.823183,46.317036,lentil
37,75,19,25.780489,65.862355,6.835497,38.846315,lentil
26,61,24,20.031102,69.52264,6.912805,47.630888,lentil
28,58,18,16.487192,66.22954,6.749061,50.559699,lentil
20,59,19,28.898781,67.104218,6.695955,45.345443,lentil
17,79,21,19.281061,65.858084,6.108016,54.316733,lentil
19,71,17,25.763421,67.768214,7.179497,47.289989,lentil
37,56,18,18.724312,69.88014,6.639841,49.652254,lentil
32,60,17,19.219268,64.111273,6.345218,35.39303,lentil
36,79,18,20.077603,60.070918,7.192476,51.508798,lentil
18,58,22,24.244361,60.448606,7.082839,41.178354,lentil
24,74,23,21.005349,69.471529,6.672279,50.436721,lentil
27,77,24,16.311252,69.364933,7.468516,50.826214,lentil
20,75,23,19.337255,69.522601,5.994734,37.998185,lentil
28,69,21,15.254537,69.603668,5.984717,37.861239,lentil
15,69,24,24.989207,68.226575,5.925234,45.840306,lentil
26,67,15,25.26653,65.032204,7.353783,44.705813,lentil
18,71,16,28.085918,66.131162,6.198687,54.246761,lentil
27,56,21,18.797984,68.036935,7.453862,54.578947,lentil
27,66,22,16.98706,65.469155,6.93787,36.789462,lentil
25,76,23,16.488565,60.907209,6.399121,52.495321,lentil
18,72,16,24.347068,63.560673,7.398937,39.673809,lentil
30,60,22,28.105171,61.268018,7.546532,46.871505,lentil
18,65,16,25.505218,67.588681,6.101013,45.122797,lentil
35,78,20,29.254188,65.35689,6.648962,51.964063,lentil
27,66,19,27.701775,68.319415,6.666688,41.665997,lentil
27,69,17,26.909326,64.864828,6.534687,37.13642,lentil
20,78,18,17.532889,64.606728,6.483467,35.703185,lentil
23,68,20,20.348384,64.473028,7.734484,42.54697,lentil
21,61,19,26.392802,62.059882,7.247663,35.422996,lentil
25,74,18,23.456057,62.049792,7.309791,36.045582,lentil
36,59,23,20.287939,67.226836,6.506528,53.118233,lentil
18,59,19,16.229077,61.959802,7.693156,54.529793,lentil
24,78,20,19.046137,67.023987,7.151913,54.782506,lentil
21,71,15,16.704691,60.039184,7.798975,51.045474,lentil
34,67,18,17.268964,62.846747,6.614345,50.126202,lentil
28,56,15,16.534983,64.104987,7.673067,47.74805,lentil
35,66,18,16.626006,68.75933,7.388004,38.362362,lentil
27,67,21,29.192803,65.797714,6.926413,36.006459,lentil
16,59,15,26.150293,67.233303,6.158507,51.721578,lentil
18,62,17,20.584606,62.546638,6.829007,43.148158,lentil
39,56,16,15.792388,66.258412,6.003568,51.728795,lentil
27,68,20,17.562206,61.976903,6.505753,46.869928,lentil
20,57,24,15.329727,68.026974,7.397267,40.944282,lentil
18,58,21,24.642099,67.827457,7.681214,48.838547,lentil
18,61,23,18.139591,60.725223,7.236232,43.050527,lentil
38,71,15,29.217849,62.585573,6.540704,43.045208,lentil
16,67,16,21.014555,63.507098,7.368396,51.06341,lentil
18,64,18,17.271157,67.984535,7.243734,38.807636,lentil
24,57,21,16.820579,69.859342,7.383296,42.804771,lentil
29,77,20,17.617477,63.787034,7.501975,47.88426,lentil
31,76,23,28.796889,60.948492,6.933839,49.81019,lentil
33,70,16,26.961308,67.201113,6.063658,44.276196,lentil
19,63,15,21.004948,65.498769,7.077207,48.269807,lentil
35,60,16,27.773058,61.566128,7.752044,51.850765,lentil
27,79,15,19.545986,66.382244,6.565013,53.567451,lentil
16,68,20,24.790922,62.556662,6.592676,51.873611,lentil
19,75,20,26.432813,67.136074,6.294272,46.376255,lentil
36,65,24,21.783227,61.427856,6.639926,54.034048,lentil
22,76,23,20.252798,60.832577,7.27666,41.230246,lentil
34,18,39,23.445366,88.823633,6.253316,105.642857,pomegranate
24,20,43,20.532378,90.242547,6.640236,104.041592,pomegranate
21,28,42,22.040307,91.477201,5.549809,109.271544,pomegranate
27,20,38,18.570317,86.933392,7.116266,106.130493,pomegranate
26,11,35,23.02027,90.380947,6.3648,103.646868,pomegranate
33,13,36,21.224985,87.862799,5.920687,109.678565,pomegranate
31,26,39,18.511596,87.736664,7.166009,108.943879,pomegranate
32,10,40,18.262701,90.692302,7.06531,114.526287,pomegranate
28,19,44,22.715269,85.648993,6.291733,103.603675,pomegranate
26,19,40,20.497393,86.642704,6.356323,112.453043,pomegranate
31,16,44,24.385453,87.093484,5.56701,111.119631,pomegranate
35,29,43,22.203743,90.300523,5.54733,103.699847,pomegranate
26,22,40,23.198452,87.797669,6.460419,101.322134,pomegranate
25,25,41,24.934499,87.778911,6.346922,104.942956,pomegranate
26,27,41,24.177088,87.035111,6.984714,100.896434,pomegranate
37,16,38,21.58462,94.406902,5.581228,105.283465,pomegranate
36,17,36,20.973559,88.855525,7.056208,111.429016,pomegranate
27,29,39,18.407665,87.622743,6.24132,102.353539,pomegranate
38,25,37,22.135632,92.214492,7.100174,113.22453,pomegranate
27,25,40,21.868927,86.14742,5.714434,107.943004,pomegranate
21,10,42,18.227406,90.952768,6.416629,114.53222,pomegranate
27,11,40,23.887673,94.968493,6.231583,104.804481,pomegranate
37,13,41,20.840001,85.410824,6.09039,103.978428,pomegranate
32,28,37,23.680262,85.553598,6.414806,101.058251,pomegranate
38,25,41,23.767275,91.475198,7.147205,110.709369,pomegranate
38,20,36,21.697244,86.268728,6.507239,107.237396,pomegranate
30,10,36,21.439313,94.505036,6.152135,106.36558,pomegranate
32,22,37,20.875715,87.176998,7.142236,101.959516,pomegranate
24,10,37,23.463298,87.011752,5.636108,107.116798,pomegranate
15,11,43,23.400313,94.151388,6.952676,110.247633,pomegranate
16,25,43,23.593575,90.08479,5.895933,112.67995,pomegranate
33,29,36,19.579652,87.117981,6.847318,102.803609,pomegranate
16,29,35,23.846708,88.653668,6.930746,108.319307,pomegranate
37,28,35,18.527885,87.503587,6.637836,113.324083,pomegranate
26,22,36,23.634768,94.673281,5.956618,107.422389,pomegranate
17,21,40,19.011055,89.420662,6.067978,107.827463,pomegranate
29,10,42,22.9911,88.662864,5.589991,111.323988,pomegranate
38,14,38,19.28669,90.769361,5.76323,105.342909,pomegranate
32,21,38,20.941747,90.621109,5.50997,101.177648,pomegranate
37,11,42,24.440267,87.706836,6.129835,108.533821,pomegranate
37,28,42,18.606338,91.691542,6.197516,107.060515,pomegranate
16,13,42,21.177712,88.016622,6.152832,112.815993,pomegranate
33,15,36,19.763988,94.207565,6.488701,108.002203,pomegranate
29,17,43,21.663004,86.167479,5.719411,108.052887,pomegranate
38,16,43,23.348669,87.478124,5.561779,101.527709,pomegranate
33,13,38,21.511894,92.254682,5.692493,106.095496,pomegranate
27,20,43,19.201747,93.078315,6.677893,108.338062,pomegranate
32,18,36,22.660357,90.246723,6.586937,105.069982,pomegranate
37,21,35,21.148628,92.563561,6.850029,107.418956,pomegranate
37,15,39,24.290178,93.962567,6.665712,112.884708,pomegranate
17,27,38,19.248321,87.393698,6.210546,103.76788,pomegranate
23,12,37,22.005987,89.418537,6.089422,111.196782,pomegranate
37,25,38,23.211095,86.519802,5.721541,105.184406,pomegranate
35,14,35,18.921967,93.58745,6.577432,103.798017,pomegranate
28,20,41,19.632313,93.64403,6.025927,110.411975,pomegranate
15,17,38,21.804391,85.727363,6.843223,103.266712,pomegranate
31,26,40,23.186182,91.618603,6.104401,112.132878,pomegranate
22,21,42,20.652691,88.027676,6.280888,112.269452,pomegranate
38,20,41,24.322915,85.985469,5.894534,110.6335,pomegranate
35,27,39,18.625379,89.377815,5.892249,104.367947,pomegranate
34,11,43,20.993684,90.960639,5.652409,105.060386,pomegranate
17,29,43,21.217429,87.236025,7.086874,105.168949,pomegranate
19,21,44,18.026812,87.381248,7.095361,102.56629,pomegranate
17,21,43,21.339769,94.945643,6.654592,101.111124,pomegranate
39,18,37,21.905154,88.043076,5.646978,100.021425,pomegranate
26,26,40,24.994451,87.868466,5.976774,102.396242,pomegranate
19,15,42,24.340298,94.750872,5.894892,113.219463,pomegranate
23,12,43,22.452739,86.647309,6.230713,104.308865,pomegranate
33,19,44,18.383215,88.550153,6.31923,107.547003,pomegranate
22,24,43,24.571035,93.050934,6.945986,108.25818,pomegranate
35,16,38,20.218391,89.673873,5.985485,114.424172,pomegranate
22,11,40,18.399694,86.105432,5.872962,106.965254,pomegranate
25,25,42,20.984228,88.337042,6.037997,111.609926,pomegranate
16,10,42,21.340025,86.308811,5.900462,113.987559,pomegranate
36,24,39,21.642265,94.752445,7.14181,103.229036,pomegranate
35,13,37,22.732651,89.050011,7.083625,101.335146,pomegranate
27,28,44,19.095704,88.666377,6.552506,102.390923,pomegranate
39,28,36,18.848088,85.854085,7.046054,102.904357,pomegranate
25,18,40,18.502147,87.267586,7.083534,113.626152,pomegranate
34,10,38,22.395711,87.751902,7.046297,109.508342,pomegranate
16,28,44,18.543987,90.323602,6.015719,105.892586,pomegranate
19,21,44,21.521508,85.829146,6.554002,105.103345,pomegranate
36,18,36,19.337739,92.687642,5.951499,111.508501,pomegranate
20,16,39,24.602371,94.317314,5.851682,105.373286,pomegranate
18,20,39,24.305321,94.300054,6.152065,107.376069,pomegranate
37,26,35,20.240417,89.217742,5.890518,102.993574,pomegranate
15,22,37,18.36643,87.309793,6.863254,112.772338,pomegranate
27,18,44,19.403953,87.153593,5.996174,102.59136,pomegranate
24,28,41,20.883626,94.344108,5.582389,103.154143,pomegranate
29,22,35,20.821271,91.49154,6.68672,109.572099,pomegranate
23,11,39,18.901281,94.476237,6.30779,104.758888,pomegranate
34,19,38,23.683774,93.671522,6.644114,100.704466,pomegranate
29,25,36,19.600695,93.824951,5.534207,111.290907,pomegranate
26,18,35,23.735788,88.598249,6.419302,110.15951,pomegranate
32,29,40,20.798037,94.537036,6.591587,104.472255,pomegranate
18,26,38,22.623288,89.708164,5.838181,109.025299,pomegranate
16,18,40,21.052329,92.486722,6.907472,111.568646,pomegranate
15,13,40,24.543754,93.349568,6.932309,104.548123,pomegranate
25,19,36,18.217477,94.469029,5.909211,103.599234,pomegranate
17,28,40,22.669258,94.115769,6.087554,109.32261,pomegranate
81,74,53,28.833842,78.506427,5.876811,106.006633,banana
80,76,47,26.252415,83.059058,5.779674,95.74564,banana
100,91,47,25.392681,78.564047,6.247652,106.520716,banana
112,93,52,28.019015,79.933416,5.540069,119.529659,banana
95,73,51,26.421441,80.857783,6.086768,103.371895,banana
113,76,49,27.688461,81.636247,6.283972,101.844218,banana
105,73,54,26.915294,82.295214,5.520341,96.155614,banana
99,91,50,29.649352,79.837969,5.990449,93.592404,banana
112,76,53,29.554121,84.433101,6.02023,110.312814,banana
111,73,51,25.17149,79.975661,5.654843,95.487688,banana
94,80,51,25.372142,80.036918,5.682625,107.219255,banana
105,83,52,26.678046,82.651066,5.932767,104.525535,banana
105,70,51,28.092926,78.098471,5.585794,92.728063,banana
116,87,46,26.783616,80.92483,6.335572,91.309828,banana
89,92,45,26.006996,84.590242,6.113402,97.850141,banana
82,70,47,29.407429,79.159137,6.220333,117.548551,banana
96,74,50,29.540418,83.043744,5.56583,110.777184,banana
102,92,46,27.670181,83.794627,5.910024,104.459848,banana
82,76,48,29.725612,77.826674,5.960869,110.139133,banana
86,82,52,29.334276,81.262593,6.169054,93.788504,banana
117,73,52,26.324082,84.335931,6.21996,112.614411,banana
88,81,51,28.849868,76.039594,6.462365,116.70662,banana
90,90,50,27.309032,78.144341,6.080969,111.896674,banana
96,85,51,28.555609,75.519661,6.359748,103.747599,banana
90,76,49,29.434158,78.783476,6.249726,92.904562,banana
99,94,52,26.052642,80.014415,5.733625,102.286828,banana
111,89,47,29.611117,80.925682,5.879924,105.058067,banana
104,83,49,27.524664,76.764119,6.312733,106.25281,banana
85,89,54,29.736534,78.690177,5.635517,105.551989,banana
84,93,46,26.263829,79.066365,5.883164,113.839887,banana
98,74,47,27.545567,76.474539,6.111656,106.972419,banana
108,93,54,29.730378,77.447156,5.631565,99.068301,banana
115,94,53,25.550089,84.47428,5.923358,90.279309,banana
97,71,50,26.69277,79.734349,6.11317,116.064033,banana
106,80,53,29.527911,76.1976,6.031933,98.535359,banana
81,86,53,25.814513,83.124137,6.353396,117.430213,banana
90,92,48,27.76169,75.505075,5.543881,111.611196,banana
97,76,46,28.349767,75.004015,6.305891,92.377488,banana
87,79,49,26.774976,78.207122,6.463916,109.24739,banana
80,80,53,26.507281,75.945563,6.258385,108.180415,banana
102,71,46,28.112747,77.078238,6.00407,106.346451,banana
91,93,53,28.611868,75.779939,5.60613,104.78344,banana
86,94,46,27.437339,78.641211,6.139386,93.871092,banana
97,76,53,25.202929,84.137275,6.332994,98.927121,banana
111,70,54,27.632975,78.03281,5.862583,91.992161,banana
119,70,51,27.21368,84.489162,5.746,105.962605,banana
99,87,45,25.968946,77.145648,6.238151,95.674161,banana
102,75,53,29.710927,80.18493,5.852309,97.021733,banana
81,76,51,27.668085,84.440413,5.896277,110.8159,banana
99,82,47,27.274754,79.70785,6.206643,118.2192,banana
93,71,49,27.722307,76.684406,6.260465,119.547873,banana
117,74,53,28.522468,79.538466,6.040611,115.488005,banana
99,79,49,27.895649,76.890777,6.400908,110.225608,banana
105,72,51,25.604803,75.786977,6.027311,102.083566,banana
103,72,49,25.873934,84.871001,6.06115,110.623106,banana
93,72,54,26.431295,79.238082,6.149864,90.740919,banana
112,83,47,25.30804,76.624984,6.395034,110.580727,banana
89,71,51,27.862039,79.045195,5.863611,96.504428,banana
106,94,46,27.985583,79.241851,5.946689,97.624418,banana
113,82,50,26.523805,76.818085,5.58591,111.423574,banana
87,87,48,27.078874,79.691775,5.867709,93.018599,banana
92,86,51,26.431122,79.601026,5.693447,96.311162,banana
80,92,47,26.137669,77.796014,5.627408,109.177886,banana
83,73,51,26.698303,82.079478,6.057425,97.680635,banana
106,72,50,27.185741,77.678736,6.104005,116.140008,banana
119,85,49,26.126036,77.570961,5.979455,101.018331,banana
116,79,48,26.917673,83.366202,6.150788,108.425066,banana
93,90,45,29.353986,80.127499,5.89825,104.915018,banana
106,70,53,27.233698,78.429665,5.638246,103.183961,banana
99,80,51,27.104483,84.614176,6.099278,114.224338,banana
84,79,48,27.847412,83.611135,5.578338,92.177244,banana
114,75,51,27.714391,83.328936,5.625089,93.893489,banana
102,93,49,26.634711,81.066893,6.430449,115.107835,banana
119,70,46,28.047339,83.205764,5.785244,97.176333,banana
111,71,48,27.529046,80.603487,6.228615,100.645372,banana
104,84,50,28.202416,77.594492,5.584649,93.57815,banana
88,82,53,28.506467,82.890406,5.850976,102.139612,banana
95,74,45,27.95458,84.892167,5.66683,91.400545,banana
111,76,53,28.519683,84.456735,5.908927,109.859095,banana
98,85,49,25.943161,80.078974,6.028584,114.318115,banana
109,86,46,28.603081,80.003052,6.3941,117.596128,banana
82,90,45,26.835848,80.423,5.648101,112.389414,banana
80,74,50,28.571938,84.166431,6.205497,110.153378,banana
95,70,46,27.672773,81.751299,5.917448,111.92037,banana
100,71,46,29.199991,82.249127,6.394762,93.526717,banana
119,75,45,29.987115,77.810739,6.168019,95.300469,banana
103,92,48,28.35127,76.879036,6.124795,100.093511,banana
88,77,46,29.509581,78.971869,5.745279,103.452235,banana
92,88,54,27.190168,83.610334,6.065863,94.71707,banana
107,82,51,29.448437,79.404346,6.401178,112.52007,banana
99,85,48,29.917986,81.673512,5.543847,99.798657,banana
104,71,45,27.250121,78.326902,5.938299,97.880799,banana
86,87,50,26.000771,78.195894,6.091808,92.16688,banana
85,71,53,28.762046,82.533129,6.216325,110.081563,banana
99,86,45,28.107322,82.778777,6.000358,100.7254,banana
91,86,51,29.354838,78.423341,6.269772,106.840675,banana
115,83,50,27.889385,82.493154,6.46469,92.206901,banana
82,93,50,28.074515,79.824236,5.593657,113.042681,banana
109,77,48,29.189207,75.723573,6.381105,97.699851,banana
103,93,51,27.072149,81.895342,5.84398,98.317752,banana
39,30,31,30.197607,45.491608,4.577642,96.083625,mango
34,25,33,27.300839,48.667521,5.092676,93.945459,mango
16,34,27,35.30077,49.258932,6.96381,96.081168,mango
38,15,32,35.127456,46.397206,4.740315,93.491452,mango
38,25,30,28.270135,45.007895,6.52535,86.751491,mango
30,33,27,32.987456,45.786986,6.009388,88.278634,mango
33,21,29,32.394875,46.712734,6.354095,91.052807,mango
31,18,31,28.153693,49.253565,5.118015,99.967505,mango
21,32,33,28.767972,51.138459,4.719294,92.830742,mango
32,28,31,29.542868,48.780249,4.757365,99.380456,mango
27,29,27,29.919944,48.342153,4.564356,91.820957,mango
35,32,30,31.099515,45.308246,6.698011,85.260204,mango
38,24,28,35.317966,45.24391,5.953562,95.97865,mango
20,23,31,33.544181,45.007169,6.842134,88.290507,mango
20,20,25,28.107469,54.863499,5.288042,87.306022,mango
17,29,33,29.312571,45.209095,5.057725,86.130314,mango
17,23,27,31.643513,47.534938,6.851343,103.118879,mango
29,22,28,30.706671,52.275793,5.629097,102.134599,mango
38,21,30,27.855509,47.00469,5.533664,89.124054,mango
36,18,29,32.451293,51.918639,5.457673,102.381981,mango
29,23,25,31.182205,53.207358,6.036353,101.643249,mango
27,17,25,29.728976,51.979905,6.47565,90.915057,mango
27,23,29,29.082138,46.363711,4.991721,86.106648,mango
19,15,31,29.847379,54.731447,4.984293,91.916571,mango
23,15,33,27.28795,54.401798,6.730186,95.710438,mango
28,28,28,32.825001,45.447684,4.635119,94.144608,mango
28,32,26,34.403831,47.100473,5.485209,91.332049,mango
25,18,30,34.214783,49.41534,5.726534,101.975352,mango
32,24,27,34.964341,50.770204,5.052869,90.382395,mango
35,15,34,28.173165,52.960685,5.486938,94.844324,mango
37,23,30,27.443697,45.023475,5.112,98.611662,mango
18,17,29,32.830533,52.12072,4.946127,86.591763,mango
38,20,33,34.771423,52.725226,4.922084,101.436029,mango
34,26,28,29.362577,46.218892,5.774393,96.705218,mango
23,24,28,32.769055,54.012592,4.909801,92.628176,mango
18,27,32,35.387215,47.788719,6.875528,86.265253,mango
30,16,33,31.768282,51.693484,6.578935,88.006212,mango
15,32,28,28.16081,49.684612,5.995765,85.619412,mango
21,15,29,35.0559,54.826524,6.092619,88.232754,mango
37,25,26,35.29554,52.574691,6.329263,99.183614,mango
20,19,31,28.977505,49.386717,6.455005,100.67905,mango
26,30,33,32.892982,47.284259,5.185029,91.296823,mango
17,20,27,31.097959,54.084375,4.761201,99.405358,mango
32,16,34,32.11625,48.637255,6.391346,90.147309,mango
32,15,33,31.033538,51.366929,5.053095,98.541474,mango
34,24,31,31.106933,53.940914,5.744673,101.836174,mango
35,23,27,30.654739,53.262174,5.069081,95.488727,mango
35,22,31,29.210684,46.092794,6.485961,86.979372,mango
21,32,28,35.757408,54.797343,5.17069,85.819564,mango
32,24,26,33.367705,45.311749,6.675492,87.773051,mango
18,18,34,33.238524,53.013715,5.494087,91.726255,mango
20,24,30,32.685974,47.571185,6.871635,88.39517,mango
39,15,29,30.000311,49.491234,5.926661,93.711783,mango
25,29,31,34.499442,47.49959,6.023821,96.703896,mango
24,24,28,28.2766,47.138012,4.763784,98.661392,mango
31,34,32,27.468413,53.842452,6.656688,93.866406,mango
29,34,30,35.147896,45.830388,4.97763,93.815099,mango
29,31,34,30.499663,45.474156,6.502929,97.087614,mango
19,24,32,33.933706,49.996184,5.263036,104.474852,mango
31,23,27,33.579927,47.421834,4.929275,95.596678,mango
22,27,26,32.89447,47.832965,4.500607,87.538721,mango
38,32,27,34.005347,51.085716,6.927262,92.472113,mango
32,16,28,35.674359,50.389809,5.219699,87.405419,mango
32,27,28,35.558472,45.222028,5.25931,103.42139,mango
23,20,30,34.414216,46.031468,6.857552,100.901458,mango
19,29,28,30.620652,52.832901,6.906962,87.533117,mango
25,24,28,30.268702,45.522687,6.213847,93.724288,mango
19,31,33,31.377525,47.984507,6.095232,90.763043,mango
20,29,25,27.852916,45.067882,4.882358,86.3798,mango
39,20,26,29.168966,54.361256,5.800401,92.296362,mango
36,22,28,28.865543,48.777968,5.291711,98.546079,mango
22,26,25,28.721602,49.074053,6.842373,92.54504,mango
31,20,26,27.526829,48.054135,4.894153,88.480209,mango
34,15,30,30.415152,50.0655,5.907076,91.267354,mango
22,29,33,28.733235,45.976188,6.74449,91.997909,mango
28,22,26,32.303985,50.251409,5.007484,94.037381,mango
34,26,25,31.932193,52.027383,6.481759,97.582352,mango
18,29,31,27.219842,49.117477,5.332376,98.388241,mango
20,26,34,34.180221,54.214577,6.946265,85.213403,mango
30,23,33,29.266332,54.810295,6.03427,100.870748,mango
17,18,32,27.197879,53.16878,4.534873,98.142377,mango
24,27,31,30.082277,46.079624,4.674115,96.77872,mango
28,29,30,30.802012,48.980872,4.566117,91.711144,mango
39,32,28,32.290159,53.472967,5.603186,85.359157,mango
16,25,34,33.238886,45.709162,4.973402,100.426463,mango
36,27,31,27.255037,53.285303,6.470688,90.180703,mango
32,19,25,28.810229,46.786289,5.34437,93.36899,mango
27,24,27,27.262536,51.051016,5.489362,90.973443,mango
36,29,33,31.454845,46.309313,6.240554,89.121476,mango
26,16,33,28.133466,54.030975,6.660577,94.291655,mango
33,27,33,30.886246,52.858085,5.656142,103.819316,mango
27,24,32,34.394199,50.544891,4.949495,94.355165,mango
39,30,33,27.295429,49.678595,6.116553,101.600654,mango
16,32,30,28.775826,48.172552,5.204824,95.617181,mango
16,18,33,28.193436,47.333963,5.633427,95.342418,mango
34,23,32,32.565117,46.130997,4.890829,93.740675,mango
24,29,30,30.493198,46.707603,5.067093,96.51002,mango
25,25,26,32.966156,53.525387,5.144849,94.830285,mango
39,21,30,27.811761,51.06015,4.724079,104.184709,mango
32,30,32,32.307561,49.499128,6.645933,104.136713,mango
27,143,200,26.305062,82.272414,5.709288,65.037197,grapes
21,132,198,23.248498,84.903241,5.850272,69.521829,grapes
18,121,202,27.403228,83.803524,5.649863,70.718288,grapes
21,125,195,12.431585,81.546341,5.616879,74.858584,grapes
22,123,196,27.98191,80.320218,6.362434,74.614997,grapes
21,131,195,29.784148,82.06963,5.770058,67.068371,grapes
31,130,196,31.429709,82.825361,6.358672,66.174759,grapes
34,136,196,31.623905,82.207736,6.444985,66.416114,grapes
31,129,204,19.219146,84.81093,6.401486,67.703832,grapes
35,144,197,22.850424,82.600904,5.794931,65.152648,grapes
20,127,199,13.817484,84.366272,6.204911,65.852005,grapes
31,136,204,8.10271,81.239662,6.427791,74.321339,grapes
33,139,195,25.471778,81.157915,5.681218,73.103033,grapes
18,131,204,14.31829,84.889967,6.494288,70.556172,grapes
19,127,199,18.517024,81.403178,6.47223,66.533648,grapes
33,120,200,39.142062,81.43967,5.685526,71.516798,grapes
32,137,198,16.574882,84.779594,6.4233,69.573166,grapes
36,131,199,13.32994,82.13203,6.037417,65.225043,grapes
26,139,201,29.595338,84.547777,5.518032,70.570476,grapes
34,133,198,12.632519,84.437815,5.970762,73.781152,grapes
29,136,203,30.411289,81.990274,6.013633,73.030455,grapes
24,129,195,39.095871,80.455182,6.148209,69.131945,grapes
25,136,195,28.185997,83.860159,6.328213,66.705304,grapes
37,136,203,24.499544,82.710167,6.419038,73.999095,grapes
26,126,198,21.183987,81.434334,5.76858,73.610629,grapes
16,136,196,19.7132,80.307715,5.769974,72.684211,grapes
37,125,199,23.991018,84.367877,6.262799,70.130772,grapes
31,141,195,21.698261,84.536216,6.240313,70.428414,grapes
28,128,200,30.283029,82.091815,6.214153,73.612322,grapes
18,131,199,31.373803,81.249337,6.140251,73.774892,grapes
25,142,204,11.60713,81.165266,6.45038,74.583277,grapes
17,120,196,41.864435,80.899998,6.002548,73.484177,grapes
15,135,197,37.319387,81.417306,6.186756,71.742196,grapes
20,120,199,17.832567,84.044889,6.300364,69.57024,grapes
30,135,203,22.450082,81.377233,5.765035,70.361923,grapes
26,131,195,32.432527,81.068683,5.696954,69.127583,grapes
20,134,198,23.262999,82.685847,5.703536,66.557516,grapes
37,130,199,9.210813,82.489882,6.05417,70.588409,grapes
32,124,197,35.564836,84.735853,5.635933,69.976496,grapes
20,121,198,12.885379,83.549665,6.033725,66.438345,grapes
15,140,196,28.611366,81.68461,6.085486,68.156536,grapes
17,125,196,22.552658,83.291419,5.763806,65.120699,grapes
27,135,204,28.042007,82.355863,6.073402,74.279006,grapes
35,128,197,16.929543,82.522105,6.244049,70.032192,grapes
16,138,203,17.842927,83.320629,5.926592,73.891194,grapes
36,133,201,38.03389,82.478585,5.813251,72.536661,grapes
20,129,203,32.63036,82.019055,5.714745,68.559684,grapes
22,124,202,16.570376,82.270837,5.885859,74.820774,grapes
24,121,195,28.085627,82.996818,5.918759,69.318437,grapes
16,132,200,13.084677,80.519197,5.623572,66.010282,grapes
30,124,197,13.901453,84.789177,6.354617,67.304948,grapes
23,125,199,8.666758,83.35684,6.023158,73.986389,grapes
19,140,202,12.32416,81.992796,5.670153,67.547205,grapes
21,133,199,40.222915,80.631851,6.473692,67.306386,grapes
34,128,196,37.168232,81.544304,6.158855,70.664437,grapes
26,132,202,10.984279,83.340903,6.395812,65.577882,grapes
18,137,199,21.720653,80.684833,6.00677,66.265453,grapes
26,139,197,24.34673,84.96008,6.18665,73.413568,grapes
25,139,195,12.17898,81.015353,5.901952,73.457449,grapes
23,136,202,27.9302,81.78621,6.077053,68.422656,grapes
17,144,196,10.459845,84.392654,5.801835,71.50297,grapes
23,129,197,19.663496,82.053502,6.220416,70.115362,grapes
38,121,200,27.863643,84.600985,5.549159,70.734996,grapes
36,126,203,8.647476,83.662273,6.433113,71.571977,grapes
25,121,204,23.990072,80.144984,6.189821,69.818373,grapes
18,125,195,27.52598,83.110147,6.005742,73.171021,grapes
36,135,195,31.637808,82.089996,6.065557,71.490806,grapes
23,142,196,30.831401,80.021798,6.424651,66.125041,grapes
17,128,198,15.286202,82.925608,5.942914,65.341756,grapes
22,140,201,32.645609,83.490585,5.810973,65.996639,grapes
21,140,204,24.790799,80.048502,5.640045,68.220806,grapes
29,121,204,20.412845,84.562921,6.280522,72.554373,grapes
30,135,201,29.376527,82.768641,6.486414,72.322906,grapes
34,141,197,10.849341,82.414472,6.014081,73.291818,grapes
26,134,200,9.298895,83.076074,6.328043,66.575005,grapes
29,134,196,12.197762,84.90026,5.893719,67.274217,grapes
19,136,201,29.880772,80.44003,6.393535,68.892664,grapes
22,131,198,37.361618,84.646305,5.803453,73.639358,grapes
34,143,197,27.616611,81.372723,6.324094,65.053242,grapes
29,128,198,29.926815,84.257422,6.109195,73.53173,grapes
21,132,199,8.395927,82.784061,6.161524,70.919144,grapes
33,134,195,11.959148,82.982373,5.774979,65.796451,grapes
25,133,198,32.494746,83.218853,5.832818,72.548725,grapes
31,135,200,8.387249,83.482536,5.876042,74.426097,grapes
35,134,197,14.926391,81.701924,5.976568,67.960655,grapes
27,124,204,11.669435,84.659721,6.413578,70.253605,grapes
33,130,201,19.579582,81.505795,6.07823,69.981297,grapes
29,127,198,10.852531,80.261382,5.753457,65.742469,grapes
17,140,195,30.404055,81.362789,6.371546,69.849923,grapes
22,132,198,27.186236,80.572664,6.496991,69.255559,grapes
23,137,198,36.331326,82.271354,6.219558,66.074532,grapes
36,138,197,12.939724,81.581462,6.476071,67.568316,grapes
26,120,198,27.424881,84.765623,6.016736,73.191073,grapes
28,121,198,27.568683,84.75297,6.35913,67.283556,grapes
20,125,204,36.990649,83.874417,5.892735,70.043807,grapes
26,126,200,9.036883,80.659052,6.38659,72.516798,grapes
25,132,198,33.186515,83.920936,6.263285,72.226117,grapes
20,128,199,19.246962,83.774701,5.829354,66.382321,grapes
24,144,197,28.813394,82.164865,5.571025,69.878766,grapes
32,132,203,17.823859,80.431246,6.436566,68.781963,grapes
103,24,48,26.148494,81.354188,6.291294,42.894213,watermelon
112,10,52,26.829895,85.277722,6.540029,49.220671,watermelon
93,16,51,26.957975,89.377646,6.862153,57.782611,watermelon
98,21,53,25.178852,89.617625,6.415786,52.021653,watermelon
108,28,47,26.238393,85.208156,6.268557,55.532137,watermelon
102,21,48,25.443822,86.173543,6.404911,43.967451,watermelon
118,17,52,25.233142,83.551318,6.407164,48.183933,watermelon
101,18,49,24.404357,84.960755,6.169104,42.522716,watermelon
117,20,51,25.205381,89.089809,6.63793,55.383397,watermelon
94,29,53,26.561845,81.721943,6.270963,45.712532,watermelon
90,26,45,24.2283,82.739149,6.199873,44.637192,watermelon
111,19,45,25.287968,84.078849,6.113945,53.522836,watermelon
108,23,52,24.000158,89.539208,6.814209,58.079634,watermelon
80,28,53,26.511657,80.932874,6.738778,59.198334,watermelon
107,19,54,25.328811,85.992936,6.476338,58.656924,watermelon
83,17,51,26.37572,85.830186,6.908918,58.839829,watermelon
82,15,45,24.98825,85.368682,6.910795,56.931086,watermelon
85,7,50,25.596354,82.663776,6.899453,58.547328,watermelon
96,27,48,26.21045,84.759422,6.122583,58.558684,watermelon
98,23,48,24.056643,81.005304,6.496219,53.799287,watermelon
93,22,51,26.111808,84.925219,6.914886,49.78393,watermelon
98,9,48,24.127003,86.335353,6.248536,46.083105,watermelon
110,13,47,24.507173,87.748584,6.129706,49.075075,watermelon
100,22,51,26.432162,80.447514,6.296441,45.602682,watermelon
85,12,48,25.565653,86.637045,6.381101,54.389405,watermelon
93,12,50,24.071149,80.797891,6.41797,58.858254,watermelon
108,7,53,26.196902,86.109465,6.820293,48.082197,watermelon
88,17,50,25.614979,85.650738,6.948705,58.044912,watermelon
115,25,54,24.295484,82.651233,6.495056,56.93069,watermelon
100,23,46,24.757241,87.317761,6.164734,47.027119,watermelon
90,13,52,25.103542,85.552633,6.099932,56.100354,watermelon
94,21,52,24.628983,88.84675,6.616224,48.574503,watermelon
87,28,52,24.624074,83.377108,6.809674,53.913553,watermelon
110,16,52,25.159481,82.112629,6.632677,59.520279,watermelon
92,16,51,25.624519,88.434278,6.761743,41.165944,watermelon
119,23,53,25.953593,88.562851,6.112383,46.954757,watermelon
115,10,45,26.364357,88.354862,6.162652,57.08692,watermelon
107,18,53,25.257748,81.93994,6.284853,50.10328,watermelon
101,25,52,25.7441,87.807855,6.191773,41.001291,watermelon
114,6,47,26.085957,84.094479,6.876314,45.959596,watermelon
80,12,50,25.127815,85.348728,6.876598,58.249701,watermelon
90,16,50,26.847337,89.986173,6.235407,54.539597,watermelon
95,5,45,25.381698,84.883349,6.02257,53.738548,watermelon
91,18,48,24.501403,84.071737,6.232273,50.69602,watermelon
87,17,46,26.012924,87.539377,6.110394,49.356048,watermelon
82,19,47,25.582873,85.17461,6.924354,50.981664,watermelon
103,15,54,26.331558,82.854053,6.84421,48.647927,watermelon
113,25,46,26.103423,82.90643,6.297493,45.926962,watermelon
109,10,45,26.145711,81.711847,6.104482,44.750322,watermelon
95,16,45,26.91172,87.160631,6.323194,46.373945,watermelon
97,20,46,24.566789,88.594346,6.256255,47.6039,watermelon
114,21,48,26.051099,80.196832,6.735643,49.740321,watermelon
112,28,54,26.727795,85.1217,6.360142,49.300706,watermelon
107,27,47,26.754579,88.151802,6.978856,57.605035,watermelon
91,7,46,24.87367,86.141837,6.80432,57.985006,watermelon
104,5,46,24.299179,83.633245,6.501351,40.867944,watermelon
93,9,51,25.392817,84.953176,6.427692,59.120394,watermelon
88,17,52,25.670533,89.290209,6.377968,49.273516,watermelon
83,20,47,24.480927,85.445313,6.53231,41.517433,watermelon
107,20,46,25.408305,87.203229,6.529436,47.909782,watermelon
92,20,54,26.015235,80.747459,6.460685,57.816483,watermelon
83,29,54,24.234823,89.334133,6.363133,56.894183,watermelon
96,16,51,26.323432,80.337892,6.593156,43.73466,watermelon
93,13,49,25.002409,81.073611,6.145629,40.66876,watermelon
98,28,46,26.838793,87.333615,6.637499,52.905555,watermelon
113,7,50,26.091273,85.868204,6.832779,41.445434,watermelon
107,18,48,25.020825,86.208326,6.890995,49.923519,watermelon
112,15,46,24.184517,80.513344,6.38015,46.744755,watermelon
108,23,45,24.66337,82.742619,6.547612,42.890304,watermelon
85,28,53,24.541965,84.065678,6.355622,55.820081,watermelon
100,8,52,25.190664,82.629242,6.375499,49.955131,watermelon
93,11,48,24.057519,87.724978,6.170945,40.878092,watermelon
106,24,53,25.480528,82.053682,6.737228,53.994262,watermelon
89,27,46,26.948065,88.602478,6.687899,58.774998,watermelon
108,9,49,24.214509,83.896574,6.741603,47.728867,watermelon
93,19,53,24.14275,83.854704,6.158241,53.907085,watermelon
84,21,47,24.59675,89.363526,6.018525,48.755545,watermelon
80,17,50,24.964987,81.321618,6.376388,53.445259,watermelon
111,18,50,24.601849,82.873303,6.161896,44.985907,watermelon
88,17,50,26.834842,81.955706,6.641676,56.345185,watermelon
102,11,47,24.117759,83.054442,6.744604,40.950355,watermelon
88,22,52,25.365955,86.980743,6.387952,43.198265,watermelon
95,19,54,24.206253,85.073941,6.32892,50.166234,watermelon
80,12,53,25.661825,84.505825,6.285525,45.96085,watermelon
95,25,54,25.315966,83.933528,6.846551,48.538106,watermelon
102,10,52,25.595965,88.090346,6.780733,44.300095,watermelon
108,25,48,24.517827,80.026322,6.450904,47.048655,watermelon
102,9,53,24.773266,82.264296,6.480714,49.97702,watermelon
88,11,46,26.155381,87.70089,6.462328,54.28174,watermelon
109,8,54,26.463096,82.044835,6.186165,42.513223,watermelon
85,23,49,26.348803,87.462549,6.604613,53.727332,watermelon
80,12,51,24.028035,80.329769,6.851888,53.680497,watermelon
90,22,52,24.920383,80.360374,6.932779,46.903597,watermelon
84,17,52,24.664942,82.694901,6.242715,59.833461,watermelon
87,19,54,24.44069,89.708542,6.947477,57.69144,watermelon
88,20,52,26.958084,81.804238,6.766026,46.776023,watermelon
87,15,52,25.394549,85.375231,6.995159,47.982186,watermelon
104,14,48,26.086922,89.37887,6.542359,55.367999,watermelon
83,10,50,24.060035,82.52855,6.517401,40.299224,watermelon
90,17,50,26.777255,86.453456,6.414736,58.607024,watermelon
111,10,46,29.027435,92.799416,6.631739,27.388051,muskmelon
105,29,50,27.339317,94.141368,6.201483,27.773021,muskmelon
118,22,50,28.381159,91.822049,6.282404,26.363727,muskmelon
110,21,46,28.481962,93.9582,6.380563,25.366233,muskmelon
110,21,49,29.686238,90.812835,6.796413,21.188526,muskmelon
80,27,47,29.189099,94.055077,6.687189,29.915942,muskmelon
91,22,46,28.220428,94.239858,6.294126,25.910954,muskmelon
100,21,54,27.167207,92.869808,6.690423,24.813827,muskmelon
83,19,48,27.464825,94.245173,6.41728,29.332764,muskmelon
112,22,45,28.28347,90.987431,6.728638,21.74584,muskmelon
91,17,47,27.629594,92.995497,6.071144,20.581678,muskmelon
94,23,50,28.268629,92.828758,6.292361,29.361463,muskmelon
82,21,53,29.411654,90.920205,6.236741,27.170479,muskmelon
83,25,52,29.18882,90.501207,6.574208,26.798181,muskmelon
113,6,45,28.119021,90.743941,6.446708,29.173489,muskmelon
95,26,45,27.505544,90.152118,6.262518,29.081896,muskmelon
83,20,49,29.815405,90.612596,6.169622,20.29542,muskmelon
97,11,53,28.814822,93.070454,6.425529,20.918503,muskmelon
97,29,53,29.680377,94.116132,6.082433,22.274483,muskmelon
80,12,46,28.41838,93.385637,6.699604,27.492172,muskmelon
117,6,45,28.984014,91.446762,6.202801,23.308871,muskmelon
90,17,49,28.537286,93.363568,6.309704,22.513077,muskmelon
86,13,52,29.270115,93.334527,6.187223,25.880862,muskmelon
102,17,50,28.475372,92.827282,6.572405,21.096282,muskmelon
109,8,45,29.928239,94.784959,6.048349,24.432534,muskmelon
87,17,53,29.851835,93.171263,6.283125,26.033256,muskmelon
92,27,53,28.674695,91.623995,6.234712,20.33418,muskmelon
112,16,48,28.413331,94.09369,6.099691,28.57656,muskmelon
115,28,48,27.651421,91.868204,6.26633,21.761539,muskmelon
104,16,53,27.096329,93.21934,6.610359,27.594866,muskmelon
115,23,54,27.99797,92.516047,6.011264,20.069576,muskmelon
89,7,47,27.53113,90.1426,6.727443,20.082231,muskmelon
109,8,54,29.678388,93.269506,6.537787,20.053391,muskmelon
119,26,53,28.977734,91.723935,6.714919,22.915169,muskmelon
102,7,54,27.422311,91.124484,6.446507,27.64093,muskmelon
104,10,45,29.271452,94.926037,6.64793,24.602066,muskmelon
116,15,50,28.431389,92.238119,6.620153,25.267689,muskmelon
92,11,45,28.749585,91.149807,6.118507,26.5383,muskmelon
107,23,50,29.682164,94.681714,6.645897,26.355935,muskmelon
92,29,47,27.607971,92.210771,6.045472,29.784945,muskmelon
103,18,51,28.491071,90.160318,6.489849,27.161739,muskmelon
96,23,47,27.66383,90.807085,6.297596,28.47012,muskmelon
113,14,50,29.162449,91.206034,6.134513,29.72096,muskmelon
104,29,48,29.109095,91.113018,6.20896,25.119021,muskmelon
92,9,47,27.107245,93.522118,6.393693,20.942431,muskmelon
86,7,51,27.282631,93.771412,6.016409,22.493758,muskmelon
115,22,45,29.463378,92.465176,6.677426,26.007398,muskmelon
107,29,47,28.871837,92.301607,6.031562,20.144706,muskmelon
84,21,50,28.660289,90.159284,6.375442,29.246228,muskmelon
95,20,52,29.351776,92.5964,6.686362,23.913781,muskmelon
115,11,47,27.159362,93.977909,6.333644,22.291166,muskmelon
89,27,53,28.660593,93.080554,6.37946,23.916665,muskmelon
116,8,49,28.033686,92.490754,6.366105,25.188895,muskmelon
85,17,47,27.552994,90.324171,6.610122,24.274419,muskmelon
105,23,51,28.411502,91.939493,6.300768,26.400488,muskmelon
99,26,53,27.511681,90.681168,6.504321,23.012257,muskmelon
80,27,47,29.787842,93.587172,6.610123,22.014615,muskmelon
89,18,46,27.916295,91.607312,6.127704,22.051828,muskmelon
111,9,45,28.888065,94.879916,6.264971,21.186557,muskmelon
102,27,52,28.867548,91.575282,6.433504,20.912448,muskmelon
107,23,54,27.781192,90.092282,6.436487,27.067905,muskmelon
111,9,47,28.537773,91.653004,6.688409,24.737602,muskmelon
111,19,52,27.998019,94.157083,6.219658,25.460988,muskmelon
88,16,48,27.80011,94.834925,6.128059,27.873258,muskmelon
119,5,51,27.758735,90.202439,6.322312,29.352178,muskmelon
80,19,50,29.620152,90.420009,6.545221,26.801097,muskmelon
106,28,53,27.125918,92.355414,6.318362,23.101472,muskmelon
98,14,49,29.937786,90.443165,6.737785,24.802367,muskmelon
104,25,48,28.291266,92.047592,6.299785,29.255293,muskmelon
113,7,46,28.283609,90.493287,6.495274,21.436916,muskmelon
100,5,48,29.031572,92.420195,6.782616,28.741038,muskmelon
94,6,53,29.733703,94.103137,6.10236,29.979151,muskmelon
90,23,54,27.707061,94.541293,6.247585,29.764132,muskmelon
91,28,45,29.127816,92.660556,6.382302,22.234943,muskmelon
108,9,50,27.759736,94.778107,6.022905,21.997283,muskmelon
89,15,47,28.474047,94.362328,6.569651,25.79962,muskmelon
83,22,46,29.359102,91.250284,6.333639,23.504702,muskmelon
114,8,50,27.426185,93.523979,6.724063,24.346077,muskmelon
99,28,50,28.462795,92.891646,6.551384,21.068834,muskmelon
112,15,45,29.358548,91.88475,6.080294,26.33779,muskmelon
115,27,54,29.603116,90.010705,6.304193,28.185426,muskmelon
94,20,51,28.095076,94.52237,6.402583,24.647842,muskmelon
119,17,46,28.539208,94.070084,6.621488,27.885818,muskmelon
108,11,53,29.68033,90.970763,6.104365,29.75605,muskmelon
114,27,53,28.62506,93.232009,6.43629,20.512063,muskmelon
109,17,51,28.507919,92.459057,6.137431,22.787137,muskmelon
86,9,54,27.45934,91.346352,6.472472,26.101786,muskmelon
86,24,52,27.711953,91.443332,6.75039,28.256714,muskmelon
107,7,49,28.677906,90.937056,6.358581,26.010259,muskmelon
93,24,53,27.970828,94.193286,6.082861,28.377291,muskmelon
86,7,51,28.415812,94.539453,6.290551,22.871523,muskmelon
100,16,48,29.081224,93.797809,6.682387,29.728566,muskmelon
90,22,48,29.031246,92.379908,6.795018,27.289021,muskmelon
118,25,54,29.443258,92.295796,6.201431,23.703202,muskmelon
80,18,50,28.575751,94.870156,6.729163,21.617128,muskmelon
94,15,48,29.395488,92.620188,6.45768,28.530136,muskmelon
112,8,52,28.306308,91.473245,6.040015,24.872496,muskmelon
94,11,51,29.308456,91.223948,6.039558,28.487527,muskmelon
80,28,51,27.96554,91.23239,6.007205,22.354714,muskmelon
85,20,46,28.58589,92.950582,6.238433,20.350649,muskmelon
15,120,202,21.954029,93.981501,5.931733,111.324953,apple
27,137,197,21.364762,92.780287,5.826978,111.062283,apple
31,132,201,22.6326,93.698982,6.205937,113.354747,apple
31,141,199,22.238289,93.821228,6.082554,101.77517,apple
37,120,202,23.276382,94.765555,5.554134,114.921422,apple
25,128,195,22.687962,92.395204,5.604554,115.312238,apple
33,139,204,22.228412,94.765364,6.365429,107.412539,apple
18,130,199,22.727158,92.916931,6.249987,112.747249,apple
17,141,198,23.913892,90.589301,6.458251,102.275295,apple
20,121,202,23.550896,92.170355,6.428522,114.757477,apple
30,141,197,22.062797,94.52976,6.400963,124.412069,apple
37,123,203,22.229515,94.954007,5.972281,113.845902,apple
28,128,195,23.686954,94.013379,5.639527,119.419207,apple
30,130,197,23.579186,93.500941,6.04774,115.239213,apple
17,131,196,21.625151,93.30652,6.411256,110.093915,apple
20,136,203,23.244956,94.343786,6.036555,118.796906,apple
18,128,198,22.533887,94.645382,6.374297,103.363137,apple
19,128,197,22.844313,94.51388,6.462292,116.340074,apple
35,133,197,22.574065,92.775413,6.242458,105.497075,apple
24,129,204,22.331835,93.77547,6.250811,106.638605,apple
29,142,199,23.835353,91.072291,5.574159,122.286347,apple
36,144,201,23.810064,94.134745,6.344426,114.228539,apple
24,143,199,22.616458,92.230572,6.064818,111.762627,apple
16,142,199,22.766831,90.695939,5.503388,106.132252,apple
32,122,204,21.645068,91.022968,5.681508,100.349543,apple
34,141,201,21.5646,91.42639,5.975927,123.858649,apple
21,138,199,21.893542,92.27958,5.571207,119.967184,apple
21,138,195,23.865296,90.965075,6.382742,120.23683,apple
39,131,202,22.112132,90.921841,5.943076,104.143725,apple
39,122,200,22.879392,92.690398,6.162186,102.904519,apple
28,127,204,23.286215,94.862572,5.537556,107.128329,apple
19,120,197,23.036328,91.155445,6.009003,122.195453,apple
32,129,198,22.367207,90.885207,6.134001,109.10382,apple
36,138,201,22.092607,91.049659,6.276152,112.160227,apple
20,124,196,23.331484,91.144936,6.026642,111.288659,apple
29,141,203,22.353228,90.076831,5.926444,115.154838,apple
28,136,196,22.939605,90.913258,6.250524,108.47719,apple
32,121,199,23.115104,91.134353,6.295287,115.769493,apple
29,128,199,22.792048,92.362311,6.198313,110.842423,apple
20,125,195,21.902873,93.744588,6.294163,105.061689,apple
38,132,204,23.120296,93.612167,5.585044,105.499778,apple
15,137,198,23.359958,91.694681,6.319334,103.267456,apple
19,128,199,22.046108,93.818235,5.596951,108.780425,apple
35,121,204,23.958951,90.442841,5.791273,109.310017,apple
34,134,201,23.272529,90.589895,6.333209,117.640495,apple
29,142,202,21.6051,92.148727,5.994043,101.380441,apple
38,123,201,22.518693,90.128161,6.424747,121.29592,apple
28,125,196,22.090177,91.277141,6.006691,124.160232,apple
29,142,201,22.42574,94.273038,5.971368,121.715704,apple
22,123,203,22.762245,94.445462,6.437827,101.34071,apple
27,129,201,23.380774,91.402951,6.056798,117.718214,apple
18,140,201,23.848612,91.697645,5.608146,112.66253,apple
17,144,195,23.260512,92.625512,5.868621,101.646054,apple
30,134,197,23.730665,91.52055,5.949725,113.594061,apple
17,143,198,21.242338,91.936456,6.100203,112.841317,apple
32,121,197,23.457692,90.399468,6.355486,102.297402,apple
35,129,201,21.458661,90.330844,5.715938,103.196345,apple
22,132,200,23.369604,93.281199,6.108758,110.294551,apple
26,130,203,21.690001,90.028605,6.15132,105.061555,apple
37,141,195,21.319165,92.475858,6.109223,106.872708,apple
32,134,198,21.076114,93.750751,5.714754,120.861844,apple
25,134,203,23.590869,91.857598,5.708889,119.378652,apple
25,124,204,21.594313,90.129036,5.52028,115.557884,apple
31,127,198,22.018482,93.400793,5.558134,123.227909,apple
20,144,196,23.314639,91.117063,5.580847,121.873333,apple
36,130,202,22.671198,94.264781,5.815056,113.09181,apple
27,128,203,21.497634,90.747543,6.07691,116.437356,apple
19,129,204,21.739852,93.341804,6.240149,111.203217,apple
38,138,199,22.708006,93.463067,6.09219,121.96744,apple
23,127,197,21.113349,90.21507,6.370055,116.959829,apple
31,135,203,22.440801,94.352054,5.859445,123.167688,apple
32,126,200,22.599092,90.689494,6.091243,107.869641,apple
16,143,201,23.630757,93.38028,5.856984,112.817202,apple
31,144,197,23.624931,94.620389,6.170416,123.281666,apple
24,143,202,21.126017,94.534364,5.984473,111.508175,apple
29,123,199,23.493382,90.077412,5.772917,100.061365,apple
25,138,202,23.835569,93.042523,5.754627,123.103699,apple
34,134,201,23.772949,93.56197,5.868375,117.825705,apple
16,129,199,21.500515,90.115427,5.633381,116.365537,apple
35,144,198,22.798138,94.685725,5.667042,117.94114,apple
33,122,203,23.439315,90.167015,5.591084,101.228172,apple
23,132,200,21.803,94.557984,5.868263,101.138754,apple
22,133,199,21.821528,90.656616,6.319165,124.903631,apple
23,129,201,23.155324,91.960148,6.40493,114.0001,apple
26,136,204,23.383657,90.200066,5.83231,111.763617,apple
22,137,203,23.194035,94.946666,5.772548,121.874737,apple
34,129,202,21.312228,93.946667,6.032331,107.307254,apple
31,136,197,21.091192,92.168113,6.069512,121.915132,apple
38,133,202,22.31791,93.730411,5.704802,109.276618,apple
30,120,202,23.506607,91.995708,5.947942,121.282055,apple
34,127,198,23.036635,92.81599,5.66223,107.748248,apple
37,137,204,23.301038,94.709872,5.716189,119.287122,apple
15,136,199,22.04028,94.312022,6.354268,100.557543,apple
30,129,199,23.496122,91.549199,6.443049,104.490846,apple
31,136,197,21.974252,94.173992,6.261805,108.227397,apple
28,121,197,22.457462,90.429869,6.343332,117.950155,apple
38,137,204,22.663538,93.001093,6.476971,116.053229,apple
15,138,204,23.386741,92.919166,6.171304,124.754795,apple
17,136,197,22.920271,93.038118,5.653457,105.168666,apple
30,123,197,23.505737,91.635458,5.98806,123.528508,apple
20,14,11,30.106779,94.508267,7.739399,115.532801,orange
20,5,8,17.830977,93.551938,7.256148,100.879433,orange
35,11,9,28.358675,92.147094,6.838447,101.31256,orange
25,24,14,23.269943,92.117929,7.334992,118.85544,orange
21,16,12,27.193871,90.552932,7.192692,103.734926,orange
27,18,13,24.249885,91.397212,6.438836,117.485038,orange
19,15,6,30.466081,92.371863,6.667173,107.221993,orange
36,18,12,32.94077,94.508708,6.624167,119.049025,orange
15,14,13,20.492738,91.365407,6.574982,112.246268,orange
25,23,13,28.483987,91.022334,7.772096,105.289857,orange
18,7,10,17.275249,90.693879,6.570058,105.63306,orange
30,25,12,20.249689,91.226552,7.835004,100.164725,orange
36,9,14,21.846146,92.201759,7.343529,111.753381,orange
22,18,12,15.846699,90.055997,6.870327,102.636732,orange
31,10,9,18.953419,92.742418,6.220502,100.462137,orange
16,28,6,29.169565,90.339631,6.205505,110.177525,orange
26,28,14,30.592173,93.010509,6.864425,107.123571,orange
38,20,10,19.638022,90.233489,7.795858,106.274705,orange
26,7,13,15.552637,94.169954,6.266542,117.731282,orange
33,9,10,21.253126,90.891165,7.632446,108.070455,orange
24,9,8,32.432337,91.815644,7.808047,118.926178,orange
18,9,13,22.855218,90.02187,6.520356,111.95258,orange
34,8,6,33.441853,93.755742,7.120581,115.383736,orange
25,23,8,19.881891,93.645067,6.797377,119.627542,orange
23,28,14,19.837059,93.991106,6.822842,118.350495,orange
26,23,9,19.556015,90.996751,6.808319,115.109893,orange
30,22,7,24.628707,90.221976,7.553312,119.797843,orange
25,5,6,28.050538,93.060397,7.496943,105.07768,orange
34,22,8,25.909763,90.736369,6.859873,117.623947,orange
25,25,10,18.837534,92.905531,6.961368,107.972827,orange
17,15,5,16.975381,92.079583,6.580225,118.510887,orange
24,23,10,29.081713,91.30058,7.789619,110.60177,orange
35,14,6,28.474233,90.038798,6.903057,103.856038,orange
30,29,9,31.349965,92.538921,6.942096,118.60847,orange
37,24,7,25.900168,91.119486,6.843442,109.684261,orange
35,27,9,15.354089,94.308869,6.331129,112.437639,orange
15,14,14,17.013872,92.118466,6.583585,118.101762,orange
36,10,5,27.542768,91.681844,7.27696,100.642395,orange
18,22,7,32.151754,90.292954,6.409416,119.971205,orange
25,22,6,27.197375,93.63053,6.597506,116.577942,orange
30,14,10,26.535217,90.827676,6.765192,106.868612,orange
25,24,9,33.806323,91.468382,6.789837,115.739136,orange
28,18,5,22.971993,91.353669,7.898737,106.167101,orange
37,21,8,25.870688,94.202679,7.6784,103.207878,orange
23,13,5,26.964755,94.2741,6.724991,114.800719,orange
30,14,6,29.186477,94.272826,7.303124,100.35757,orange
20,6,10,30.129554,90.552896,7.592842,111.11018,orange
32,29,5,33.02448,90.630513,6.746622,117.028774,orange
37,17,10,29.162947,94.163793,6.230871,116.201386,orange
27,16,9,25.184232,94.725253,7.041587,119.063551,orange
19,23,13,28.582577,93.034611,7.073144,117.21861,orange
35,8,13,23.281372,91.268484,7.65256,108.640496,orange
35,11,5,24.909184,90.501141,7.433314,105.521503,orange
26,7,7,30.629805,90.75794,7.229603,118.348517,orange
31,25,6,20.014637,94.472694,7.358701,112.791077,orange
31,15,5,30.688831,93.393566,6.898328,117.995192,orange
23,12,13,30.939753,92.574899,6.248396,104.301429,orange
31,14,13,33.9991,94.028185,6.717336,115.773729,orange
23,9,5,22.714334,94.517797,6.454075,104.130263,orange
39,5,12,21.427399,90.18744,7.743825,102.792847,orange
28,11,5,15.99845,90.577783,6.135597,115.211162,orange
27,13,9,33.578935,94.553759,7.359785,117.693648,orange
22,14,11,27.472519,92.408499,6.76125,119.723606,orange
35,15,12,20.391234,90.500847,6.669619,108.059456,orange
15,25,8,26.608363,90.369816,6.332494,117.793875,orange
30,28,14,22.437202,91.494015,7.630877,119.972229,orange
30,24,12,22.106794,92.871352,7.582808,113.762278,orange
15,13,6,19.659444,94.527447,6.070097,104.396014,orange
22,20,10,19.36539,90.821205,6.449916,110.050593,orange
21,28,9,16.17592,93.646332,6.624806,113.069779,orange
21,19,12,33.560175,91.305636,6.636228,109.285328,orange
38,27,5,17.638597,92.477546,6.202577,106.911617,orange
18,20,14,34.934675,91.876206,7.138124,117.125353,orange
17,22,9,19.122923,92.013768,6.144325,113.908143,orange
21,12,6,32.293182,92.467221,7.087079,111.388654,orange
25,9,12,17.541125,90.519369,7.349276,104.17674,orange
22,16,9,29.171583,93.117159,7.224353,114.281087,orange
22,13,9,21.149243,94.924689,7.546699,103.293094,orange
15,6,7,17.285826,92.666691,7.630191,114.735004,orange
20,14,10,31.204117,94.195608,7.728465,110.184905,orange
32,7,10,19.973836,92.158584,7.204696,105.139719,orange
16,5,5,15.166995,90.551775,6.455029,104.42443,orange
39,12,6,25.911251,94.289787,7.288315,105.921642,orange
29,22,12,28.330769,94.354052,7.6532,111.578731,orange
25,21,13,15.113042,94.959985,6.347498,109.40498,orange
36,10,9,17.651644,91.975382,6.336557,107.272555,orange
24,29,14,17.295726,93.629844,6.098316,100.60384,orange
17,29,14,18.878556,90.808362,6.457017,110.31094,orange
29,10,12,21.191063,94.610657,7.247773,108.727024,orange
34,25,7,21.794291,94.679776,6.313008,100.843008,orange
26,25,12,33.390613,92.666003,6.190123,111.773779,orange
34,7,6,15.245813,92.968263,7.684795,113.413266,orange
39,6,14,31.281366,91.571208,7.8497,105.758755,orange
37,27,12,26.269409,90.600014,7.010746,107.135925,orange
34,23,14,15.296603,94.045516,7.783078,115.786009,orange
18,7,5,27.574905,93.148363,7.875136,107.960863,orange
23,20,13,33.735479,94.015621,6.810681,112.698285,orange
36,17,7,18.394469,90.000789,7.364652,102.221944,orange
21,12,10,22.959146,93.37337,6.105713,102.478784,orange
27,13,7,16.340562,94.478596,7.314455,102.432363,orange
36,69,51,31.766577,93.508655,6.878166,203.792063,papaya
46,55,45,42.457699,93.016539,6.601577,233.116718,papaya
57,69,53,43.953472,91.223431,6.921125,212.835945,papaya
40,47,54,29.216516,94.354459,6.502064,44.41521,papaya
46,50,51,34.876851,90.387429,6.581314,121.490347,papaya
39,64,49,24.962069,92.421715,6.545419,67.076834,papaya
40,66,54,40.351412,91.670386,6.636223,155.322695,papaya
53,69,46,24.035132,93.471779,6.916113,217.733244,papaya
51,68,50,42.190111,94.839061,6.923579,105.049298,papaya
39,58,49,41.432925,90.500158,6.62887,197.877778,papaya
37,53,48,36.07447,90.790663,6.930302,133.983869,papaya
57,56,47,25.978405,90.018725,6.766079,62.502906,papaya
44,59,47,26.67971,93.873608,6.973396,61.092488,papaya
38,69,45,43.530279,90.023222,6.936834,104.538288,papaya
58,52,51,24.680684,91.211649,6.88684,151.024029,papaya
58,55,53,32.428064,94.896241,6.979917,109.118708,papaya
57,66,47,36.110098,90.363412,6.918355,76.654636,papaya
36,55,50,40.953256,94.871213,6.719746,52.693854,papaya
53,59,49,29.494646,92.511993,6.66934,198.972492,papaya
48,66,50,28.003511,94.255459,6.77861,83.436618,papaya
50,53,53,32.519295,93.632207,6.547768,123.165113,papaya
59,65,46,28.833045,91.649079,6.825183,198.968899,papaya
53,57,53,32.17864,90.619403,6.782221,239.983291,papaya
54,59,51,42.541803,92.141714,6.665697,245.220729,papaya
56,53,49,31.716641,90.745478,6.97891,124.905611,papaya
56,49,50,23.503189,93.821102,6.790457,171.373813,papaya
36,50,45,29.067201,93.137195,6.783093,168.551463,papaya
48,51,47,25.878253,94.245354,6.80824,79.167313,papaya
39,66,52,36.847381,92.034321,6.630988,245.68466,papaya
54,52,53,38.937571,91.485403,6.713276,79.050224,papaya
37,63,47,40.221247,94.978044,6.53831,139.337376,papaya
55,64,52,30.328894,92.269266,6.797484,244.527523,papaya
43,68,47,43.770564,93.351318,6.731756,168.81199,papaya
41,51,46,25.395056,91.738359,6.881428,167.673945,papaya
37,66,51,43.177967,93.350927,6.587587,139.494506,papaya
51,45,45,25.717463,91.258322,6.714775,142.362499,papaya
38,61,50,29.183746,90.068299,6.538824,122.255903,papaya
38,54,51,34.491986,91.155879,6.671911,168.946552,papaya
56,63,50,30.608153,91.825256,6.939709,48.241151,papaya
59,61,51,23.797955,93.027646,6.742389,62.21357,papaya
41,67,50,31.681748,90.363411,6.857061,187.598673,papaya
50,57,49,35.458693,91.166977,6.97063,163.646851,papaya
42,56,53,26.393937,91.464178,6.839754,106.252733,papaya
54,48,52,24.435386,90.062963,6.949112,162.081236,papaya
43,50,51,33.689046,94.957989,6.991608,173.355159,papaya
46,57,51,25.133065,91.64176,6.537636,55.405759,papaya
39,57,52,33.195414,91.677383,6.541176,155.56206,papaya
41,60,54,25.337601,91.060627,6.736547,243.408901,papaya
54,67,48,43.832808,90.514164,6.526486,219.676552,papaya
58,47,46,23.696657,90.522538,6.60471,243.71609,papaya
51,64,52,34.236549,93.987445,6.797904,106.05468,papaya
49,58,53,43.616272,92.055213,6.881695,60.950231,papaya
54,54,45,30.62817,93.053214,6.559625,234.047243,papaya
36,68,52,29.923956,91.953752,6.870405,166.308931,papaya
51,54,49,43.787217,91.069614,6.708928,101.282869,papaya
54,64,47,24.709197,90.057163,6.713725,126.170895,papaya
59,56,47,41.715818,92.45534,6.799588,60.090429,papaya
44,68,50,30.234539,93.128336,6.955206,97.538026,papaya
47,68,46,38.112942,93.072405,6.839838,113.756122,papaya
42,62,47,31.81275,90.940873,6.504152,243.712046,papaya
45,69,46,35.334702,91.00487,6.895037,204.577628,papaya
37,67,46,35.872524,94.928168,6.941198,240.878425,papaya
43,47,46,33.510393,93.966148,6.575077,178.543622,papaya
43,53,51,32.806988,94.060166,6.577959,205.889137,papaya
36,49,51,40.953439,91.263398,6.663596,152.795357,papaya
40,65,52,26.051126,92.319149,6.887414,110.839202,papaya
50,46,51,26.205713,94.152917,6.677725,99.126311,papaya
56,46,48,30.770074,91.424002,6.955877,197.694963,papaya
36,62,50,41.918226,91.564728,6.787081,145.158608,papaya
47,56,47,38.869908,92.25668,6.979258,94.76977,papaya
52,68,51,41.296731,94.137405,6.680059,166.026027,papaya
38,58,47,38.618473,92.640292,6.705614,96.44739,papaya
59,46,45,27.562405,94.855362,6.989619,177.534824,papaya
57,50,54,25.998482,90.505626,6.556106,160.356864,papaya
54,54,54,32.122823,90.752243,6.732983,182.597805,papaya
55,56,50,28.614239,93.229583,6.992986,50.30125,papaya
57,59,47,43.052684,92.416772,6.665845,78.114502,papaya
41,65,51,42.178158,91.159842,6.560569,41.278382,papaya
47,69,51,29.476286,94.384293,6.890861,43.237185,papaya
55,52,46,27.752948,92.342899,6.712434,100.666333,papaya
39,64,54,39.333623,91.479685,6.622404,85.709834,papaya
38,58,51,37.815556,93.401067,6.646167,109.365311,papaya
52,53,47,30.861059,91.360421,6.544156,214.329169,papaya
56,50,45,38.515376,91.057643,6.696718,53.468403,papaya
40,64,53,27.348781,91.679569,6.567119,55.576252,papaya
59,61,50,39.075469,94.200386,6.903357,43.473284,papaya
39,61,48,43.632136,93.327024,6.978274,82.303761,papaya
56,53,54,26.311462,92.581699,6.896422,130.854921,papaya
46,69,49,35.685514,90.272698,6.921105,176.11529,papaya
45,45,50,23.265814,90.006018,6.808049,79.693584,papaya
39,61,45,29.581517,90.74716,6.790088,178.970682,papaya
53,51,45,24.652357,92.130758,6.972922,85.723097,papaya
41,47,51,37.27733,93.214656,6.930565,142.149425,papaya
38,52,51,35.875561,92.655016,6.841482,173.852079,papaya
57,59,52,28.22285,93.390913,6.951097,121.003789,papaya
54,63,45,35.211675,90.650947,6.98366,210.395576,papaya
37,48,50,30.242673,90.174529,6.770821,121.447471,papaya
37,65,54,38.888473,94.112112,6.608245,95.35032,papaya
40,64,54,38.053581,94.407334,6.81935,121.408579,papaya
45,46,45,37.604988,92.192144,6.776108,157.108862,papaya
21,16,29,26.553709,97.386078,5.951164,190.364452,coconut
37,26,33,26.08002,90.314842,5.761067,157.870735,coconut
37,21,25,25.541514,91.401085,6.130422,203.541403,coconut
36,28,27,26.23909,92.162906,5.858762,221.466511,coconut
29,23,29,25.115432,90.577759,6.037923,201.878903,coconut
20,23,33,26.64759,96.717773,5.90403,197.835063,coconut
34,29,28,26.644163,91.490581,5.704073,199.3395,coconut
37,14,26,26.140398,94.095465,5.79065,153.357908,coconut
33,5,30,28.175067,92.396055,6.103292,196.890011,coconut
31,16,28,28.343696,96.826014,5.821255,140.301919,coconut
16,7,30,25.206649,93.032342,6.2532,159.434817,coconut
34,23,27,27.915289,96.72999,5.897454,151.042048,coconut
28,28,31,25.69169,96.144812,5.927203,189.15288,coconut
33,17,33,27.888622,95.53566,5.650793,213.594911,coconut
38,8,29,26.035555,96.79071,6.22163,144.088512,coconut
36,9,32,26.827921,92.954451,5.658239,146.761426,coconut
31,18,26,25.450791,90.650795,6.243767,201.188209,coconut
16,19,25,28.614983,98.164057,6.198233,222.618892,coconut
35,25,30,26.224237,91.960192,5.8272,192.849543,coconut
19,11,29,25.9322,95.297793,6.423176,204.808937,coconut
31,19,29,25.746255,98.052394,5.748536,139.130888,coconut
33,9,28,25.11314,91.233611,5.673204,135.441013,coconut
31,25,28,28.498306,91.920119,5.82539,145.073699,coconut
30,15,31,28.0467,94.911327,6.12763,223.525031,coconut
22,13,32,27.445222,91.606796,5.876147,176.783801,coconut
25,9,34,28.049275,94.332202,6.180061,219.728267,coconut
18,11,30,28.196041,90.326294,6.484018,175.49066,coconut
23,12,26,28.166296,98.598727,5.913645,225.242069,coconut
35,17,31,26.739937,95.028511,5.558046,199.626348,coconut
16,25,33,25.948309,92.912965,5.98131,189.666291,coconut
22,19,27,25.221963,90.022748,5.601151,209.22507,coconut
39,15,30,25.587393,94.959282,5.644655,191.121433,coconut
38,9,32,25.09401,93.379475,5.610749,165.247544,coconut
19,14,29,26.202364,95.909598,6.418852,170.059537,coconut
19,11,33,27.286559,94.095099,5.649637,174.972731,coconut
21,28,33,25.33561,94.649881,5.725058,171.077709,coconut
36,18,28,25.831553,97.202924,6.124518,176.806546,coconut
20,13,34,27.08036,93.606294,6.021422,207.898851,coconut
23,9,30,27.660816,96.414462,6.381988,167.117412,coconut
16,28,29,27.49303,95.996748,6.046514,150.525753,coconut
33,25,30,26.954245,91.025444,5.583952,163.956485,coconut
22,28,32,27.639697,94.658833,5.667368,227.845667,coconut
24,7,29,28.495992,97.985619,5.510966,218.629574,coconut
21,5,33,28.455467,95.36608,6.074434,211.312027,coconut
34,27,30,28.870588,98.965321,5.616545,214.954376,coconut
27,14,31,25.223862,94.55815,6.370891,151.346152,coconut
25,28,29,26.433471,93.96483,6.019453,193.199134,coconut
35,16,33,27.134883,93.046325,6.157951,201.772225,coconut
28,6,26,26.141191,92.54363,6.173421,131.834866,coconut
33,11,28,27.111639,91.94333,6.384471,138.536878,coconut
26,26,31,26.169318,93.786842,6.206694,227.326074,coconut
37,13,34,25.014019,90.248668,6.323841,149.946269,coconut
16,10,29,27.922265,95.61902,5.737621,180.327045,coconut
38,25,28,28.929058,96.377584,5.562449,133.516071,coconut
19,23,26,27.045947,90.839341,6.420886,164.396061,coconut
37,28,25,26.856541,90.221905,6.408693,181.840754,coconut
16,7,28,28.760937,96.236182,6.367619,166.645665,coconut
16,29,25,28.790607,93.318097,5.51009,198.915723,coconut
39,29,26,25.724991,95.08985,6.137305,203.941791,coconut
19,28,31,28.388188,94.860591,5.914277,227.718291,coconut
29,26,34,27.701419,94.940448,5.503511,134.001964,coconut
20,9,27,26.219739,93.240589,5.920538,139.886634,coconut
16,21,30,26.776577,95.709959,6.327679,172.769291,coconut
31,28,33,26.704003,95.802452,5.677071,186.052218,coconut
39,17,34,26.62934,98.989603,6.07922,134.226899,coconut
29,11,25,28.283413,92.481567,6.296549,158.821758,coconut
19,29,28,27.405505,95.489833,6.060473,221.469574,coconut
31,15,33,25.724252,94.898131,6.45055,192.539763,coconut
35,21,33,28.777952,92.456296,5.669661,178.399075,coconut
32,10,25,26.37174,98.719734,6.194967,170.132544,coconut
19,13,26,25.425223,98.160681,6.49765,146.411444,coconut
16,13,29,25.819285,92.712824,5.700871,207.426057,coconut
32,20,28,28.636164,98.725793,5.673639,152.301264,coconut
28,7,29,27.327165,94.698662,5.830909,184.244581,coconut
38,10,31,25.173587,90.597748,6.051828,140.493918,coconut
15,9,30,27.813364,91.822307,6.168259,148.247633,coconut
30,15,31,28.980211,98.440353,5.504282,218.543876,coconut
16,28,27,26.528139,90.824744,5.612273,202.674057,coconut
38,20,32,28.047879,92.365328,5.54523,130.187274,coconut
23,11,25,25.718113,91.12049,6.414878,144.026721,coconut
28,19,30,25.396226,92.869185,5.55127,169.566991,coconut
19,19,31,27.128479,93.90813,5.887333,214.169177,coconut
20,23,32,26.6768,92.675705,5.970541,139.321393,coconut
16,7,26,27.016707,97.64223,5.735642,223.516201,coconut
38,28,33,26.4553,90.654155,6.068819,185.868144,coconut
36,29,30,26.380816,91.673115,5.5048,180.911369,coconut
28,25,30,28.665873,95.652751,6.340336,144.830173,coconut
36,21,26,25.759054,98.338506,5.532215,176.253494,coconut
22,21,33,26.441512,93.842119,6.481918,208.391651,coconut
37,15,27,26.647454,96.444827,5.60943,157.046911,coconut
16,15,33,25.098655,96.077912,6.432496,153.692786,coconut
32,29,34,25.939717,90.902979,5.648283,200.203567,coconut
33,21,28,25.679108,95.22685,5.98368,202.883415,coconut
26,13,27,25.845881,92.391717,5.59483,164.685701,coconut
15,9,32,26.301876,96.014133,6.216884,188.118534,coconut
38,5,32,28.835147,97.760446,5.667893,162.682031,coconut
19,20,32,26.268295,94.855559,6.190921,172.133982,coconut
36,24,25,27.484501,92.11793,6.057518,225.688844,coconut
36,15,27,25.937623,94.792634,5.614248,184.927501,coconut
15,13,27,28.884875,96.545181,5.849653,139.284509,coconut
120,40,20,25.341449,81.157926,7.267577,81.641212,cotton
137,58,20,23.223038,79.59587,6.373116,85.453773,cotton
120,37,16,23.918528,83.87589,7.132781,87.2614,cotton
113,49,19,24.63652,75.505756,6.9866,71.839705,cotton
113,59,16,23.244981,80.098926,7.726054,76.666803,cotton
129,56,18,23.571001,78.565562,7.665712,61.773874,cotton
112,51,20,23.745157,80.399482,6.395169,77.228665,cotton
120,57,17,25.471314,81.442414,6.040682,88.985253,cotton
101,59,23,23.189375,77.574112,6.762882,74.246679,cotton
114,42,21,22.657055,83.459813,7.624805,79.059328,cotton
134,41,15,24.476832,79.579094,7.134329,95.973576,cotton
138,50,22,22.335234,76.607156,7.46641,77.254618,cotton
117,42,21,22.74066,81.269163,6.347598,62.553041,cotton
113,40,23,22.219814,76.766137,7.097439,79.242688,cotton
101,35,24,24.635339,78.654061,6.940864,70.662005,cotton
113,51,23,22.73652,83.403615,6.243113,68.599689,cotton
101,38,24,23.837755,75.776659,7.919454,95.159692,cotton
130,58,17,25.345477,81.899912,7.739518,91.876463,cotton
113,54,17,23.314369,76.079057,7.870153,71.640135,cotton
120,44,24,23.340197,82.785458,7.710832,77.42426,cotton
115,53,24,25.019727,77.271264,7.776615,75.503267,cotton
123,55,16,25.138041,80.961628,7.786683,66.878816,cotton
116,55,15,22.448805,84.905652,6.560788,99.021728,cotton
107,44,22,24.631114,80.811224,7.059798,93.737618,cotton
109,46,16,24.383766,77.505444,6.667684,78.850029,cotton
101,37,21,23.71588,83.647902,7.389344,60.324038,cotton
124,37,22,25.966031,80.311988,7.365559,69.492566,cotton
117,56,16,23.062142,79.454337,7.424498,75.035358,cotton
137,37,18,24.835816,77.259868,7.312826,66.568678,cotton
102,38,24,24.207004,82.963458,6.665309,83.706346,cotton
119,58,22,24.922171,75.463533,7.099339,78.679658,cotton
137,41,17,23.645385,77.433697,6.258368,94.296594,cotton
122,56,23,23.128169,80.477374,6.166435,96.610075,cotton
116,44,18,23.842655,77.517594,6.749705,91.997882,cotton
133,42,19,25.495279,75.526733,7.77829,68.767374,cotton
127,49,20,25.437441,76.015721,6.694056,81.53011,cotton
132,40,23,23.598554,76.889139,7.517973,63.635956,cotton
120,36,18,24.404307,80.561155,6.809311,77.16192,cotton
109,46,24,25.401812,76.452329,6.059562,97.340973,cotton
121,48,22,23.258756,79.819076,7.937326,86.885947,cotton
106,38,17,25.066847,77.95377,6.042778,97.766975,cotton
106,35,17,22.940115,79.220053,7.84078,95.167397,cotton
118,45,20,22.973816,75.52185,7.878448,67.467959,cotton
107,46,19,22.073737,76.479547,6.75631,87.349228,cotton
109,45,20,25.55437,78.260705,6.267117,79.570889,cotton
129,37,19,22.071141,75.335592,6.965907,71.927892,cotton
133,50,19,23.631741,79.972455,6.080878,95.711734,cotton
139,39,16,22.57431,81.610271,7.322882,93.916966,cotton
130,46,21,24.753139,80.127365,6.951302,85.803898,cotton
122,51,21,24.876786,81.428035,7.039485,87.271872,cotton
117,41,15,24.239857,80.906552,7.944098,74.459133,cotton
115,40,15,25.091218,77.496811,7.21781,87.510921,cotton
118,56,19,23.139634,83.960155,7.723129,66.561598,cotton
101,37,17,25.889039,80.585162,6.746523,95.548644,cotton
118,42,24,25.398071,83.436684,7.024569,91.577536,cotton
107,49,24,23.163834,82.943523,6.980957,61.592227,cotton
130,39,21,22.342657,84.468674,6.583448,69.058588,cotton
105,58,22,24.966644,79.994046,6.949456,64.40085,cotton
122,41,24,25.186324,79.129921,6.302683,91.413268,cotton
104,39,17,24.227563,82.870567,6.62863,63.386793,cotton
118,53,17,22.879698,84.47227,7.908307,99.618629,cotton
132,39,17,23.360901,78.181325,7.913055,91.562959,cotton
128,39,24,25.311482,76.636418,7.742341,70.889901,cotton
103,51,21,22.379728,78.188518,7.985629,87.137067,cotton
129,40,15,23.107607,77.488984,6.469088,67.710173,cotton
122,43,23,22.73579,79.646271,6.027316,79.267293,cotton
102,59,22,23.960446,75.865874,7.184891,90.35055,cotton
107,49,23,25.072991,83.02992,7.758647,97.507284,cotton
116,49,22,24.788559,84.955202,6.027355,74.205329,cotton
111,41,17,24.836495,75.847595,7.483218,87.737034,cotton
110,41,21,25.048684,83.764856,7.704279,98.59532,cotton
123,57,23,25.57867,75.116266,7.931806,78.941207,cotton
131,38,18,23.085843,77.916588,6.246511,92.230553,cotton
100,42,16,24.356156,77.542524,6.517997,79.533526,cotton
126,38,16,22.988699,84.737482,6.794305,83.959604,cotton
109,47,15,22.138969,79.687335,6.797319,65.475213,cotton
127,59,18,24.498235,84.629759,7.66307,78.542089,cotton
129,38,20,23.116241,76.611637,6.852562,65.240582,cotton
127,46,20,22.585504,76.397717,7.166831,99.40039,cotton
103,42,23,22.289088,83.758857,7.048572,76.330671,cotton
112,42,18,25.539212,82.237952,7.339446,91.949966,cotton
110,50,19,25.129767,78.092561,7.286357,95.288496,cotton
116,36,20,23.38389,81.722254,7.902066,79.424333,cotton
118,51,16,23.014025,84.189793,7.339885,60.537762,cotton
108,52,22,25.359438,77.921768,7.862057,82.117876,cotton
127,49,16,25.852459,76.228756,6.509764,92.545115,cotton
124,55,20,23.507973,84.218455,6.072505,94.245209,cotton
109,56,16,24.320876,83.881079,6.947079,89.862667,cotton
132,53,24,23.787337,76.731254,6.095622,69.858395,cotton
105,48,16,22.155735,75.359898,7.663139,83.657997,cotton
114,57,15,25.921288,81.162918,6.366929,87.162764,cotton
130,45,23,22.60293,77.788376,6.186985,68.435114,cotton
109,57,15,23.70966,80.323987,7.797386,99.907849,cotton
130,59,22,25.852811,82.072707,6.159527,76.076807,cotton
125,43,17,24.309597,84.335019,6.069964,90.769248,cotton
128,59,24,25.04893,80.204088,6.408535,81.809429,cotton
130,57,22,22.781068,80.996863,6.664347,60.368227,cotton
108,37,23,23.034025,77.84698,7.919873,75.163469,cotton
100,42,16,22.411234,75.774873,7.186519,67.573909,cotton
114,56,19,25.662765,79.979381,6.797673,90.015557,cotton
62,37,41,24.460822,85.808305,7.374406,169.418344,jute
83,47,44,25.493253,88.234754,6.38151,188.626321,jute
70,40,44,23.057913,89.307774,6.223893,190.971904,jute
71,43,37,24.756542,76.961911,6.98609,150.782366,jute
62,37,39,25.444389,87.763558,6.367216,178.718486,jute
90,42,39,24.571923,72.697497,6.038973,157.64029,jute
85,36,36,24.013562,71.557401,6.287549,195.563489,jute
60,51,38,25.017946,81.773834,6.335248,192.360474,jute
79,55,39,25.954057,85.409787,7.448925,175.716324,jute
78,53,43,25.892437,76.491038,7.198057,160.53228,jute
81,39,38,25.794075,72.921814,6.948601,179.647714,jute
64,43,40,23.561536,86.012473,7.458235,160.73797,jute
67,46,42,23.844802,70.397598,6.811831,197.830028,jute
75,45,44,25.083823,84.383438,6.844053,198.730461,jute
87,57,41,25.205347,75.808218,6.455218,189.149232,jute
71,49,37,25.45095,72.210027,7.24417,180.13649,jute
67,48,37,23.970402,77.030561,6.094979,199.298084,jute
61,51,38,24.938031,77.124965,7.010626,186.461775,jute
87,37,41,23.839963,70.576027,6.622246,171.677155,jute
78,52,38,23.945842,71.211045,7.030232,178.391305,jute
73,52,40,24.407735,80.226491,6.954522,183.00013,jute
71,38,36,24.918173,87.457466,6.614244,158.476008,jute
90,55,43,24.820494,87.214571,6.023122,155.36179,jute
63,52,35,24.489093,79.454138,6.466055,193.520258,jute
66,43,42,23.091267,83.459008,7.224597,196.613392,jute
95,42,40,23.23188,75.1574,6.141334,165.759365,jute
95,43,40,24.300143,79.17833,7.454358,164.807723,jute
85,45,35,24.467992,86.266867,6.148129,153.479592,jute
66,54,42,24.695053,79.364528,7.332489,188.334891,jute
92,55,41,24.374044,87.293555,7.389011,151.190302,jute
62,58,37,25.620108,77.775902,6.17865,154.02216,jute
66,41,39,25.104494,89.727972,6.66226,175.909247,jute
80,48,40,23.026324,70.034496,6.146499,155.07783,jute
88,40,43,25.785819,89.517867,7.408622,163.594416,jute
80,39,43,25.665295,87.025777,6.65005,187.933694,jute
63,36,42,24.276066,89.910985,6.145881,192.781384,jute
79,55,43,25.747976,75.957,7.424699,157.583348,jute
63,45,43,24.420263,86.585734,7.09453,160.471419,jute
97,36,43,23.91333,80.002962,6.633528,158.591728,jute
74,39,37,23.561171,79.780348,7.196897,178.448502,jute
95,50,41,25.002822,78.989184,7.034008,153.485387,jute
94,54,37,25.304097,70.252852,6.32587,153.256862,jute
91,53,43,23.013445,80.024655,7.057254,157.770056,jute
85,37,36,24.42739,83.071303,6.218804,159.261167,jute
68,40,37,24.185447,83.075793,6.657048,188.798695,jute
88,38,35,25.633825,71.596621,6.222509,151.106664,jute
85,49,44,25.660797,78.216864,6.557379,164.842602,jute
66,38,36,23.342344,74.810241,6.460003,198.078949,jute
83,59,38,24.37288,76.491573,6.274331,157.158235,jute
97,59,35,23.451038,78.470482,6.2795,168.19402,jute
65,46,37,24.055715,71.886253,6.642192,199.162881,jute
73,56,43,25.856175,85.80219,6.989395,192.829222,jute
63,46,44,25.3088,89.241508,7.169452,193.744098,jute
88,54,40,25.772713,86.500778,7.265827,183.650455,jute
72,35,44,24.758361,75.962859,6.223703,191.476158,jute
93,55,41,24.098046,76.081406,6.012832,191.680378,jute
63,50,40,24.580068,88.534257,6.047423,188.669611,jute
62,35,39,23.189226,85.782879,6.794345,151.451939,jute
61,50,43,24.313399,81.091613,7.199744,180.525309,jute
68,50,41,25.202321,82.417484,7.453863,159.864415,jute
98,48,41,23.298385,77.611519,7.154069,185.345551,jute
61,48,35,25.987569,87.945932,6.031621,192.932479,jute
96,43,42,24.326311,83.10465,6.510476,166.127962,jute
76,38,43,24.046094,78.002991,7.341082,174.831191,jute
81,58,43,23.5084,79.464301,7.456944,168.618315,jute
74,39,36,25.220914,85.400609,7.453519,188.670911,jute
69,36,44,24.021352,76.239431,7.358933,179.254995,jute
68,57,44,23.260036,87.245033,6.585774,176.203622,jute
96,59,37,23.638552,71.610331,6.842697,150.68022,jute
76,36,39,23.119797,86.704345,6.314608,166.415436,jute
94,53,37,23.215698,84.313476,6.586054,188.304,jute
77,43,39,25.245677,88.044406,6.074651,176.205577,jute
61,46,43,24.084771,88.649008,6.945913,196.707767,jute
90,37,37,24.182511,73.402138,6.742367,173.568408,jute
98,45,42,25.825732,87.539777,6.313001,174.801495,jute
73,44,38,25.479078,79.042781,6.785541,199.122368,jute
62,47,42,23.453486,82.230632,6.359197,193.370206,jute
73,43,40,23.550689,75.697773,6.624948,167.681893,jute
80,49,40,24.962505,76.15499,6.189639,188.040377,jute
94,41,39,24.495708,80.666537,6.989235,152.080162,jute
88,36,39,25.483013,79.024306,6.223635,199.251692,jute
95,54,39,23.551537,88.828224,6.798527,192.617773,jute
73,43,44,24.565499,72.813908,6.329512,174.097214,jute
61,46,39,25.338009,77.098839,7.473823,159.038496,jute
83,37,42,25.984261,86.382773,6.833555,174.237068,jute
93,58,44,24.189618,89.818349,6.233889,162.677489,jute
63,41,42,25.558773,85.577853,6.946599,175.698326,jute
88,44,43,25.03157,83.956094,6.803904,194.261449,jute
70,44,42,24.478247,87.78428,6.519599,168.466508,jute
95,46,40,23.998291,75.533399,6.983923,155.992033,jute
95,54,36,25.08206,82.052658,6.276803,163.660175,jute
76,52,41,24.596705,85.368211,7.136907,180.892958,jute
91,43,43,24.84473,86.44727,6.819419,160.921912,jute
81,44,41,24.427381,86.722256,7.017109,184.227222,jute
68,59,43,25.367015,76.604305,6.803447,156.855159,jute
81,38,40,24.946166,77.803919,6.747817,193.782669,jute
64,54,36,23.110124,73.711492,7.147565,170.256304,jute
94,48,35,25.150141,72.204658,7.184069,158.405127,jute
73,54,44,24.114302,86.588004,6.286188,190.358989,jute
86,39,38,23.395313,77.65934,6.305473,182.199898,jute
119,15,30,25.868333,68.284176,6.759008,161.214621,coffee
98,21,25,25.043288,51.051829,6.825739,141.11996,coffee
101,18,34,27.472606,53.79993,6.515166,167.146886,coffee
83,23,27,27.577584,67.050213,6.869749,159.229439,coffee
117,38,34,23.626894,53.211156,7.015105,161.021931,coffee
80,16,33,27.344354,57.145418,7.336576,165.462381,coffee
112,25,26,25.168635,59.145996,6.826416,123.974531,coffee
119,21,26,25.634015,60.744164,6.659731,180.610832,coffee
100,30,32,23.125126,61.412884,7.326292,116.478043,coffee
96,38,28,25.293644,69.630828,6.298986,120.546691,coffee
114,36,29,25.571036,66.716127,7.107839,137.537665,coffee
80,26,33,27.479173,69.124524,7.319345,164.303702,coffee
97,34,32,25.690717,51.746547,7.389122,153.726216,coffee
94,30,31,24.05344,66.738777,6.434906,130.868134,coffee
96,33,34,27.046406,68.806968,6.210909,121.050028,coffee
102,22,33,26.359939,69.414563,6.382189,156.29165,coffee
100,20,30,25.21643,58.934431,6.544105,116.438995,coffee
100,23,25,24.539719,55.572567,6.590172,126.207419,coffee
100,32,31,27.018775,59.040166,6.778638,183.884165,coffee
97,32,29,25.088681,65.204112,6.262255,143.779808,coffee
88,23,27,25.897028,65.963416,7.17992,145.982582,coffee
119,29,28,27.177696,64.59748,7.123913,131.671845,coffee
98,36,30,26.417264,61.758675,7.263535,139.187671,coffee
103,18,31,26.659839,50.856746,7.013686,150.248663,coffee
84,25,26,25.077798,57.686781,7.107587,180.808322,coffee
104,15,34,26.431166,50.683909,7.228249,132.022623,coffee
103,26,29,27.448569,58.747226,6.113016,195.464292,coffee
116,32,29,23.464297,65.814962,6.113217,120.831084,coffee
101,19,25,25.115567,52.744345,6.240773,121.537404,coffee
88,32,33,25.262668,60.131076,6.048983,120.891882,coffee
90,28,32,26.025015,57.842557,6.177486,181.365725,coffee
94,33,30,26.69331,68.145791,7.381544,160.484076,coffee
100,21,34,25.289596,52.551825,6.649057,125.799526,coffee
100,29,28,23.358253,68.870071,7.16003,186.304892,coffee
94,34,29,24.005417,52.488468,6.517576,126.691929,coffee
119,16,29,25.260468,56.012639,6.857027,127.748047,coffee
111,23,30,26.578196,67.780842,7.253681,166.706267,coffee
95,27,32,27.387728,52.075639,6.577284,180.969911,coffee
97,23,29,26.014224,69.996103,6.739489,132.72203,coffee
86,16,30,25.72286,54.104679,7.042994,177.994099,coffee
90,23,34,24.871322,65.216033,6.679088,182.43431,coffee
110,31,33,27.696092,61.599666,6.356203,148.883462,coffee
110,31,26,23.256198,63.659232,6.376619,157.471971,coffee
109,29,25,23.927901,54.386564,6.386796,163.059288,coffee
100,20,25,23.857161,69.687626,6.70282,188.724368,coffee
113,27,32,23.96376,63.767934,6.408577,185.725278,coffee
83,34,25,27.405946,56.08409,6.98159,156.437694,coffee
94,31,34,23.206349,68.377057,6.913622,183.621716,coffee
95,26,33,25.07424,60.693191,6.030292,128.48083,coffee
105,32,30,23.71655,58.908109,6.532642,157.131214,coffee
114,34,25,27.451546,59.435343,7.115793,126.903335,coffee
106,20,29,23.084314,53.032213,6.138121,135.378255,coffee
84,32,25,26.088703,52.814157,7.417742,194.312996,coffee
89,30,25,27.658943,60.459746,6.064835,144.112499,coffee
83,24,31,25.34945,57.674443,6.178736,135.819819,coffee
84,35,26,25.976867,56.854808,6.338968,169.354817,coffee
98,25,30,25.456338,56.069684,6.838592,171.907379,coffee
81,26,25,23.932027,61.210175,7.299283,190.038483,coffee
82,25,30,23.73535,65.308644,7.116353,191.783986,coffee
80,20,33,26.3529,67.887797,6.085769,165.741937,coffee
102,15,30,26.047602,53.825863,6.409994,169.429524,coffee
98,36,28,24.333298,69.697319,7.366704,117.464383,coffee
110,17,25,24.368478,55.386918,7.228978,175.406716,coffee
119,32,29,26.494638,69.989181,7.065213,179.742915,coffee
117,17,32,27.25403,69.087572,6.316454,157.833966,coffee
107,21,31,24.287894,56.66914,6.662278,159.981158,coffee
97,27,27,23.794825,50.947,6.293968,164.46521,coffee
111,19,26,26.746452,56.103167,7.427249,175.717028,coffee
93,22,30,23.395723,52.35353,6.263787,180.851505,coffee
100,15,31,25.118451,60.217047,6.321174,161.901489,coffee
119,16,27,24.214988,54.970986,6.56806,184.539332,coffee
116,20,30,26.184495,60.436549,6.651115,131.317918,coffee
99,25,32,26.818022,52.679974,6.132779,192.193085,coffee
101,36,25,25.632578,60.78853,7.291053,123.29685,coffee
89,25,33,27.694417,69.854492,7.43879,115.505049,coffee
81,18,28,27.14959,67.853124,6.280252,167.671453,coffee
116,26,26,25.289068,57.515898,6.866487,152.285988,coffee
80,39,30,25.368154,69.092347,6.233791,131.085196,coffee
112,21,32,24.357667,50.663753,6.775522,131.718347,coffee
110,31,34,26.914942,53.615519,7.200237,169.547649,coffee
106,35,30,25.330018,62.732821,6.446936,130.520756,coffee
104,20,25,23.002771,62.166388,6.543223,178.946433,coffee
95,27,29,26.252874,57.122783,7.445651,194.572494,coffee
113,38,29,25.682152,64.841852,7.044219,190.707681,coffee
108,39,28,27.164989,63.952696,7.03708,142.696026,coffee
111,37,27,26.127484,57.842697,7.484322,155.700789,coffee
89,24,31,23.380447,62.072038,7.396837,187.280837,coffee
82,39,31,23.811404,50.248322,6.256924,186.244953,coffee
80,20,32,25.930553,65.654714,7.119226,119.301118,coffee
115,20,30,26.221441,53.372564,7.464347,156.493256,coffee
82,38,30,26.495966,60.503516,7.252107,117.816344,coffee
90,26,25,26.529533,57.873268,6.409002,115.287202,coffee
108,35,28,25.82109,54.553733,6.933296,116.031684,coffee
99,31,34,24.906679,65.303804,6.896531,193.79603,coffee
95,22,33,23.246222,52.727708,6.123607,186.664346,coffee
80,36,29,23.020126,58.032904,6.280201,168.074041,coffee
107,27,25,26.280644,66.840776,7.080486,185.546423,coffee
88,37,28,23.067024,66.867833,7.412732,170.722447,coffee
89,21,29,27.489155,52.991953,7.238961,139.760739,coffee
112,38,29,24.825253,66.044426,6.794224,173.178169,coffee
