district,zone,year,month,season_nepali,monthly_rainfall_mm,mean_temperature_c,relative_humidity_pct,monsoon_phase,irrigation_advisory
jhapa,undefined,1995,January,Winter (Poush–Magh),23.6,-2.2,52,Winter Dry Period,Critical: Supplemental irrigation required for wheat & mustard
morang,undefined,1995,February,Winter (Magh–Falgun),34.4,1.7,47,Late Winter Dry,Moderate irrigation for winter crops
sunsari,undefined,1995,March,Spring (Falgun–Chaitra),47.0,7.9,38,Pre-Monsoon Initiation,Light irrigation for spring maize & vegetables
ilam,undefined,1995,April,Spring (Chaitra–Baisakh),51.9,10.4,40,Pre-Monsoon Sporadic,Irrigation required for dry season cultivation
panchthar,undefined,1995,May,Spring (Baisakh–Jestha),82.9,12.7,45,Pre-Monsoon Thunderstorms,Prepare soil for paddy nurseries; thunder showers likely
taplejung,undefined,1995,June,Monsoon (Jestha–Asar),146.5,15.8,69,Monsoon Onset Phase,Transplant main season paddy; abundant rain
dhankuta,undefined,1995,July,Monsoon (Asar–Shrawan),207.3,16.3,83,Peak Monsoon Phase,No irrigation needed; maintain field drainage
bhojpur,undefined,1995,August,Monsoon (Shrawan–Bhadra),202.9,17.1,70,Peak Monsoon Phase,High rainfall; manage field overflow and weeding
terhathum,undefined,1995,September,Autumn (Bhadra–Asoj),110.2,14.1,65,Late Monsoon Retreat,Adequate soil moisture for grain filling
sankhuwasabha,undefined,1995,October,Autumn (Asoj–Karthik),37.0,8.3,56,Post-Monsoon Autumn,Good window for harvesting paddy and sowing winter crops
solukhumbu,undefined,1995,November,Autumn (Karthik–Mangsir),8.2,6.2,51,Post-Monsoon Dry,Residual moisture decreasing; prepare wheat sowing
khotang,undefined,1995,December,Winter (Mangsir–Poush),8.4,1.0,45,Early Winter Dry Period,First irrigation for germinating wheat & potato
okhaldhunga,undefined,1996,January,Winter (Poush–Magh),22.7,-4.4,44,Winter Dry Period,Critical: Supplemental irrigation required for wheat & mustard
udayapur,undefined,1996,February,Winter (Magh–Falgun),28.8,2.9,48,Late Winter Dry,Moderate irrigation for winter crops
saptari,undefined,1996,March,Spring (Falgun–Chaitra),37.3,6.6,34,Pre-Monsoon Initiation,Light irrigation for spring maize & vegetables
siraha,undefined,1996,April,Spring (Chaitra–Baisakh),42.8,10.4,46,Pre-Monsoon Sporadic,Irrigation required for dry season cultivation
dhanusha,undefined,1996,May,Spring (Baisakh–Jestha),84.1,12.9,53,Pre-Monsoon Thunderstorms,Prepare soil for paddy nurseries; thunder showers likely
mahottari,undefined,1996,June,Monsoon (Jestha–Asar),150.8,16.2,70,Monsoon Onset Phase,Transplant main season paddy; abundant rain
sarlahi,undefined,1996,July,Monsoon (Asar–Shrawan),277.1,19.1,74,Peak Monsoon Phase,No irrigation needed; maintain field drainage
rautahat,undefined,1996,August,Monsoon (Shrawan–Bhadra),200.3,17.4,79,Peak Monsoon Phase,High rainfall; manage field overflow and weeding
bara,undefined,1996,September,Autumn (Bhadra–Asoj),111.4,13.8,65,Late Monsoon Retreat,Adequate soil moisture for grain filling
parsa,undefined,1996,October,Autumn (Asoj–Karthik),28.7,10.0,63,Post-Monsoon Autumn,Good window for harvesting paddy and sowing winter crops
chitwan,undefined,1996,November,Autumn (Karthik–Mangsir),8.9,5.2,53,Post-Monsoon Dry,Residual moisture decreasing; prepare wheat sowing
kathmandu,undefined,1996,December,Winter (Mangsir–Poush),9.0,0.4,56,Early Winter Dry Period,First irrigation for germinating wheat & potato
lalitpur,undefined,1997,January,Winter (Poush–Magh),21.9,-0.1,39,Winter Dry Period,Critical: Supplemental irrigation required for wheat & mustard
bhaktapur,undefined,1997,February,Winter (Magh–Falgun),31.5,2.1,46,Late Winter Dry,Moderate irrigation for winter crops
kavrepalanchok,undefined,1997,March,Spring (Falgun–Chaitra),38.5,4.6,39,Pre-Monsoon Initiation,Light irrigation for spring maize & vegetables
dhading,undefined,1997,April,Spring (Chaitra–Baisakh),50.6,12.8,39,Pre-Monsoon Sporadic,Irrigation required for dry season cultivation
nuwakot,undefined,1997,May,Spring (Baisakh–Jestha),70.3,14.4,55,Pre-Monsoon Thunderstorms,Prepare soil for paddy nurseries; thunder showers likely
makwanpur,undefined,1997,June,Monsoon (Jestha–Asar),167.9,16.4,70,Monsoon Onset Phase,Transplant main season paddy; abundant rain
sindhupalchok,undefined,1997,July,Monsoon (Asar–Shrawan),243.5,19.2,75,Peak Monsoon Phase,No irrigation needed; maintain field drainage
dolakha,undefined,1997,August,Monsoon (Shrawan–Bhadra),199.7,16.5,70,Peak Monsoon Phase,High rainfall; manage field overflow and weeding
ramechhap,undefined,1997,September,Autumn (Bhadra–Asoj),125.3,14.3,70,Late Monsoon Retreat,Adequate soil moisture for grain filling
sindhuli,undefined,1997,October,Autumn (Asoj–Karthik),33.8,7.3,56,Post-Monsoon Autumn,Good window for harvesting paddy and sowing winter crops
rasuwa,undefined,1997,November,Autumn (Karthik–Mangsir),8.5,3.0,51,Post-Monsoon Dry,Residual moisture decreasing; prepare wheat sowing
gorkha,undefined,1997,December,Winter (Mangsir–Poush),10.6,2.3,50,Early Winter Dry Period,First irrigation for germinating wheat & potato
kaski,undefined,1998,January,Winter (Poush–Magh),22.8,-2.1,42,Winter Dry Period,Critical: Supplemental irrigation required for wheat & mustard
tanahun,undefined,1998,February,Winter (Magh–Falgun),27.9,2.1,57,Late Winter Dry,Moderate irrigation for winter crops
syangja,undefined,1998,March,Spring (Falgun–Chaitra),36.9,7.4,39,Pre-Monsoon Initiation,Light irrigation for spring maize & vegetables
lamjung,undefined,1998,April,Spring (Chaitra–Baisakh),39.6,12.4,45,Pre-Monsoon Sporadic,Irrigation required for dry season cultivation
nawalpur,undefined,1998,May,Spring (Baisakh–Jestha),89.5,13.9,57,Pre-Monsoon Thunderstorms,Prepare soil for paddy nurseries; thunder showers likely
parbat,undefined,1998,June,Monsoon (Jestha–Asar),126.4,17.7,76,Monsoon Onset Phase,Transplant main season paddy; abundant rain
baglung,undefined,1998,July,Monsoon (Asar–Shrawan),204.3,17.3,78,Peak Monsoon Phase,No irrigation needed; maintain field drainage
myagdi,undefined,1998,August,Monsoon (Shrawan–Bhadra),194.1,15.1,76,Peak Monsoon Phase,High rainfall; manage field overflow and weeding
mustang,undefined,1998,September,Autumn (Bhadra–Asoj),100.9,14.6,66,Late Monsoon Retreat,Adequate soil moisture for grain filling
manang,undefined,1998,October,Autumn (Asoj–Karthik),43.1,8.1,56,Post-Monsoon Autumn,Good window for harvesting paddy and sowing winter crops
rupandehi,undefined,1998,November,Autumn (Karthik–Mangsir),10.1,2.5,52,Post-Monsoon Dry,Residual moisture decreasing; prepare wheat sowing
kapilvastu,undefined,1998,December,Winter (Mangsir–Poush),12.0,-1.9,50,Early Winter Dry Period,First irrigation for germinating wheat & potato
nawalparasi west,undefined,1999,January,Winter (Poush–Magh),22.9,-1.1,45,Winter Dry Period,Critical: Supplemental irrigation required for wheat & mustard
palpa,undefined,1999,February,Winter (Magh–Falgun),22.5,2.6,49,Late Winter Dry,Moderate irrigation for winter crops
gulmi,undefined,1999,March,Spring (Falgun–Chaitra),39.4,7.4,37,Pre-Monsoon Initiation,Light irrigation for spring maize & vegetables
arghakhanchi,undefined,1999,April,Spring (Chaitra–Baisakh),49.7,11.4,39,Pre-Monsoon Sporadic,Irrigation required for dry season cultivation
dang,undefined,1999,May,Spring (Baisakh–Jestha),102.4,15.6,47,Pre-Monsoon Thunderstorms,Prepare soil for paddy nurseries; thunder showers likely
pyuthan,undefined,1999,June,Monsoon (Jestha–Asar),175.8,15.8,71,Monsoon Onset Phase,Transplant main season paddy; abundant rain
rolpa,undefined,1999,July,Monsoon (Asar–Shrawan),281.7,17.0,81,Peak Monsoon Phase,No irrigation needed; maintain field drainage
rukum east,undefined,1999,August,Monsoon (Shrawan–Bhadra),223.0,18.0,83,Peak Monsoon Phase,High rainfall; manage field overflow and weeding
banke,undefined,1999,September,Autumn (Bhadra–Asoj),115.6,13.1,66,Late Monsoon Retreat,Adequate soil moisture for grain filling
bardiya,undefined,1999,October,Autumn (Asoj–Karthik),30.7,8.9,59,Post-Monsoon Autumn,Good window for harvesting paddy and sowing winter crops
surkhet,undefined,1999,November,Autumn (Karthik–Mangsir),9.4,5.0,52,Post-Monsoon Dry,Residual moisture decreasing; prepare wheat sowing
dailekh,undefined,1999,December,Winter (Mangsir–Poush),12.2,-0.3,60,Early Winter Dry Period,First irrigation for germinating wheat & potato
jajarkot,undefined,2000,January,Winter (Poush–Magh),24.1,-3.0,45,Winter Dry Period,Critical: Supplemental irrigation required for wheat & mustard
rukum west,undefined,2000,February,Winter (Magh–Falgun),30.0,1.7,50,Late Winter Dry,Moderate irrigation for winter crops
jumla,undefined,2000,March,Spring (Falgun–Chaitra),40.7,6.9,36,Pre-Monsoon Initiation,Light irrigation for spring maize & vegetables
kalikot,undefined,2000,April,Spring (Chaitra–Baisakh),37.1,10.5,45,Pre-Monsoon Sporadic,Irrigation required for dry season cultivation
mugu,undefined,2000,May,Spring (Baisakh–Jestha),82.6,13.5,52,Pre-Monsoon Thunderstorms,Prepare soil for paddy nurseries; thunder showers likely
humla,undefined,2000,June,Monsoon (Jestha–Asar),169.2,15.9,68,Monsoon Onset Phase,Transplant main season paddy; abundant rain
dolpa,undefined,2000,July,Monsoon (Asar–Shrawan),242.1,16.6,79,Peak Monsoon Phase,No irrigation needed; maintain field drainage
kailali,undefined,2000,August,Monsoon (Shrawan–Bhadra),227.7,18.3,80,Peak Monsoon Phase,High rainfall; manage field overflow and weeding
kanchanpur,undefined,2000,September,Autumn (Bhadra–Asoj),95.2,12.9,72,Late Monsoon Retreat,Adequate soil moisture for grain filling
doti,undefined,2000,October,Autumn (Asoj–Karthik),37.7,9.6,73,Post-Monsoon Autumn,Good window for harvesting paddy and sowing winter crops
achham,undefined,2000,November,Autumn (Karthik–Mangsir),9.8,5.4,55,Post-Monsoon Dry,Residual moisture decreasing; prepare wheat sowing
dadeldhura,undefined,2000,December,Winter (Mangsir–Poush),11.0,-0.4,53,Early Winter Dry Period,First irrigation for germinating wheat & potato
baitadi,undefined,2001,January,Winter (Poush–Magh),19.4,-2.3,48,Winter Dry Period,Critical: Supplemental irrigation required for wheat & mustard
bajhang,undefined,2001,February,Winter (Magh–Falgun),28.3,4.8,40,Late Winter Dry,Moderate irrigation for winter crops
bajura,undefined,2001,March,Spring (Falgun–Chaitra),41.9,5.1,38,Pre-Monsoon Initiation,Light irrigation for spring maize & vegetables
darchula,undefined,2001,April,Spring (Chaitra–Baisakh),55.8,11.1,37,Pre-Monsoon Sporadic,Irrigation required for dry season cultivation
jhapa,undefined,2001,May,Spring (Baisakh–Jestha),71.4,15.8,49,Pre-Monsoon Thunderstorms,Prepare soil for paddy nurseries; thunder showers likely
morang,undefined,2001,June,Monsoon (Jestha–Asar),165.2,17.1,65,Monsoon Onset Phase,Transplant main season paddy; abundant rain
sunsari,undefined,2001,July,Monsoon (Asar–Shrawan),317.2,18.8,69,Peak Monsoon Phase,No irrigation needed; maintain field drainage
ilam,undefined,2001,August,Monsoon (Shrawan–Bhadra),215.9,16.2,79,Peak Monsoon Phase,High rainfall; manage field overflow and weeding
panchthar,undefined,2001,September,Autumn (Bhadra–Asoj),105.7,13.9,72,Late Monsoon Retreat,Adequate soil moisture for grain filling
taplejung,undefined,2001,October,Autumn (Asoj–Karthik),39.5,7.6,56,Post-Monsoon Autumn,Good window for harvesting paddy and sowing winter crops
dhankuta,undefined,2001,November,Autumn (Karthik–Mangsir),8.4,3.2,59,Post-Monsoon Dry,Residual moisture decreasing; prepare wheat sowing
bhojpur,undefined,2001,December,Winter (Mangsir–Poush),10.6,-1.5,53,Early Winter Dry Period,First irrigation for germinating wheat & potato
terhathum,undefined,2002,January,Winter (Poush–Magh),29.0,-0.8,43,Winter Dry Period,Critical: Supplemental irrigation required for wheat & mustard
sankhuwasabha,undefined,2002,February,Winter (Magh–Falgun),26.0,3.5,45,Late Winter Dry,Moderate irrigation for winter crops
solukhumbu,undefined,2002,March,Spring (Falgun–Chaitra),40.5,7.9,36,Pre-Monsoon Initiation,Light irrigation for spring maize & vegetables
khotang,undefined,2002,April,Spring (Chaitra–Baisakh),47.6,7.1,37,Pre-Monsoon Sporadic,Irrigation required for dry season cultivation
okhaldhunga,undefined,2002,May,Spring (Baisakh–Jestha),77.0,13.5,58,Pre-Monsoon Thunderstorms,Prepare soil for paddy nurseries; thunder showers likely
udayapur,undefined,2002,June,Monsoon (Jestha–Asar),125.7,16.5,68,Monsoon Onset Phase,Transplant main season paddy; abundant rain
saptari,undefined,2002,July,Monsoon (Asar–Shrawan),291.9,16.3,82,Peak Monsoon Phase,No irrigation needed; maintain field drainage
siraha,undefined,2002,August,Monsoon (Shrawan–Bhadra),210.3,15.8,77,Peak Monsoon Phase,High rainfall; manage field overflow and weeding
dhanusha,undefined,2002,September,Autumn (Bhadra–Asoj),123.6,13.3,70,Late Monsoon Retreat,Adequate soil moisture for grain filling
mahottari,undefined,2002,October,Autumn (Asoj–Karthik),33.0,9.1,60,Post-Monsoon Autumn,Good window for harvesting paddy and sowing winter crops
sarlahi,undefined,2002,November,Autumn (Karthik–Mangsir),11.1,2.5,60,Post-Monsoon Dry,Residual moisture decreasing; prepare wheat sowing
rautahat,undefined,2002,December,Winter (Mangsir–Poush),7.1,-0.2,52,Early Winter Dry Period,First irrigation for germinating wheat & potato
bara,undefined,2003,January,Winter (Poush–Magh),22.9,-2.7,49,Winter Dry Period,Critical: Supplemental irrigation required for wheat & mustard
parsa,undefined,2003,February,Winter (Magh–Falgun),25.9,1.3,51,Late Winter Dry,Moderate irrigation for winter crops
chitwan,undefined,2003,March,Spring (Falgun–Chaitra),40.0,6.2,43,Pre-Monsoon Initiation,Light irrigation for spring maize & vegetables
kathmandu,undefined,2003,April,Spring (Chaitra–Baisakh),50.2,12.0,44,Pre-Monsoon Sporadic,Irrigation required for dry season cultivation
lalitpur,undefined,2003,May,Spring (Baisakh–Jestha),70.1,14.3,54,Pre-Monsoon Thunderstorms,Prepare soil for paddy nurseries; thunder showers likely
bhaktapur,undefined,2003,June,Monsoon (Jestha–Asar),174.6,17.0,68,Monsoon Onset Phase,Transplant main season paddy; abundant rain
kavrepalanchok,undefined,2003,July,Monsoon (Asar–Shrawan),286.0,17.3,80,Peak Monsoon Phase,No irrigation needed; maintain field drainage
dhading,undefined,2003,August,Monsoon (Shrawan–Bhadra),203.6,16.7,80,Peak Monsoon Phase,High rainfall; manage field overflow and weeding
nuwakot,undefined,2003,September,Autumn (Bhadra–Asoj),134.9,15.0,75,Late Monsoon Retreat,Adequate soil moisture for grain filling
makwanpur,undefined,2003,October,Autumn (Asoj–Karthik),35.1,9.8,56,Post-Monsoon Autumn,Good window for harvesting paddy and sowing winter crops
sindhupalchok,undefined,2003,November,Autumn (Karthik–Mangsir),9.4,3.8,52,Post-Monsoon Dry,Residual moisture decreasing; prepare wheat sowing
dolakha,undefined,2003,December,Winter (Mangsir–Poush),10.9,-1.0,58,Early Winter Dry Period,First irrigation for germinating wheat & potato
ramechhap,undefined,2004,January,Winter (Poush–Magh),18.7,-3.5,54,Winter Dry Period,Critical: Supplemental irrigation required for wheat & mustard
sindhuli,undefined,2004,February,Winter (Magh–Falgun),31.3,2.7,50,Late Winter Dry,Moderate irrigation for winter crops
rasuwa,undefined,2004,March,Spring (Falgun–Chaitra),37.9,5.9,40,Pre-Monsoon Initiation,Light irrigation for spring maize & vegetables
gorkha,undefined,2004,April,Spring (Chaitra–Baisakh),43.1,12.2,41,Pre-Monsoon Sporadic,Irrigation required for dry season cultivation
kaski,undefined,2004,May,Spring (Baisakh–Jestha),70.1,14.6,53,Pre-Monsoon Thunderstorms,Prepare soil for paddy nurseries; thunder showers likely
tanahun,undefined,2004,June,Monsoon (Jestha–Asar),146.5,16.0,68,Monsoon Onset Phase,Transplant main season paddy; abundant rain
syangja,undefined,2004,July,Monsoon (Asar–Shrawan),248.8,17.4,76,Peak Monsoon Phase,No irrigation needed; maintain field drainage
lamjung,undefined,2004,August,Monsoon (Shrawan–Bhadra),217.3,15.3,70,Peak Monsoon Phase,High rainfall; manage field overflow and weeding
nawalpur,undefined,2004,September,Autumn (Bhadra–Asoj),107.1,13.7,71,Late Monsoon Retreat,Adequate soil moisture for grain filling
parbat,undefined,2004,October,Autumn (Asoj–Karthik),42.7,10.0,57,Post-Monsoon Autumn,Good window for harvesting paddy and sowing winter crops
baglung,undefined,2004,November,Autumn (Karthik–Mangsir),9.0,2.8,51,Post-Monsoon Dry,Residual moisture decreasing; prepare wheat sowing
myagdi,undefined,2004,December,Winter (Mangsir–Poush),9.6,0.4,46,Early Winter Dry Period,First irrigation for germinating wheat & potato
mustang,undefined,2005,January,Winter (Poush–Magh),23.7,-0.2,49,Winter Dry Period,Critical: Supplemental irrigation required for wheat & mustard
manang,undefined,2005,February,Winter (Magh–Falgun),29.7,2.8,46,Late Winter Dry,Moderate irrigation for winter crops
rupandehi,undefined,2005,March,Spring (Falgun–Chaitra),39.3,7.0,40,Pre-Monsoon Initiation,Light irrigation for spring maize & vegetables
kapilvastu,undefined,2005,April,Spring (Chaitra–Baisakh),42.4,11.0,43,Pre-Monsoon Sporadic,Irrigation required for dry season cultivation
nawalparasi west,undefined,2005,May,Spring (Baisakh–Jestha),97.4,16.2,60,Pre-Monsoon Thunderstorms,Prepare soil for paddy nurseries; thunder showers likely
palpa,undefined,2005,June,Monsoon (Jestha–Asar),141.6,18.0,68,Monsoon Onset Phase,Transplant main season paddy; abundant rain
gulmi,undefined,2005,July,Monsoon (Asar–Shrawan),318.8,17.0,74,Peak Monsoon Phase,No irrigation needed; maintain field drainage
arghakhanchi,undefined,2005,August,Monsoon (Shrawan–Bhadra),191.1,14.5,73,Peak Monsoon Phase,High rainfall; manage field overflow and weeding
dang,undefined,2005,September,Autumn (Bhadra–Asoj),106.3,14.2,71,Late Monsoon Retreat,Adequate soil moisture for grain filling
pyuthan,undefined,2005,October,Autumn (Asoj–Karthik),44.8,10.1,55,Post-Monsoon Autumn,Good window for harvesting paddy and sowing winter crops
rolpa,undefined,2005,November,Autumn (Karthik–Mangsir),7.8,4.6,46,Post-Monsoon Dry,Residual moisture decreasing; prepare wheat sowing
rukum east,undefined,2005,December,Winter (Mangsir–Poush),12.7,1.4,48,Early Winter Dry Period,First irrigation for germinating wheat & potato
banke,undefined,2006,January,Winter (Poush–Magh),16.3,-0.4,49,Winter Dry Period,Critical: Supplemental irrigation required for wheat & mustard
bardiya,undefined,2006,February,Winter (Magh–Falgun),33.2,0.1,45,Late Winter Dry,Moderate irrigation for winter crops
surkhet,undefined,2006,March,Spring (Falgun–Chaitra),38.0,7.1,38,Pre-Monsoon Initiation,Light irrigation for spring maize & vegetables
dailekh,undefined,2006,April,Spring (Chaitra–Baisakh),52.5,9.7,41,Pre-Monsoon Sporadic,Irrigation required for dry season cultivation
jajarkot,undefined,2006,May,Spring (Baisakh–Jestha),81.4,15.6,54,Pre-Monsoon Thunderstorms,Prepare soil for paddy nurseries; thunder showers likely
rukum west,undefined,2006,June,Monsoon (Jestha–Asar),133.0,15.2,73,Monsoon Onset Phase,Transplant main season paddy; abundant rain
jumla,undefined,2006,July,Monsoon (Asar–Shrawan),252.0,17.1,84,Peak Monsoon Phase,No irrigation needed; maintain field drainage
kalikot,undefined,2006,August,Monsoon (Shrawan–Bhadra),213.6,18.4,76,Peak Monsoon Phase,High rainfall; manage field overflow and weeding
mugu,undefined,2006,September,Autumn (Bhadra–Asoj),157.1,16.1,69,Late Monsoon Retreat,Adequate soil moisture for grain filling
humla,undefined,2006,October,Autumn (Asoj–Karthik),40.1,9.8,63,Post-Monsoon Autumn,Good window for harvesting paddy and sowing winter crops
dolpa,undefined,2006,November,Autumn (Karthik–Mangsir),7.7,4.8,56,Post-Monsoon Dry,Residual moisture decreasing; prepare wheat sowing
kailali,undefined,2006,December,Winter (Mangsir–Poush),7.4,-1.4,41,Early Winter Dry Period,First irrigation for germinating wheat & potato
kanchanpur,undefined,2007,January,Winter (Poush–Magh),21.1,-1.1,56,Winter Dry Period,Critical: Supplemental irrigation required for wheat & mustard
doti,undefined,2007,February,Winter (Magh–Falgun),28.3,4.0,42,Late Winter Dry,Moderate irrigation for winter crops
achham,undefined,2007,March,Spring (Falgun–Chaitra),28.3,6.9,41,Pre-Monsoon Initiation,Light irrigation for spring maize & vegetables
dadeldhura,undefined,2007,April,Spring (Chaitra–Baisakh),47.8,8.5,41,Pre-Monsoon Sporadic,Irrigation required for dry season cultivation
baitadi,undefined,2007,May,Spring (Baisakh–Jestha),64.3,15.8,53,Pre-Monsoon Thunderstorms,Prepare soil for paddy nurseries; thunder showers likely
bajhang,undefined,2007,June,Monsoon (Jestha–Asar),137.4,16.4,63,Monsoon Onset Phase,Transplant main season paddy; abundant rain
bajura,undefined,2007,July,Monsoon (Asar–Shrawan),237.7,19.1,74,Peak Monsoon Phase,No irrigation needed; maintain field drainage
darchula,undefined,2007,August,Monsoon (Shrawan–Bhadra),225.9,16.4,72,Peak Monsoon Phase,High rainfall; manage field overflow and weeding
jhapa,undefined,2007,September,Autumn (Bhadra–Asoj),118.1,12.8,67,Late Monsoon Retreat,Adequate soil moisture for grain filling
morang,undefined,2007,October,Autumn (Asoj–Karthik),28.7,11.4,58,Post-Monsoon Autumn,Good window for harvesting paddy and sowing winter crops
sunsari,undefined,2007,November,Autumn (Karthik–Mangsir),8.1,4.3,51,Post-Monsoon Dry,Residual moisture decreasing; prepare wheat sowing
ilam,undefined,2007,December,Winter (Mangsir–Poush),9.7,0.7,53,Early Winter Dry Period,First irrigation for germinating wheat & potato
panchthar,undefined,2008,January,Winter (Poush–Magh),20.2,-2.7,48,Winter Dry Period,Critical: Supplemental irrigation required for wheat & mustard
taplejung,undefined,2008,February,Winter (Magh–Falgun),18.3,0.2,53,Late Winter Dry,Moderate irrigation for winter crops
dhankuta,undefined,2008,March,Spring (Falgun–Chaitra),47.4,6.7,42,Pre-Monsoon Initiation,Light irrigation for spring maize & vegetables
bhojpur,undefined,2008,April,Spring (Chaitra–Baisakh),50.2,14.7,46,Pre-Monsoon Sporadic,Irrigation required for dry season cultivation
terhathum,undefined,2008,May,Spring (Baisakh–Jestha),78.5,13.9,45,Pre-Monsoon Thunderstorms,Prepare soil for paddy nurseries; thunder showers likely
sankhuwasabha,undefined,2008,June,Monsoon (Jestha–Asar),164.9,16.1,62,Monsoon Onset Phase,Transplant main season paddy; abundant rain
solukhumbu,undefined,2008,July,Monsoon (Asar–Shrawan),216.7,16.7,84,Peak Monsoon Phase,No irrigation needed; maintain field drainage
khotang,undefined,2008,August,Monsoon (Shrawan–Bhadra),237.8,17.0,81,Peak Monsoon Phase,High rainfall; manage field overflow and weeding
okhaldhunga,undefined,2008,September,Autumn (Bhadra–Asoj),121.4,13.0,76,Late Monsoon Retreat,Adequate soil moisture for grain filling
udayapur,undefined,2008,October,Autumn (Asoj–Karthik),37.8,7.8,57,Post-Monsoon Autumn,Good window for harvesting paddy and sowing winter crops
saptari,undefined,2008,November,Autumn (Karthik–Mangsir),7.8,2.3,55,Post-Monsoon Dry,Residual moisture decreasing; prepare wheat sowing
siraha,undefined,2008,December,Winter (Mangsir–Poush),12.9,-1.7,52,Early Winter Dry Period,First irrigation for germinating wheat & potato
dhanusha,undefined,2009,January,Winter (Poush–Magh),19.9,-2.6,47,Winter Dry Period,Critical: Supplemental irrigation required for wheat & mustard
mahottari,undefined,2009,February,Winter (Magh–Falgun),24.4,2.1,44,Late Winter Dry,Moderate irrigation for winter crops
sarlahi,undefined,2009,March,Spring (Falgun–Chaitra),39.5,6.9,39,Pre-Monsoon Initiation,Light irrigation for spring maize & vegetables
rautahat,undefined,2009,April,Spring (Chaitra–Baisakh),41.5,10.3,45,Pre-Monsoon Sporadic,Irrigation required for dry season cultivation
bara,undefined,2009,May,Spring (Baisakh–Jestha),86.0,13.8,52,Pre-Monsoon Thunderstorms,Prepare soil for paddy nurseries; thunder showers likely
parsa,undefined,2009,June,Monsoon (Jestha–Asar),178.0,15.0,70,Monsoon Onset Phase,Transplant main season paddy; abundant rain
chitwan,undefined,2009,July,Monsoon (Asar–Shrawan),216.1,18.7,74,Peak Monsoon Phase,No irrigation needed; maintain field drainage
kathmandu,undefined,2009,August,Monsoon (Shrawan–Bhadra),153.1,15.0,76,Peak Monsoon Phase,High rainfall; manage field overflow and weeding
lalitpur,undefined,2009,September,Autumn (Bhadra–Asoj),124.7,12.9,72,Late Monsoon Retreat,Adequate soil moisture for grain filling
bhaktapur,undefined,2009,October,Autumn (Asoj–Karthik),26.3,8.9,53,Post-Monsoon Autumn,Good window for harvesting paddy and sowing winter crops
kavrepalanchok,undefined,2009,November,Autumn (Karthik–Mangsir),8.1,4.1,48,Post-Monsoon Dry,Residual moisture decreasing; prepare wheat sowing
dhading,undefined,2009,December,Winter (Mangsir–Poush),9.4,1.2,47,Early Winter Dry Period,First irrigation for germinating wheat & potato
nuwakot,undefined,2010,January,Winter (Poush–Magh),24.8,-3.4,52,Winter Dry Period,Critical: Supplemental irrigation required for wheat & mustard
makwanpur,undefined,2010,February,Winter (Magh–Falgun),34.1,-1.0,44,Late Winter Dry,Moderate irrigation for winter crops
sindhupalchok,undefined,2010,March,Spring (Falgun–Chaitra),41.3,6.8,41,Pre-Monsoon Initiation,Light irrigation for spring maize & vegetables
dolakha,undefined,2010,April,Spring (Chaitra–Baisakh),43.7,11.1,41,Pre-Monsoon Sporadic,Irrigation required for dry season cultivation
ramechhap,undefined,2010,May,Spring (Baisakh–Jestha),94.0,15.3,53,Pre-Monsoon Thunderstorms,Prepare soil for paddy nurseries; thunder showers likely
sindhuli,undefined,2010,June,Monsoon (Jestha–Asar),150.1,16.4,66,Monsoon Onset Phase,Transplant main season paddy; abundant rain
rasuwa,undefined,2010,July,Monsoon (Asar–Shrawan),254.2,17.5,79,Peak Monsoon Phase,No irrigation needed; maintain field drainage
gorkha,undefined,2010,August,Monsoon (Shrawan–Bhadra),275.4,18.0,74,Peak Monsoon Phase,High rainfall; manage field overflow and weeding
kaski,undefined,2010,September,Autumn (Bhadra–Asoj),141.6,13.5,61,Late Monsoon Retreat,Adequate soil moisture for grain filling
tanahun,undefined,2010,October,Autumn (Asoj–Karthik),29.7,6.8,56,Post-Monsoon Autumn,Good window for harvesting paddy and sowing winter crops
syangja,undefined,2010,November,Autumn (Karthik–Mangsir),9.0,6.0,53,Post-Monsoon Dry,Residual moisture decreasing; prepare wheat sowing
lamjung,undefined,2010,December,Winter (Mangsir–Poush),9.7,1.0,41,Early Winter Dry Period,First irrigation for germinating wheat & potato
nawalpur,undefined,2011,January,Winter (Poush–Magh),22.8,-1.1,44,Winter Dry Period,Critical: Supplemental irrigation required for wheat & mustard
parbat,undefined,2011,February,Winter (Magh–Falgun),32.8,2.4,46,Late Winter Dry,Moderate irrigation for winter crops
baglung,undefined,2011,March,Spring (Falgun–Chaitra),41.6,9.7,40,Pre-Monsoon Initiation,Light irrigation for spring maize & vegetables
myagdi,undefined,2011,April,Spring (Chaitra–Baisakh),49.8,10.4,38,Pre-Monsoon Sporadic,Irrigation required for dry season cultivation
mustang,undefined,2011,May,Spring (Baisakh–Jestha),90.0,14.0,52,Pre-Monsoon Thunderstorms,Prepare soil for paddy nurseries; thunder showers likely
manang,undefined,2011,June,Monsoon (Jestha–Asar),148.5,17.6,69,Monsoon Onset Phase,Transplant main season paddy; abundant rain
rupandehi,undefined,2011,July,Monsoon (Asar–Shrawan),277.4,17.4,76,Peak Monsoon Phase,No irrigation needed; maintain field drainage
kapilvastu,undefined,2011,August,Monsoon (Shrawan–Bhadra),179.2,16.5,77,Peak Monsoon Phase,High rainfall; manage field overflow and weeding
nawalparasi west,undefined,2011,September,Autumn (Bhadra–Asoj),133.6,12.9,73,Late Monsoon Retreat,Adequate soil moisture for grain filling
palpa,undefined,2011,October,Autumn (Asoj–Karthik),42.1,9.5,65,Post-Monsoon Autumn,Good window for harvesting paddy and sowing winter crops
gulmi,undefined,2011,November,Autumn (Karthik–Mangsir),8.0,2.5,44,Post-Monsoon Dry,Residual moisture decreasing; prepare wheat sowing
arghakhanchi,undefined,2011,December,Winter (Mangsir–Poush),12.2,0.8,49,Early Winter Dry Period,First irrigation for germinating wheat & potato
dang,undefined,2012,January,Winter (Poush–Magh),22.9,-3.4,59,Winter Dry Period,Critical: Supplemental irrigation required for wheat & mustard
pyuthan,undefined,2012,February,Winter (Magh–Falgun),28.5,2.1,50,Late Winter Dry,Moderate irrigation for winter crops
rolpa,undefined,2012,March,Spring (Falgun–Chaitra),40.7,7.3,36,Pre-Monsoon Initiation,Light irrigation for spring maize & vegetables
rukum east,undefined,2012,April,Spring (Chaitra–Baisakh),51.4,13.3,47,Pre-Monsoon Sporadic,Irrigation required for dry season cultivation
banke,undefined,2012,May,Spring (Baisakh–Jestha),99.1,14.4,48,Pre-Monsoon Thunderstorms,Prepare soil for paddy nurseries; thunder showers likely
bardiya,undefined,2012,June,Monsoon (Jestha–Asar),157.0,17.1,72,Monsoon Onset Phase,Transplant main season paddy; abundant rain
surkhet,undefined,2012,July,Monsoon (Asar–Shrawan),179.1,19.8,77,Peak Monsoon Phase,No irrigation needed; maintain field drainage
dailekh,undefined,2012,August,Monsoon (Shrawan–Bhadra),196.6,15.8,69,Peak Monsoon Phase,High rainfall; manage field overflow and weeding
jajarkot,undefined,2012,September,Autumn (Bhadra–Asoj),134.8,14.1,64,Late Monsoon Retreat,Adequate soil moisture for grain filling
rukum west,undefined,2012,October,Autumn (Asoj–Karthik),28.2,8.6,64,Post-Monsoon Autumn,Good window for harvesting paddy and sowing winter crops
jumla,undefined,2012,November,Autumn (Karthik–Mangsir),8.6,2.2,51,Post-Monsoon Dry,Residual moisture decreasing; prepare wheat sowing
kalikot,undefined,2012,December,Winter (Mangsir–Poush),9.6,-3.2,49,Early Winter Dry Period,First irrigation for germinating wheat & potato
mugu,undefined,2013,January,Winter (Poush–Magh),21.2,-1.2,57,Winter Dry Period,Critical: Supplemental irrigation required for wheat & mustard
humla,undefined,2013,February,Winter (Magh–Falgun),32.7,1.7,43,Late Winter Dry,Moderate irrigation for winter crops
dolpa,undefined,2013,March,Spring (Falgun–Chaitra),52.7,7.1,40,Pre-Monsoon Initiation,Light irrigation for spring maize & vegetables
kailali,undefined,2013,April,Spring (Chaitra–Baisakh),47.8,11.2,41,Pre-Monsoon Sporadic,Irrigation required for dry season cultivation
kanchanpur,undefined,2013,May,Spring (Baisakh–Jestha),73.1,14.3,51,Pre-Monsoon Thunderstorms,Prepare soil for paddy nurseries; thunder showers likely
doti,undefined,2013,June,Monsoon (Jestha–Asar),147.0,16.1,68,Monsoon Onset Phase,Transplant main season paddy; abundant rain
achham,undefined,2013,July,Monsoon (Asar–Shrawan),230.8,19.8,67,Peak Monsoon Phase,No irrigation needed; maintain field drainage
dadeldhura,undefined,2013,August,Monsoon (Shrawan–Bhadra),244.4,18.5,67,Peak Monsoon Phase,High rainfall; manage field overflow and weeding
baitadi,undefined,2013,September,Autumn (Bhadra–Asoj),113.8,13.6,64,Late Monsoon Retreat,Adequate soil moisture for grain filling
bajhang,undefined,2013,October,Autumn (Asoj–Karthik),30.9,7.7,65,Post-Monsoon Autumn,Good window for harvesting paddy and sowing winter crops
bajura,undefined,2013,November,Autumn (Karthik–Mangsir),10.3,5.5,54,Post-Monsoon Dry,Residual moisture decreasing; prepare wheat sowing
darchula,undefined,2013,December,Winter (Mangsir–Poush),8.3,-0.6,51,Early Winter Dry Period,First irrigation for germinating wheat & potato
jhapa,undefined,2014,January,Winter (Poush–Magh),18.0,-1.1,49,Winter Dry Period,Critical: Supplemental irrigation required for wheat & mustard
morang,undefined,2014,February,Winter (Magh–Falgun),26.4,2.9,49,Late Winter Dry,Moderate irrigation for winter crops
sunsari,undefined,2014,March,Spring (Falgun–Chaitra),35.9,8.4,35,Pre-Monsoon Initiation,Light irrigation for spring maize & vegetables
ilam,undefined,2014,April,Spring (Chaitra–Baisakh),52.4,11.7,40,Pre-Monsoon Sporadic,Irrigation required for dry season cultivation
panchthar,undefined,2014,May,Spring (Baisakh–Jestha),83.9,13.5,55,Pre-Monsoon Thunderstorms,Prepare soil for paddy nurseries; thunder showers likely
taplejung,undefined,2014,June,Monsoon (Jestha–Asar),155.6,16.4,72,Monsoon Onset Phase,Transplant main season paddy; abundant rain
dhankuta,undefined,2014,July,Monsoon (Asar–Shrawan),214.6,16.3,71,Peak Monsoon Phase,No irrigation needed; maintain field drainage
bhojpur,undefined,2014,August,Monsoon (Shrawan–Bhadra),229.1,15.5,83,Peak Monsoon Phase,High rainfall; manage field overflow and weeding
terhathum,undefined,2014,September,Autumn (Bhadra–Asoj),82.5,16.0,70,Late Monsoon Retreat,Adequate soil moisture for grain filling
sankhuwasabha,undefined,2014,October,Autumn (Asoj–Karthik),34.5,8.3,59,Post-Monsoon Autumn,Good window for harvesting paddy and sowing winter crops
solukhumbu,undefined,2014,November,Autumn (Karthik–Mangsir),8.9,5.3,52,Post-Monsoon Dry,Residual moisture decreasing; prepare wheat sowing
khotang,undefined,2014,December,Winter (Mangsir–Poush),10.2,-0.4,49,Early Winter Dry Period,First irrigation for germinating wheat & potato
okhaldhunga,undefined,2015,January,Winter (Poush–Magh),23.0,-4.1,44,Winter Dry Period,Critical: Supplemental irrigation required for wheat & mustard
udayapur,undefined,2015,February,Winter (Magh–Falgun),31.1,2.2,47,Late Winter Dry,Moderate irrigation for winter crops
saptari,undefined,2015,March,Spring (Falgun–Chaitra),38.1,7.4,37,Pre-Monsoon Initiation,Light irrigation for spring maize & vegetables
siraha,undefined,2015,April,Spring (Chaitra–Baisakh),42.4,11.2,38,Pre-Monsoon Sporadic,Irrigation required for dry season cultivation
dhanusha,undefined,2015,May,Spring (Baisakh–Jestha),84.9,13.0,56,Pre-Monsoon Thunderstorms,Prepare soil for paddy nurseries; thunder showers likely
mahottari,undefined,2015,June,Monsoon (Jestha–Asar),171.3,17.3,71,Monsoon Onset Phase,Transplant main season paddy; abundant rain
sarlahi,undefined,2015,July,Monsoon (Asar–Shrawan),300.0,19.2,70,Peak Monsoon Phase,No irrigation needed; maintain field drainage
rautahat,undefined,2015,August,Monsoon (Shrawan–Bhadra),169.7,16.3,76,Peak Monsoon Phase,High rainfall; manage field overflow and weeding
bara,undefined,2015,September,Autumn (Bhadra–Asoj),129.3,13.1,70,Late Monsoon Retreat,Adequate soil moisture for grain filling
parsa,undefined,2015,October,Autumn (Asoj–Karthik),31.0,8.3,52,Post-Monsoon Autumn,Good window for harvesting paddy and sowing winter crops
chitwan,undefined,2015,November,Autumn (Karthik–Mangsir),7.8,2.4,48,Post-Monsoon Dry,Residual moisture decreasing; prepare wheat sowing
kathmandu,undefined,2015,December,Winter (Mangsir–Poush),11.6,-1.1,60,Early Winter Dry Period,First irrigation for germinating wheat & potato
lalitpur,undefined,2016,January,Winter (Poush–Magh),23.6,-1.8,46,Winter Dry Period,Critical: Supplemental irrigation required for wheat & mustard
bhaktapur,undefined,2016,February,Winter (Magh–Falgun),30.9,1.3,48,Late Winter Dry,Moderate irrigation for winter crops
kavrepalanchok,undefined,2016,March,Spring (Falgun–Chaitra),52.6,6.9,44,Pre-Monsoon Initiation,Light irrigation for spring maize & vegetables
dhading,undefined,2016,April,Spring (Chaitra–Baisakh),42.9,11.0,49,Pre-Monsoon Sporadic,Irrigation required for dry season cultivation
nuwakot,undefined,2016,May,Spring (Baisakh–Jestha),72.5,17.2,54,Pre-Monsoon Thunderstorms,Prepare soil for paddy nurseries; thunder showers likely
makwanpur,undefined,2016,June,Monsoon (Jestha–Asar),146.5,17.8,71,Monsoon Onset Phase,Transplant main season paddy; abundant rain
sindhupalchok,undefined,2016,July,Monsoon (Asar–Shrawan),262.4,16.1,75,Peak Monsoon Phase,No irrigation needed; maintain field drainage
dolakha,undefined,2016,August,Monsoon (Shrawan–Bhadra),202.2,16.9,78,Peak Monsoon Phase,High rainfall; manage field overflow and weeding
ramechhap,undefined,2016,September,Autumn (Bhadra–Asoj),123.2,12.4,71,Late Monsoon Retreat,Adequate soil moisture for grain filling
sindhuli,undefined,2016,October,Autumn (Asoj–Karthik),38.2,9.7,62,Post-Monsoon Autumn,Good window for harvesting paddy and sowing winter crops
rasuwa,undefined,2016,November,Autumn (Karthik–Mangsir),10.1,4.6,51,Post-Monsoon Dry,Residual moisture decreasing; prepare wheat sowing
gorkha,undefined,2016,December,Winter (Mangsir–Poush),7.5,0.5,50,Early Winter Dry Period,First irrigation for germinating wheat & potato
kaski,undefined,2017,January,Winter (Poush–Magh),22.9,-3.5,45,Winter Dry Period,Critical: Supplemental irrigation required for wheat & mustard
tanahun,undefined,2017,February,Winter (Magh–Falgun),32.4,2.0,50,Late Winter Dry,Moderate irrigation for winter crops
syangja,undefined,2017,March,Spring (Falgun–Chaitra),38.2,7.0,43,Pre-Monsoon Initiation,Light irrigation for spring maize & vegetables
lamjung,undefined,2017,April,Spring (Chaitra–Baisakh),44.3,11.1,40,Pre-Monsoon Sporadic,Irrigation required for dry season cultivation
nawalpur,undefined,2017,May,Spring (Baisakh–Jestha),74.8,14.6,52,Pre-Monsoon Thunderstorms,Prepare soil for paddy nurseries; thunder showers likely
parbat,undefined,2017,June,Monsoon (Jestha–Asar),148.5,18.5,64,Monsoon Onset Phase,Transplant main season paddy; abundant rain
baglung,undefined,2017,July,Monsoon (Asar–Shrawan),233.3,17.5,83,Peak Monsoon Phase,No irrigation needed; maintain field drainage
myagdi,undefined,2017,August,Monsoon (Shrawan–Bhadra),216.2,18.2,70,Peak Monsoon Phase,High rainfall; manage field overflow and weeding
mustang,undefined,2017,September,Autumn (Bhadra–Asoj),124.8,15.1,70,Late Monsoon Retreat,Adequate soil moisture for grain filling
manang,undefined,2017,October,Autumn (Asoj–Karthik),40.6,8.4,63,Post-Monsoon Autumn,Good window for harvesting paddy and sowing winter crops
rupandehi,undefined,2017,November,Autumn (Karthik–Mangsir),12.1,3.6,50,Post-Monsoon Dry,Residual moisture decreasing; prepare wheat sowing
kapilvastu,undefined,2017,December,Winter (Mangsir–Poush),12.2,1.9,47,Early Winter Dry Period,First irrigation for germinating wheat & potato
nawalparasi west,undefined,2018,January,Winter (Poush–Magh),20.6,-2.3,44,Winter Dry Period,Critical: Supplemental irrigation required for wheat & mustard
palpa,undefined,2018,February,Winter (Magh–Falgun),24.1,0.8,44,Late Winter Dry,Moderate irrigation for winter crops
gulmi,undefined,2018,March,Spring (Falgun–Chaitra),37.8,7.3,46,Pre-Monsoon Initiation,Light irrigation for spring maize & vegetables
arghakhanchi,undefined,2018,April,Spring (Chaitra–Baisakh),40.8,12.2,41,Pre-Monsoon Sporadic,Irrigation required for dry season cultivation
dang,undefined,2018,May,Spring (Baisakh–Jestha),79.4,15.8,47,Pre-Monsoon Thunderstorms,Prepare soil for paddy nurseries; thunder showers likely
pyuthan,undefined,2018,June,Monsoon (Jestha–Asar),169.2,17.2,69,Monsoon Onset Phase,Transplant main season paddy; abundant rain
rolpa,undefined,2018,July,Monsoon (Asar–Shrawan),250.4,20.9,75,Peak Monsoon Phase,No irrigation needed; maintain field drainage
rukum east,undefined,2018,August,Monsoon (Shrawan–Bhadra),193.3,16.3,73,Peak Monsoon Phase,High rainfall; manage field overflow and weeding
banke,undefined,2018,September,Autumn (Bhadra–Asoj),108.5,15.4,75,Late Monsoon Retreat,Adequate soil moisture for grain filling
bardiya,undefined,2018,October,Autumn (Asoj–Karthik),32.0,8.0,59,Post-Monsoon Autumn,Good window for harvesting paddy and sowing winter crops
surkhet,undefined,2018,November,Autumn (Karthik–Mangsir),8.3,4.8,52,Post-Monsoon Dry,Residual moisture decreasing; prepare wheat sowing
dailekh,undefined,2018,December,Winter (Mangsir–Poush),7.7,1.9,57,Early Winter Dry Period,First irrigation for germinating wheat & potato
jajarkot,undefined,2019,January,Winter (Poush–Magh),20.0,-2.5,51,Winter Dry Period,Critical: Supplemental irrigation required for wheat & mustard
rukum west,undefined,2019,February,Winter (Magh–Falgun),29.4,2.8,56,Late Winter Dry,Moderate irrigation for winter crops
jumla,undefined,2019,March,Spring (Falgun–Chaitra),37.0,6.0,34,Pre-Monsoon Initiation,Light irrigation for spring maize & vegetables
kalikot,undefined,2019,April,Spring (Chaitra–Baisakh),42.7,11.0,49,Pre-Monsoon Sporadic,Irrigation required for dry season cultivation
mugu,undefined,2019,May,Spring (Baisakh–Jestha),73.8,15.3,51,Pre-Monsoon Thunderstorms,Prepare soil for paddy nurseries; thunder showers likely
humla,undefined,2019,June,Monsoon (Jestha–Asar),188.5,20.0,65,Monsoon Onset Phase,Transplant main season paddy; abundant rain
dolpa,undefined,2019,July,Monsoon (Asar–Shrawan),222.4,19.3,80,Peak Monsoon Phase,No irrigation needed; maintain field drainage
kailali,undefined,2019,August,Monsoon (Shrawan–Bhadra),268.2,17.7,74,Peak Monsoon Phase,High rainfall; manage field overflow and weeding
kanchanpur,undefined,2019,September,Autumn (Bhadra–Asoj),130.6,15.3,73,Late Monsoon Retreat,Adequate soil moisture for grain filling
doti,undefined,2019,October,Autumn (Asoj–Karthik),37.7,10.3,62,Post-Monsoon Autumn,Good window for harvesting paddy and sowing winter crops
achham,undefined,2019,November,Autumn (Karthik–Mangsir),10.9,4.8,51,Post-Monsoon Dry,Residual moisture decreasing; prepare wheat sowing
dadeldhura,undefined,2019,December,Winter (Mangsir–Poush),10.2,1.4,46,Early Winter Dry Period,First irrigation for germinating wheat & potato
baitadi,undefined,2020,January,Winter (Poush–Magh),23.2,-2.5,50,Winter Dry Period,Critical: Supplemental irrigation required for wheat & mustard
bajhang,undefined,2020,February,Winter (Magh–Falgun),33.4,2.2,48,Late Winter Dry,Moderate irrigation for winter crops
bajura,undefined,2020,March,Spring (Falgun–Chaitra),30.2,7.9,42,Pre-Monsoon Initiation,Light irrigation for spring maize & vegetables
darchula,undefined,2020,April,Spring (Chaitra–Baisakh),63.6,10.6,42,Pre-Monsoon Sporadic,Irrigation required for dry season cultivation
jhapa,undefined,2020,May,Spring (Baisakh–Jestha),83.0,16.9,51,Pre-Monsoon Thunderstorms,Prepare soil for paddy nurseries; thunder showers likely
morang,undefined,2020,June,Monsoon (Jestha–Asar),166.7,17.7,68,Monsoon Onset Phase,Transplant main season paddy; abundant rain
sunsari,undefined,2020,July,Monsoon (Asar–Shrawan),223.9,18.2,82,Peak Monsoon Phase,No irrigation needed; maintain field drainage
ilam,undefined,2020,August,Monsoon (Shrawan–Bhadra),177.7,17.2,73,Peak Monsoon Phase,High rainfall; manage field overflow and weeding
panchthar,undefined,2020,September,Autumn (Bhadra–Asoj),141.5,12.2,67,Late Monsoon Retreat,Adequate soil moisture for grain filling
taplejung,undefined,2020,October,Autumn (Asoj–Karthik),37.0,10.9,57,Post-Monsoon Autumn,Good window for harvesting paddy and sowing winter crops
dhankuta,undefined,2020,November,Autumn (Karthik–Mangsir),8.3,6.3,46,Post-Monsoon Dry,Residual moisture decreasing; prepare wheat sowing
bhojpur,undefined,2020,December,Winter (Mangsir–Poush),6.7,0.5,47,Early Winter Dry Period,First irrigation for germinating wheat & potato
terhathum,undefined,2021,January,Winter (Poush–Magh),18.6,-1.1,50,Winter Dry Period,Critical: Supplemental irrigation required for wheat & mustard
sankhuwasabha,undefined,2021,February,Winter (Magh–Falgun),25.6,0.5,51,Late Winter Dry,Moderate irrigation for winter crops
solukhumbu,undefined,2021,March,Spring (Falgun–Chaitra),41.7,6.9,47,Pre-Monsoon Initiation,Light irrigation for spring maize & vegetables
khotang,undefined,2021,April,Spring (Chaitra–Baisakh),40.3,9.2,39,Pre-Monsoon Sporadic,Irrigation required for dry season cultivation
okhaldhunga,undefined,2021,May,Spring (Baisakh–Jestha),79.5,15.3,51,Pre-Monsoon Thunderstorms,Prepare soil for paddy nurseries; thunder showers likely
udayapur,undefined,2021,June,Monsoon (Jestha–Asar),168.4,15.5,73,Monsoon Onset Phase,Transplant main season paddy; abundant rain
saptari,undefined,2021,July,Monsoon (Asar–Shrawan),237.0,19.3,79,Peak Monsoon Phase,No irrigation needed; maintain field drainage
siraha,undefined,2021,August,Monsoon (Shrawan–Bhadra),224.4,17.7,77,Peak Monsoon Phase,High rainfall; manage field overflow and weeding
dhanusha,undefined,2021,September,Autumn (Bhadra–Asoj),131.6,15.6,70,Late Monsoon Retreat,Adequate soil moisture for grain filling
mahottari,undefined,2021,October,Autumn (Asoj–Karthik),38.7,8.9,63,Post-Monsoon Autumn,Good window for harvesting paddy and sowing winter crops
sarlahi,undefined,2021,November,Autumn (Karthik–Mangsir),8.1,6.2,51,Post-Monsoon Dry,Residual moisture decreasing; prepare wheat sowing
rautahat,undefined,2021,December,Winter (Mangsir–Poush),7.9,0.2,47,Early Winter Dry Period,First irrigation for germinating wheat & potato
bara,undefined,2022,January,Winter (Poush–Magh),24.8,-2.8,48,Winter Dry Period,Critical: Supplemental irrigation required for wheat & mustard
parsa,undefined,2022,February,Winter (Magh–Falgun),20.1,1.5,38,Late Winter Dry,Moderate irrigation for winter crops
chitwan,undefined,2022,March,Spring (Falgun–Chaitra),29.0,7.9,43,Pre-Monsoon Initiation,Light irrigation for spring maize & vegetables
kathmandu,undefined,2022,April,Spring (Chaitra–Baisakh),51.1,9.8,41,Pre-Monsoon Sporadic,Irrigation required for dry season cultivation
lalitpur,undefined,2022,May,Spring (Baisakh–Jestha),80.0,13.6,58,Pre-Monsoon Thunderstorms,Prepare soil for paddy nurseries; thunder showers likely
bhaktapur,undefined,2022,June,Monsoon (Jestha–Asar),181.1,16.7,68,Monsoon Onset Phase,Transplant main season paddy; abundant rain
kavrepalanchok,undefined,2022,July,Monsoon (Asar–Shrawan),247.5,15.5,77,Peak Monsoon Phase,No irrigation needed; maintain field drainage
dhading,undefined,2022,August,Monsoon (Shrawan–Bhadra),188.5,15.8,74,Peak Monsoon Phase,High rainfall; manage field overflow and weeding
nuwakot,undefined,2022,September,Autumn (Bhadra–Asoj),152.4,14.8,67,Late Monsoon Retreat,Adequate soil moisture for grain filling
makwanpur,undefined,2022,October,Autumn (Asoj–Karthik),38.0,10.7,61,Post-Monsoon Autumn,Good window for harvesting paddy and sowing winter crops
sindhupalchok,undefined,2022,November,Autumn (Karthik–Mangsir),9.1,3.2,54,Post-Monsoon Dry,Residual moisture decreasing; prepare wheat sowing
dolakha,undefined,2022,December,Winter (Mangsir–Poush),10.6,1.1,52,Early Winter Dry Period,First irrigation for germinating wheat & potato
ramechhap,undefined,2023,January,Winter (Poush–Magh),25.5,-2.6,55,Winter Dry Period,Critical: Supplemental irrigation required for wheat & mustard
sindhuli,undefined,2023,February,Winter (Magh–Falgun),28.8,4.5,45,Late Winter Dry,Moderate irrigation for winter crops
rasuwa,undefined,2023,March,Spring (Falgun–Chaitra),47.9,7.2,37,Pre-Monsoon Initiation,Light irrigation for spring maize & vegetables
gorkha,undefined,2023,April,Spring (Chaitra–Baisakh),44.5,10.6,43,Pre-Monsoon Sporadic,Irrigation required for dry season cultivation
kaski,undefined,2023,May,Spring (Baisakh–Jestha),86.3,14.3,51,Pre-Monsoon Thunderstorms,Prepare soil for paddy nurseries; thunder showers likely
tanahun,undefined,2023,June,Monsoon (Jestha–Asar),211.4,19.1,69,Monsoon Onset Phase,Transplant main season paddy; abundant rain
syangja,undefined,2023,July,Monsoon (Asar–Shrawan),241.4,18.1,80,Peak Monsoon Phase,No irrigation needed; maintain field drainage
lamjung,undefined,2023,August,Monsoon (Shrawan–Bhadra),177.8,16.7,69,Peak Monsoon Phase,High rainfall; manage field overflow and weeding
nawalpur,undefined,2023,September,Autumn (Bhadra–Asoj),127.2,14.8,68,Late Monsoon Retreat,Adequate soil moisture for grain filling
parbat,undefined,2023,October,Autumn (Asoj–Karthik),43.3,7.5,52,Post-Monsoon Autumn,Good window for harvesting paddy and sowing winter crops
baglung,undefined,2023,November,Autumn (Karthik–Mangsir),9.3,5.3,58,Post-Monsoon Dry,Residual moisture decreasing; prepare wheat sowing
myagdi,undefined,2023,December,Winter (Mangsir–Poush),9.3,1.3,49,Early Winter Dry Period,First irrigation for germinating wheat & potato
mustang,undefined,2024,January,Winter (Poush–Magh),21.4,-0.9,52,Winter Dry Period,Critical: Supplemental irrigation required for wheat & mustard
manang,undefined,2024,February,Winter (Magh–Falgun),21.4,3.8,53,Late Winter Dry,Moderate irrigation for winter crops
rupandehi,undefined,2024,March,Spring (Falgun–Chaitra),34.4,7.5,41,Pre-Monsoon Initiation,Light irrigation for spring maize & vegetables
kapilvastu,undefined,2024,April,Spring (Chaitra–Baisakh),49.9,10.3,39,Pre-Monsoon Sporadic,Irrigation required for dry season cultivation
nawalparasi west,undefined,2024,May,Spring (Baisakh–Jestha),79.7,16.4,54,Pre-Monsoon Thunderstorms,Prepare soil for paddy nurseries; thunder showers likely
palpa,undefined,2024,June,Monsoon (Jestha–Asar),151.1,17.9,56,Monsoon Onset Phase,Transplant main season paddy; abundant rain
gulmi,undefined,2024,July,Monsoon (Asar–Shrawan),281.4,15.9,76,Peak Monsoon Phase,No irrigation needed; maintain field drainage
arghakhanchi,undefined,2024,August,Monsoon (Shrawan–Bhadra),174.7,15.4,80,Peak Monsoon Phase,High rainfall; manage field overflow and weeding
dang,undefined,2024,September,Autumn (Bhadra–Asoj),111.6,14.4,69,Late Monsoon Retreat,Adequate soil moisture for grain filling
pyuthan,undefined,2024,October,Autumn (Asoj–Karthik),37.5,9.1,52,Post-Monsoon Autumn,Good window for harvesting paddy and sowing winter crops
rolpa,undefined,2024,November,Autumn (Karthik–Mangsir),10.3,3.4,45,Post-Monsoon Dry,Residual moisture decreasing; prepare wheat sowing
rukum east,undefined,2024,December,Winter (Mangsir–Poush),9.4,1.8,53,Early Winter Dry Period,First irrigation for germinating wheat & potato
banke,undefined,1995,January,Winter (Poush–Magh),20.8,-2.4,48,Winter Dry Period,Critical: Supplemental irrigation required for wheat & mustard
bardiya,undefined,1995,February,Winter (Magh–Falgun),36.7,2.5,49,Late Winter Dry,Moderate irrigation for winter crops
surkhet,undefined,1995,March,Spring (Falgun–Chaitra),43.9,7.3,38,Pre-Monsoon Initiation,Light irrigation for spring maize & vegetables
dailekh,undefined,1995,April,Spring (Chaitra–Baisakh),46.6,10.9,41,Pre-Monsoon Sporadic,Irrigation required for dry season cultivation
jajarkot,undefined,1995,May,Spring (Baisakh–Jestha),88.7,15.1,54,Pre-Monsoon Thunderstorms,Prepare soil for paddy nurseries; thunder showers likely
rukum west,undefined,1995,June,Monsoon (Jestha–Asar),158.1,17.1,60,Monsoon Onset Phase,Transplant main season paddy; abundant rain
jumla,undefined,1995,July,Monsoon (Asar–Shrawan),273.0,18.4,81,Peak Monsoon Phase,No irrigation needed; maintain field drainage
kalikot,undefined,1995,August,Monsoon (Shrawan–Bhadra),118.8,19.5,75,Peak Monsoon Phase,High rainfall; manage field overflow and weeding
mugu,undefined,1995,September,Autumn (Bhadra–Asoj),139.9,12.8,72,Late Monsoon Retreat,Adequate soil moisture for grain filling
humla,undefined,1995,October,Autumn (Asoj–Karthik),29.5,8.3,65,Post-Monsoon Autumn,Good window for harvesting paddy and sowing winter crops
dolpa,undefined,1995,November,Autumn (Karthik–Mangsir),8.7,4.3,55,Post-Monsoon Dry,Residual moisture decreasing; prepare wheat sowing
kailali,undefined,1995,December,Winter (Mangsir–Poush),10.7,0.2,51,Early Winter Dry Period,First irrigation for germinating wheat & potato
kanchanpur,undefined,1996,January,Winter (Poush–Magh),29.9,-2.1,50,Winter Dry Period,Critical: Supplemental irrigation required for wheat & mustard
doti,undefined,1996,February,Winter (Magh–Falgun),32.4,3.3,52,Late Winter Dry,Moderate irrigation for winter crops
achham,undefined,1996,March,Spring (Falgun–Chaitra),41.6,5.6,46,Pre-Monsoon Initiation,Light irrigation for spring maize & vegetables
dadeldhura,undefined,1996,April,Spring (Chaitra–Baisakh),39.7,11.4,38,Pre-Monsoon Sporadic,Irrigation required for dry season cultivation
baitadi,undefined,1996,May,Spring (Baisakh–Jestha),79.2,15.4,53,Pre-Monsoon Thunderstorms,Prepare soil for paddy nurseries; thunder showers likely
bajhang,undefined,1996,June,Monsoon (Jestha–Asar),170.1,18.9,69,Monsoon Onset Phase,Transplant main season paddy; abundant rain
bajura,undefined,1996,July,Monsoon (Asar–Shrawan),231.2,19.2,82,Peak Monsoon Phase,No irrigation needed; maintain field drainage
darchula,undefined,1996,August,Monsoon (Shrawan–Bhadra),171.3,17.7,78,Peak Monsoon Phase,High rainfall; manage field overflow and weeding
jhapa,undefined,1996,September,Autumn (Bhadra–Asoj),114.6,15.7,69,Late Monsoon Retreat,Adequate soil moisture for grain filling
morang,undefined,1996,October,Autumn (Asoj–Karthik),35.7,8.8,58,Post-Monsoon Autumn,Good window for harvesting paddy and sowing winter crops
sunsari,undefined,1996,November,Autumn (Karthik–Mangsir),7.5,2.3,58,Post-Monsoon Dry,Residual moisture decreasing; prepare wheat sowing
ilam,undefined,1996,December,Winter (Mangsir–Poush),8.7,-1.2,41,Early Winter Dry Period,First irrigation for germinating wheat & potato
panchthar,undefined,1997,January,Winter (Poush–Magh),19.9,-3.6,56,Winter Dry Period,Critical: Supplemental irrigation required for wheat & mustard
taplejung,undefined,1997,February,Winter (Magh–Falgun),32.2,1.2,57,Late Winter Dry,Moderate irrigation for winter crops
dhankuta,undefined,1997,March,Spring (Falgun–Chaitra),43.6,6.6,30,Pre-Monsoon Initiation,Light irrigation for spring maize & vegetables
bhojpur,undefined,1997,April,Spring (Chaitra–Baisakh),64.5,9.3,35,Pre-Monsoon Sporadic,Irrigation required for dry season cultivation
terhathum,undefined,1997,May,Spring (Baisakh–Jestha),92.3,17.9,57,Pre-Monsoon Thunderstorms,Prepare soil for paddy nurseries; thunder showers likely
sankhuwasabha,undefined,1997,June,Monsoon (Jestha–Asar),173.5,17.7,71,Monsoon Onset Phase,Transplant main season paddy; abundant rain
solukhumbu,undefined,1997,July,Monsoon (Asar–Shrawan),267.3,18.3,78,Peak Monsoon Phase,No irrigation needed; maintain field drainage
khotang,undefined,1997,August,Monsoon (Shrawan–Bhadra),208.0,16.1,74,Peak Monsoon Phase,High rainfall; manage field overflow and weeding
okhaldhunga,undefined,1997,September,Autumn (Bhadra–Asoj),89.5,13.9,66,Late Monsoon Retreat,Adequate soil moisture for grain filling
udayapur,undefined,1997,October,Autumn (Asoj–Karthik),29.2,9.2,63,Post-Monsoon Autumn,Good window for harvesting paddy and sowing winter crops
saptari,undefined,1997,November,Autumn (Karthik–Mangsir),10.2,2.1,48,Post-Monsoon Dry,Residual moisture decreasing; prepare wheat sowing
siraha,undefined,1997,December,Winter (Mangsir–Poush),11.4,-1.2,49,Early Winter Dry Period,First irrigation for germinating wheat & potato
dhanusha,undefined,1998,January,Winter (Poush–Magh),23.8,-3.2,50,Winter Dry Period,Critical: Supplemental irrigation required for wheat & mustard
mahottari,undefined,1998,February,Winter (Magh–Falgun),22.4,1.3,49,Late Winter Dry,Moderate irrigation for winter crops
sarlahi,undefined,1998,March,Spring (Falgun–Chaitra),28.9,7.5,39,Pre-Monsoon Initiation,Light irrigation for spring maize & vegetables
rautahat,undefined,1998,April,Spring (Chaitra–Baisakh),52.0,11.3,47,Pre-Monsoon Sporadic,Irrigation required for dry season cultivation
bara,undefined,1998,May,Spring (Baisakh–Jestha),81.5,14.5,52,Pre-Monsoon Thunderstorms,Prepare soil for paddy nurseries; thunder showers likely
parsa,undefined,1998,June,Monsoon (Jestha–Asar),173.0,17.1,68,Monsoon Onset Phase,Transplant main season paddy; abundant rain
chitwan,undefined,1998,July,Monsoon (Asar–Shrawan),214.7,17.2,72,Peak Monsoon Phase,No irrigation needed; maintain field drainage
kathmandu,undefined,1998,August,Monsoon (Shrawan–Bhadra),265.1,15.5,73,Peak Monsoon Phase,High rainfall; manage field overflow and weeding
lalitpur,undefined,1998,September,Autumn (Bhadra–Asoj),107.1,15.1,68,Late Monsoon Retreat,Adequate soil moisture for grain filling
bhaktapur,undefined,1998,October,Autumn (Asoj–Karthik),41.6,8.2,59,Post-Monsoon Autumn,Good window for harvesting paddy and sowing winter crops
kavrepalanchok,undefined,1998,November,Autumn (Karthik–Mangsir),7.9,6.6,47,Post-Monsoon Dry,Residual moisture decreasing; prepare wheat sowing
dhading,undefined,1998,December,Winter (Mangsir–Poush),10.5,0.8,51,Early Winter Dry Period,First irrigation for germinating wheat & potato
nuwakot,undefined,1999,January,Winter (Poush–Magh),21.4,-2.2,50,Winter Dry Period,Critical: Supplemental irrigation required for wheat & mustard
makwanpur,undefined,1999,February,Winter (Magh–Falgun),27.4,3.2,56,Late Winter Dry,Moderate irrigation for winter crops
sindhupalchok,undefined,1999,March,Spring (Falgun–Chaitra),34.8,5.4,39,Pre-Monsoon Initiation,Light irrigation for spring maize & vegetables
dolakha,undefined,1999,April,Spring (Chaitra–Baisakh),66.6,10.0,48,Pre-Monsoon Sporadic,Irrigation required for dry season cultivation
ramechhap,undefined,1999,May,Spring (Baisakh–Jestha),100.1,14.3,54,Pre-Monsoon Thunderstorms,Prepare soil for paddy nurseries; thunder showers likely
sindhuli,undefined,1999,June,Monsoon (Jestha–Asar),199.1,16.5,67,Monsoon Onset Phase,Transplant main season paddy; abundant rain
rasuwa,undefined,1999,July,Monsoon (Asar–Shrawan),219.1,16.8,75,Peak Monsoon Phase,No irrigation needed; maintain field drainage
gorkha,undefined,1999,August,Monsoon (Shrawan–Bhadra),171.4,17.0,72,Peak Monsoon Phase,High rainfall; manage field overflow and weeding
kaski,undefined,1999,September,Autumn (Bhadra–Asoj),124.2,12.1,71,Late Monsoon Retreat,Adequate soil moisture for grain filling
tanahun,undefined,1999,October,Autumn (Asoj–Karthik),39.4,6.6,59,Post-Monsoon Autumn,Good window for harvesting paddy and sowing winter crops
syangja,undefined,1999,November,Autumn (Karthik–Mangsir),10.7,2.5,58,Post-Monsoon Dry,Residual moisture decreasing; prepare wheat sowing
lamjung,undefined,1999,December,Winter (Mangsir–Poush),10.6,-0.8,49,Early Winter Dry Period,First irrigation for germinating wheat & potato
nawalpur,undefined,2000,January,Winter (Poush–Magh),23.8,-1.9,52,Winter Dry Period,Critical: Supplemental irrigation required for wheat & mustard
parbat,undefined,2000,February,Winter (Magh–Falgun),24.1,2.2,42,Late Winter Dry,Moderate irrigation for winter crops
baglung,undefined,2000,March,Spring (Falgun–Chaitra),37.4,5.9,37,Pre-Monsoon Initiation,Light irrigation for spring maize & vegetables
myagdi,undefined,2000,April,Spring (Chaitra–Baisakh),56.9,12.3,44,Pre-Monsoon Sporadic,Irrigation required for dry season cultivation
mustang,undefined,2000,May,Spring (Baisakh–Jestha),66.9,14.6,56,Pre-Monsoon Thunderstorms,Prepare soil for paddy nurseries; thunder showers likely
manang,undefined,2000,June,Monsoon (Jestha–Asar),163.4,19.8,69,Monsoon Onset Phase,Transplant main season paddy; abundant rain
rupandehi,undefined,2000,July,Monsoon (Asar–Shrawan),246.9,17.6,78,Peak Monsoon Phase,No irrigation needed; maintain field drainage
kapilvastu,undefined,2000,August,Monsoon (Shrawan–Bhadra),205.2,17.8,79,Peak Monsoon Phase,High rainfall; manage field overflow and weeding
nawalparasi west,undefined,2000,September,Autumn (Bhadra–Asoj),105.9,12.4,62,Late Monsoon Retreat,Adequate soil moisture for grain filling
palpa,undefined,2000,October,Autumn (Asoj–Karthik),37.7,7.7,49,Post-Monsoon Autumn,Good window for harvesting paddy and sowing winter crops
gulmi,undefined,2000,November,Autumn (Karthik–Mangsir),9.5,7.0,51,Post-Monsoon Dry,Residual moisture decreasing; prepare wheat sowing
arghakhanchi,undefined,2000,December,Winter (Mangsir–Poush),11.3,0.1,49,Early Winter Dry Period,First irrigation for germinating wheat & potato
dang,undefined,2001,January,Winter (Poush–Magh),25.0,-2.3,51,Winter Dry Period,Critical: Supplemental irrigation required for wheat & mustard
pyuthan,undefined,2001,February,Winter (Magh–Falgun),29.4,1.2,51,Late Winter Dry,Moderate irrigation for winter crops
rolpa,undefined,2001,March,Spring (Falgun–Chaitra),37.0,6.1,42,Pre-Monsoon Initiation,Light irrigation for spring maize & vegetables
rukum east,undefined,2001,April,Spring (Chaitra–Baisakh),41.5,11.0,41,Pre-Monsoon Sporadic,Irrigation required for dry season cultivation
banke,undefined,2001,May,Spring (Baisakh–Jestha),93.0,15.6,51,Pre-Monsoon Thunderstorms,Prepare soil for paddy nurseries; thunder showers likely
bardiya,undefined,2001,June,Monsoon (Jestha–Asar),179.6,18.7,70,Monsoon Onset Phase,Transplant main season paddy; abundant rain
surkhet,undefined,2001,July,Monsoon (Asar–Shrawan),240.4,16.4,73,Peak Monsoon Phase,No irrigation needed; maintain field drainage
dailekh,undefined,2001,August,Monsoon (Shrawan–Bhadra),200.4,16.3,75,Peak Monsoon Phase,High rainfall; manage field overflow and weeding
jajarkot,undefined,2001,September,Autumn (Bhadra–Asoj),121.0,14.6,69,Late Monsoon Retreat,Adequate soil moisture for grain filling
rukum west,undefined,2001,October,Autumn (Asoj–Karthik),37.6,9.1,50,Post-Monsoon Autumn,Good window for harvesting paddy and sowing winter crops
jumla,undefined,2001,November,Autumn (Karthik–Mangsir),7.7,3.8,47,Post-Monsoon Dry,Residual moisture decreasing; prepare wheat sowing
kalikot,undefined,2001,December,Winter (Mangsir–Poush),10.9,1.8,54,Early Winter Dry Period,First irrigation for germinating wheat & potato
mugu,undefined,2002,January,Winter (Poush–Magh),21.3,-0.2,50,Winter Dry Period,Critical: Supplemental irrigation required for wheat & mustard
humla,undefined,2002,February,Winter (Magh–Falgun),26.6,1.3,46,Late Winter Dry,Moderate irrigation for winter crops
dolpa,undefined,2002,March,Spring (Falgun–Chaitra),35.8,7.2,40,Pre-Monsoon Initiation,Light irrigation for spring maize & vegetables
kailali,undefined,2002,April,Spring (Chaitra–Baisakh),48.0,11.5,46,Pre-Monsoon Sporadic,Irrigation required for dry season cultivation
kanchanpur,undefined,2002,May,Spring (Baisakh–Jestha),91.4,13.2,41,Pre-Monsoon Thunderstorms,Prepare soil for paddy nurseries; thunder showers likely
doti,undefined,2002,June,Monsoon (Jestha–Asar),182.4,15.4,67,Monsoon Onset Phase,Transplant main season paddy; abundant rain
achham,undefined,2002,July,Monsoon (Asar–Shrawan),197.9,15.8,80,Peak Monsoon Phase,No irrigation needed; maintain field drainage
dadeldhura,undefined,2002,August,Monsoon (Shrawan–Bhadra),233.9,16.3,65,Peak Monsoon Phase,High rainfall; manage field overflow and weeding
baitadi,undefined,2002,September,Autumn (Bhadra–Asoj),110.2,14.5,64,Late Monsoon Retreat,Adequate soil moisture for grain filling
bajhang,undefined,2002,October,Autumn (Asoj–Karthik),36.0,9.0,60,Post-Monsoon Autumn,Good window for harvesting paddy and sowing winter crops
bajura,undefined,2002,November,Autumn (Karthik–Mangsir),9.2,2.8,56,Post-Monsoon Dry,Residual moisture decreasing; prepare wheat sowing
darchula,undefined,2002,December,Winter (Mangsir–Poush),9.8,-0.0,46,Early Winter Dry Period,First irrigation for germinating wheat & potato
jhapa,undefined,2003,January,Winter (Poush–Magh),20.5,-3.1,49,Winter Dry Period,Critical: Supplemental irrigation required for wheat & mustard
morang,undefined,2003,February,Winter (Magh–Falgun),35.2,0.4,41,Late Winter Dry,Moderate irrigation for winter crops
sunsari,undefined,2003,March,Spring (Falgun–Chaitra),46.4,6.7,37,Pre-Monsoon Initiation,Light irrigation for spring maize & vegetables
ilam,undefined,2003,April,Spring (Chaitra–Baisakh),55.5,10.3,49,Pre-Monsoon Sporadic,Irrigation required for dry season cultivation
panchthar,undefined,2003,May,Spring (Baisakh–Jestha),88.1,14.4,60,Pre-Monsoon Thunderstorms,Prepare soil for paddy nurseries; thunder showers likely
taplejung,undefined,2003,June,Monsoon (Jestha–Asar),145.5,17.9,69,Monsoon Onset Phase,Transplant main season paddy; abundant rain
dhankuta,undefined,2003,July,Monsoon (Asar–Shrawan),286.9,19.9,78,Peak Monsoon Phase,No irrigation needed; maintain field drainage
bhojpur,undefined,2003,August,Monsoon (Shrawan–Bhadra),186.3,17.6,73,Peak Monsoon Phase,High rainfall; manage field overflow and weeding
terhathum,undefined,2003,September,Autumn (Bhadra–Asoj),156.2,14.2,68,Late Monsoon Retreat,Adequate soil moisture for grain filling
sankhuwasabha,undefined,2003,October,Autumn (Asoj–Karthik),36.0,7.4,54,Post-Monsoon Autumn,Good window for harvesting paddy and sowing winter crops
solukhumbu,undefined,2003,November,Autumn (Karthik–Mangsir),10.6,3.2,47,Post-Monsoon Dry,Residual moisture decreasing; prepare wheat sowing
khotang,undefined,2003,December,Winter (Mangsir–Poush),10.8,1.4,52,Early Winter Dry Period,First irrigation for germinating wheat & potato
okhaldhunga,undefined,2004,January,Winter (Poush–Magh),25.3,-2.9,44,Winter Dry Period,Critical: Supplemental irrigation required for wheat & mustard
udayapur,undefined,2004,February,Winter (Magh–Falgun),34.3,1.6,46,Late Winter Dry,Moderate irrigation for winter crops
saptari,undefined,2004,March,Spring (Falgun–Chaitra),45.6,7.7,41,Pre-Monsoon Initiation,Light irrigation for spring maize & vegetables
siraha,undefined,2004,April,Spring (Chaitra–Baisakh),63.6,10.2,45,Pre-Monsoon Sporadic,Irrigation required for dry season cultivation
dhanusha,undefined,2004,May,Spring (Baisakh–Jestha),80.7,15.3,58,Pre-Monsoon Thunderstorms,Prepare soil for paddy nurseries; thunder showers likely
mahottari,undefined,2004,June,Monsoon (Jestha–Asar),172.2,17.6,72,Monsoon Onset Phase,Transplant main season paddy; abundant rain
sarlahi,undefined,2004,July,Monsoon (Asar–Shrawan),226.9,17.0,73,Peak Monsoon Phase,No irrigation needed; maintain field drainage
rautahat,undefined,2004,August,Monsoon (Shrawan–Bhadra),148.1,19.5,71,Peak Monsoon Phase,High rainfall; manage field overflow and weeding
bara,undefined,2004,September,Autumn (Bhadra–Asoj),116.0,13.7,71,Late Monsoon Retreat,Adequate soil moisture for grain filling
parsa,undefined,2004,October,Autumn (Asoj–Karthik),39.3,10.0,55,Post-Monsoon Autumn,Good window for harvesting paddy and sowing winter crops
chitwan,undefined,2004,November,Autumn (Karthik–Mangsir),8.8,4.3,51,Post-Monsoon Dry,Residual moisture decreasing; prepare wheat sowing
kathmandu,undefined,2004,December,Winter (Mangsir–Poush),12.4,0.6,52,Early Winter Dry Period,First irrigation for germinating wheat & potato
lalitpur,undefined,2005,January,Winter (Poush–Magh),24.2,-0.6,50,Winter Dry Period,Critical: Supplemental irrigation required for wheat & mustard
bhaktapur,undefined,2005,February,Winter (Magh–Falgun),22.6,2.5,45,Late Winter Dry,Moderate irrigation for winter crops
kavrepalanchok,undefined,2005,March,Spring (Falgun–Chaitra),35.0,7.7,44,Pre-Monsoon Initiation,Light irrigation for spring maize & vegetables
dhading,undefined,2005,April,Spring (Chaitra–Baisakh),48.2,11.4,48,Pre-Monsoon Sporadic,Irrigation required for dry season cultivation
nuwakot,undefined,2005,May,Spring (Baisakh–Jestha),82.9,18.1,54,Pre-Monsoon Thunderstorms,Prepare soil for paddy nurseries; thunder showers likely
makwanpur,undefined,2005,June,Monsoon (Jestha–Asar),117.7,17.9,69,Monsoon Onset Phase,Transplant main season paddy; abundant rain
sindhupalchok,undefined,2005,July,Monsoon (Asar–Shrawan),286.4,18.8,77,Peak Monsoon Phase,No irrigation needed; maintain field drainage
dolakha,undefined,2005,August,Monsoon (Shrawan–Bhadra),171.4,16.7,72,Peak Monsoon Phase,High rainfall; manage field overflow and weeding
ramechhap,undefined,2005,September,Autumn (Bhadra–Asoj),109.6,14.7,76,Late Monsoon Retreat,Adequate soil moisture for grain filling
sindhuli,undefined,2005,October,Autumn (Asoj–Karthik),37.1,7.6,59,Post-Monsoon Autumn,Good window for harvesting paddy and sowing winter crops
rasuwa,undefined,2005,November,Autumn (Karthik–Mangsir),10.6,3.3,51,Post-Monsoon Dry,Residual moisture decreasing; prepare wheat sowing
gorkha,undefined,2005,December,Winter (Mangsir–Poush),10.0,-0.9,52,Early Winter Dry Period,First irrigation for germinating wheat & potato
kaski,undefined,2006,January,Winter (Poush–Magh),21.6,-1.5,46,Winter Dry Period,Critical: Supplemental irrigation required for wheat & mustard
tanahun,undefined,2006,February,Winter (Magh–Falgun),26.2,2.9,46,Late Winter Dry,Moderate irrigation for winter crops
syangja,undefined,2006,March,Spring (Falgun–Chaitra),47.8,6.5,40,Pre-Monsoon Initiation,Light irrigation for spring maize & vegetables
lamjung,undefined,2006,April,Spring (Chaitra–Baisakh),54.7,9.3,34,Pre-Monsoon Sporadic,Irrigation required for dry season cultivation
nawalpur,undefined,2006,May,Spring (Baisakh–Jestha),61.7,16.5,49,Pre-Monsoon Thunderstorms,Prepare soil for paddy nurseries; thunder showers likely
parbat,undefined,2006,June,Monsoon (Jestha–Asar),221.4,16.3,68,Monsoon Onset Phase,Transplant main season paddy; abundant rain
baglung,undefined,2006,July,Monsoon (Asar–Shrawan),295.5,20.4,86,Peak Monsoon Phase,No irrigation needed; maintain field drainage
myagdi,undefined,2006,August,Monsoon (Shrawan–Bhadra),248.1,18.2,78,Peak Monsoon Phase,High rainfall; manage field overflow and weeding
mustang,undefined,2006,September,Autumn (Bhadra–Asoj),134.0,13.3,66,Late Monsoon Retreat,Adequate soil moisture for grain filling
manang,undefined,2006,October,Autumn (Asoj–Karthik),35.0,8.8,56,Post-Monsoon Autumn,Good window for harvesting paddy and sowing winter crops
rupandehi,undefined,2006,November,Autumn (Karthik–Mangsir),9.9,5.1,52,Post-Monsoon Dry,Residual moisture decreasing; prepare wheat sowing
kapilvastu,undefined,2006,December,Winter (Mangsir–Poush),12.2,-1.4,49,Early Winter Dry Period,First irrigation for germinating wheat & potato
nawalparasi west,undefined,2007,January,Winter (Poush–Magh),19.6,-4.2,49,Winter Dry Period,Critical: Supplemental irrigation required for wheat & mustard
palpa,undefined,2007,February,Winter (Magh–Falgun),27.5,3.8,50,Late Winter Dry,Moderate irrigation for winter crops
gulmi,undefined,2007,March,Spring (Falgun–Chaitra),32.2,9.2,44,Pre-Monsoon Initiation,Light irrigation for spring maize & vegetables
arghakhanchi,undefined,2007,April,Spring (Chaitra–Baisakh),52.2,10.7,38,Pre-Monsoon Sporadic,Irrigation required for dry season cultivation
dang,undefined,2007,May,Spring (Baisakh–Jestha),75.5,16.3,59,Pre-Monsoon Thunderstorms,Prepare soil for paddy nurseries; thunder showers likely
pyuthan,undefined,2007,June,Monsoon (Jestha–Asar),197.0,16.4,63,Monsoon Onset Phase,Transplant main season paddy; abundant rain
rolpa,undefined,2007,July,Monsoon (Asar–Shrawan),245.1,15.9,79,Peak Monsoon Phase,No irrigation needed; maintain field drainage
rukum east,undefined,2007,August,Monsoon (Shrawan–Bhadra),205.4,16.4,69,Peak Monsoon Phase,High rainfall; manage field overflow and weeding
banke,undefined,2007,September,Autumn (Bhadra–Asoj),129.2,13.4,65,Late Monsoon Retreat,Adequate soil moisture for grain filling
bardiya,undefined,2007,October,Autumn (Asoj–Karthik),19.9,9.0,65,Post-Monsoon Autumn,Good window for harvesting paddy and sowing winter crops
surkhet,undefined,2007,November,Autumn (Karthik–Mangsir),11.2,3.5,49,Post-Monsoon Dry,Residual moisture decreasing; prepare wheat sowing
dailekh,undefined,2007,December,Winter (Mangsir–Poush),10.7,-1.2,51,Early Winter Dry Period,First irrigation for germinating wheat & potato
jajarkot,undefined,2008,January,Winter (Poush–Magh),24.5,-0.5,49,Winter Dry Period,Critical: Supplemental irrigation required for wheat & mustard
rukum west,undefined,2008,February,Winter (Magh–Falgun),27.1,0.9,44,Late Winter Dry,Moderate irrigation for winter crops
jumla,undefined,2008,March,Spring (Falgun–Chaitra),36.7,7.4,43,Pre-Monsoon Initiation,Light irrigation for spring maize & vegetables
kalikot,undefined,2008,April,Spring (Chaitra–Baisakh),42.2,12.8,40,Pre-Monsoon Sporadic,Irrigation required for dry season cultivation
mugu,undefined,2008,May,Spring (Baisakh–Jestha),79.7,14.1,42,Pre-Monsoon Thunderstorms,Prepare soil for paddy nurseries; thunder showers likely
humla,undefined,2008,June,Monsoon (Jestha–Asar),181.2,17.9,66,Monsoon Onset Phase,Transplant main season paddy; abundant rain
dolpa,undefined,2008,July,Monsoon (Asar–Shrawan),242.4,18.6,71,Peak Monsoon Phase,No irrigation needed; maintain field drainage
kailali,undefined,2008,August,Monsoon (Shrawan–Bhadra),193.3,18.0,70,Peak Monsoon Phase,High rainfall; manage field overflow and weeding
kanchanpur,undefined,2008,September,Autumn (Bhadra–Asoj),125.3,12.4,71,Late Monsoon Retreat,Adequate soil moisture for grain filling
doti,undefined,2008,October,Autumn (Asoj–Karthik),34.8,7.1,62,Post-Monsoon Autumn,Good window for harvesting paddy and sowing winter crops
achham,undefined,2008,November,Autumn (Karthik–Mangsir),8.0,3.0,52,Post-Monsoon Dry,Residual moisture decreasing; prepare wheat sowing
dadeldhura,undefined,2008,December,Winter (Mangsir–Poush),11.7,-1.2,50,Early Winter Dry Period,First irrigation for germinating wheat & potato
baitadi,undefined,2009,January,Winter (Poush–Magh),23.4,-1.2,50,Winter Dry Period,Critical: Supplemental irrigation required for wheat & mustard
bajhang,undefined,2009,February,Winter (Magh–Falgun),26.5,1.0,48,Late Winter Dry,Moderate irrigation for winter crops
bajura,undefined,2009,March,Spring (Falgun–Chaitra),31.9,3.5,41,Pre-Monsoon Initiation,Light irrigation for spring maize & vegetables
darchula,undefined,2009,April,Spring (Chaitra–Baisakh),54.5,8.2,37,Pre-Monsoon Sporadic,Irrigation required for dry season cultivation
jhapa,undefined,2009,May,Spring (Baisakh–Jestha),87.4,17.5,52,Pre-Monsoon Thunderstorms,Prepare soil for paddy nurseries; thunder showers likely
morang,undefined,2009,June,Monsoon (Jestha–Asar),142.5,16.8,73,Monsoon Onset Phase,Transplant main season paddy; abundant rain
sunsari,undefined,2009,July,Monsoon (Asar–Shrawan),216.7,17.0,76,Peak Monsoon Phase,No irrigation needed; maintain field drainage
ilam,undefined,2009,August,Monsoon (Shrawan–Bhadra),180.0,17.1,82,Peak Monsoon Phase,High rainfall; manage field overflow and weeding
panchthar,undefined,2009,September,Autumn (Bhadra–Asoj),125.8,13.7,68,Late Monsoon Retreat,Adequate soil moisture for grain filling
taplejung,undefined,2009,October,Autumn (Asoj–Karthik),26.8,10.1,57,Post-Monsoon Autumn,Good window for harvesting paddy and sowing winter crops
dhankuta,undefined,2009,November,Autumn (Karthik–Mangsir),8.8,7.8,53,Post-Monsoon Dry,Residual moisture decreasing; prepare wheat sowing
bhojpur,undefined,2009,December,Winter (Mangsir–Poush),8.9,-0.5,54,Early Winter Dry Period,First irrigation for germinating wheat & potato
terhathum,undefined,2010,January,Winter (Poush–Magh),22.4,-3.7,53,Winter Dry Period,Critical: Supplemental irrigation required for wheat & mustard
sankhuwasabha,undefined,2010,February,Winter (Magh–Falgun),25.2,4.2,52,Late Winter Dry,Moderate irrigation for winter crops
solukhumbu,undefined,2010,March,Spring (Falgun–Chaitra),35.5,8.5,40,Pre-Monsoon Initiation,Light irrigation for spring maize & vegetables
khotang,undefined,2010,April,Spring (Chaitra–Baisakh),54.1,11.6,38,Pre-Monsoon Sporadic,Irrigation required for dry season cultivation
okhaldhunga,undefined,2010,May,Spring (Baisakh–Jestha),72.3,16.2,50,Pre-Monsoon Thunderstorms,Prepare soil for paddy nurseries; thunder showers likely
udayapur,undefined,2010,June,Monsoon (Jestha–Asar),150.3,15.9,69,Monsoon Onset Phase,Transplant main season paddy; abundant rain
saptari,undefined,2010,July,Monsoon (Asar–Shrawan),314.3,16.7,78,Peak Monsoon Phase,No irrigation needed; maintain field drainage
siraha,undefined,2010,August,Monsoon (Shrawan–Bhadra),254.5,16.9,77,Peak Monsoon Phase,High rainfall; manage field overflow and weeding
dhanusha,undefined,2010,September,Autumn (Bhadra–Asoj),100.9,14.5,69,Late Monsoon Retreat,Adequate soil moisture for grain filling
mahottari,undefined,2010,October,Autumn (Asoj–Karthik),40.2,10.4,68,Post-Monsoon Autumn,Good window for harvesting paddy and sowing winter crops
sarlahi,undefined,2010,November,Autumn (Karthik–Mangsir),9.8,4.4,52,Post-Monsoon Dry,Residual moisture decreasing; prepare wheat sowing
rautahat,undefined,2010,December,Winter (Mangsir–Poush),9.5,0.4,48,Early Winter Dry Period,First irrigation for germinating wheat & potato
bara,undefined,2011,January,Winter (Poush–Magh),22.6,-0.4,45,Winter Dry Period,Critical: Supplemental irrigation required for wheat & mustard
parsa,undefined,2011,February,Winter (Magh–Falgun),32.8,3.6,47,Late Winter Dry,Moderate irrigation for winter crops
chitwan,undefined,2011,March,Spring (Falgun–Chaitra),25.9,6.3,45,Pre-Monsoon Initiation,Light irrigation for spring maize & vegetables
kathmandu,undefined,2011,April,Spring (Chaitra–Baisakh),47.8,9.8,39,Pre-Monsoon Sporadic,Irrigation required for dry season cultivation
lalitpur,undefined,2011,May,Spring (Baisakh–Jestha),90.1,15.7,51,Pre-Monsoon Thunderstorms,Prepare soil for paddy nurseries; thunder showers likely
bhaktapur,undefined,2011,June,Monsoon (Jestha–Asar),151.2,16.5,64,Monsoon Onset Phase,Transplant main season paddy; abundant rain
kavrepalanchok,undefined,2011,July,Monsoon (Asar–Shrawan),298.2,17.6,82,Peak Monsoon Phase,No irrigation needed; maintain field drainage
dhading,undefined,2011,August,Monsoon (Shrawan–Bhadra),257.9,18.2,74,Peak Monsoon Phase,High rainfall; manage field overflow and weeding
nuwakot,undefined,2011,September,Autumn (Bhadra–Asoj),127.3,14.0,66,Late Monsoon Retreat,Adequate soil moisture for grain filling
makwanpur,undefined,2011,October,Autumn (Asoj–Karthik),36.7,7.6,62,Post-Monsoon Autumn,Good window for harvesting paddy and sowing winter crops
sindhupalchok,undefined,2011,November,Autumn (Karthik–Mangsir),8.4,4.2,53,Post-Monsoon Dry,Residual moisture decreasing; prepare wheat sowing
dolakha,undefined,2011,December,Winter (Mangsir–Poush),9.6,0.7,48,Early Winter Dry Period,First irrigation for germinating wheat & potato
ramechhap,undefined,2012,January,Winter (Poush–Magh),24.9,-3.6,50,Winter Dry Period,Critical: Supplemental irrigation required for wheat & mustard
sindhuli,undefined,2012,February,Winter (Magh–Falgun),36.1,0.8,45,Late Winter Dry,Moderate irrigation for winter crops
rasuwa,undefined,2012,March,Spring (Falgun–Chaitra),40.9,7.2,41,Pre-Monsoon Initiation,Light irrigation for spring maize & vegetables
gorkha,undefined,2012,April,Spring (Chaitra–Baisakh),51.5,11.8,46,Pre-Monsoon Sporadic,Irrigation required for dry season cultivation
kaski,undefined,2012,May,Spring (Baisakh–Jestha),84.9,14.7,54,Pre-Monsoon Thunderstorms,Prepare soil for paddy nurseries; thunder showers likely
tanahun,undefined,2012,June,Monsoon (Jestha–Asar),205.6,16.8,64,Monsoon Onset Phase,Transplant main season paddy; abundant rain
syangja,undefined,2012,July,Monsoon (Asar–Shrawan),279.9,17.9,69,Peak Monsoon Phase,No irrigation needed; maintain field drainage
lamjung,undefined,2012,August,Monsoon (Shrawan–Bhadra),236.7,16.4,75,Peak Monsoon Phase,High rainfall; manage field overflow and weeding
nawalpur,undefined,2012,September,Autumn (Bhadra–Asoj),126.0,14.2,72,Late Monsoon Retreat,Adequate soil moisture for grain filling
parbat,undefined,2012,October,Autumn (Asoj–Karthik),32.7,9.6,56,Post-Monsoon Autumn,Good window for harvesting paddy and sowing winter crops
baglung,undefined,2012,November,Autumn (Karthik–Mangsir),10.0,4.7,48,Post-Monsoon Dry,Residual moisture decreasing; prepare wheat sowing
myagdi,undefined,2012,December,Winter (Mangsir–Poush),11.6,-0.6,53,Early Winter Dry Period,First irrigation for germinating wheat & potato
mustang,undefined,2013,January,Winter (Poush–Magh),23.2,0.2,49,Winter Dry Period,Critical: Supplemental irrigation required for wheat & mustard
manang,undefined,2013,February,Winter (Magh–Falgun),26.5,2.0,46,Late Winter Dry,Moderate irrigation for winter crops
rupandehi,undefined,2013,March,Spring (Falgun–Chaitra),42.6,5.1,35,Pre-Monsoon Initiation,Light irrigation for spring maize & vegetables
kapilvastu,undefined,2013,April,Spring (Chaitra–Baisakh),40.3,12.1,48,Pre-Monsoon Sporadic,Irrigation required for dry season cultivation
nawalparasi west,undefined,2013,May,Spring (Baisakh–Jestha),78.7,14.8,52,Pre-Monsoon Thunderstorms,Prepare soil for paddy nurseries; thunder showers likely
palpa,undefined,2013,June,Monsoon (Jestha–Asar),187.9,15.9,68,Monsoon Onset Phase,Transplant main season paddy; abundant rain
gulmi,undefined,2013,July,Monsoon (Asar–Shrawan),275.1,18.6,78,Peak Monsoon Phase,No irrigation needed; maintain field drainage
arghakhanchi,undefined,2013,August,Monsoon (Shrawan–Bhadra),241.5,13.8,78,Peak Monsoon Phase,High rainfall; manage field overflow and weeding
dang,undefined,2013,September,Autumn (Bhadra–Asoj),108.2,11.8,72,Late Monsoon Retreat,Adequate soil moisture for grain filling
pyuthan,undefined,2013,October,Autumn (Asoj–Karthik),42.2,8.8,61,Post-Monsoon Autumn,Good window for harvesting paddy and sowing winter crops
rolpa,undefined,2013,November,Autumn (Karthik–Mangsir),11.2,5.6,58,Post-Monsoon Dry,Residual moisture decreasing; prepare wheat sowing
rukum east,undefined,2013,December,Winter (Mangsir–Poush),11.1,0.1,43,Early Winter Dry Period,First irrigation for germinating wheat & potato
banke,undefined,2014,January,Winter (Poush–Magh),21.2,-3.0,58,Winter Dry Period,Critical: Supplemental irrigation required for wheat & mustard
bardiya,undefined,2014,February,Winter (Magh–Falgun),27.3,2.1,50,Late Winter Dry,Moderate irrigation for winter crops
surkhet,undefined,2014,March,Spring (Falgun–Chaitra),38.2,9.0,37,Pre-Monsoon Initiation,Light irrigation for spring maize & vegetables
dailekh,undefined,2014,April,Spring (Chaitra–Baisakh),49.4,10.1,36,Pre-Monsoon Sporadic,Irrigation required for dry season cultivation
jajarkot,undefined,2014,May,Spring (Baisakh–Jestha),72.7,15.0,50,Pre-Monsoon Thunderstorms,Prepare soil for paddy nurseries; thunder showers likely
rukum west,undefined,2014,June,Monsoon (Jestha–Asar),143.4,15.3,67,Monsoon Onset Phase,Transplant main season paddy; abundant rain
jumla,undefined,2014,July,Monsoon (Asar–Shrawan),185.8,18.9,78,Peak Monsoon Phase,No irrigation needed; maintain field drainage
kalikot,undefined,2014,August,Monsoon (Shrawan–Bhadra),164.1,16.6,72,Peak Monsoon Phase,High rainfall; manage field overflow and weeding
mugu,undefined,2014,September,Autumn (Bhadra–Asoj),125.7,15.6,62,Late Monsoon Retreat,Adequate soil moisture for grain filling
humla,undefined,2014,October,Autumn (Asoj–Karthik),35.6,8.8,60,Post-Monsoon Autumn,Good window for harvesting paddy and sowing winter crops
dolpa,undefined,2014,November,Autumn (Karthik–Mangsir),9.3,3.1,50,Post-Monsoon Dry,Residual moisture decreasing; prepare wheat sowing
kailali,undefined,2014,December,Winter (Mangsir–Poush),8.8,1.3,50,Early Winter Dry Period,First irrigation for germinating wheat & potato
kanchanpur,undefined,2015,January,Winter (Poush–Magh),28.3,-2.1,47,Winter Dry Period,Critical: Supplemental irrigation required for wheat & mustard
doti,undefined,2015,February,Winter (Magh–Falgun),21.6,-0.2,41,Late Winter Dry,Moderate irrigation for winter crops
achham,undefined,2015,March,Spring (Falgun–Chaitra),39.5,7.6,33,Pre-Monsoon Initiation,Light irrigation for spring maize & vegetables
dadeldhura,undefined,2015,April,Spring (Chaitra–Baisakh),54.4,10.4,42,Pre-Monsoon Sporadic,Irrigation required for dry season cultivation
baitadi,undefined,2015,May,Spring (Baisakh–Jestha),99.3,16.1,50,Pre-Monsoon Thunderstorms,Prepare soil for paddy nurseries; thunder showers likely
bajhang,undefined,2015,June,Monsoon (Jestha–Asar),138.6,14.4,65,Monsoon Onset Phase,Transplant main season paddy; abundant rain
bajura,undefined,2015,July,Monsoon (Asar–Shrawan),232.4,16.8,77,Peak Monsoon Phase,No irrigation needed; maintain field drainage
darchula,undefined,2015,August,Monsoon (Shrawan–Bhadra),212.4,16.7,73,Peak Monsoon Phase,High rainfall; manage field overflow and weeding
jhapa,undefined,2015,September,Autumn (Bhadra–Asoj),123.0,14.5,65,Late Monsoon Retreat,Adequate soil moisture for grain filling
morang,undefined,2015,October,Autumn (Asoj–Karthik),42.4,8.9,58,Post-Monsoon Autumn,Good window for harvesting paddy and sowing winter crops
sunsari,undefined,2015,November,Autumn (Karthik–Mangsir),10.0,4.3,55,Post-Monsoon Dry,Residual moisture decreasing; prepare wheat sowing
ilam,undefined,2015,December,Winter (Mangsir–Poush),10.4,-0.7,51,Early Winter Dry Period,First irrigation for germinating wheat & potato
panchthar,undefined,2016,January,Winter (Poush–Magh),18.2,-1.9,49,Winter Dry Period,Critical: Supplemental irrigation required for wheat & mustard
taplejung,undefined,2016,February,Winter (Magh–Falgun),27.1,1.8,40,Late Winter Dry,Moderate irrigation for winter crops
dhankuta,undefined,2016,March,Spring (Falgun–Chaitra),34.9,7.1,40,Pre-Monsoon Initiation,Light irrigation for spring maize & vegetables
bhojpur,undefined,2016,April,Spring (Chaitra–Baisakh),40.6,12.5,38,Pre-Monsoon Sporadic,Irrigation required for dry season cultivation
terhathum,undefined,2016,May,Spring (Baisakh–Jestha),91.6,15.5,49,Pre-Monsoon Thunderstorms,Prepare soil for paddy nurseries; thunder showers likely
sankhuwasabha,undefined,2016,June,Monsoon (Jestha–Asar),202.6,15.6,71,Monsoon Onset Phase,Transplant main season paddy; abundant rain
solukhumbu,undefined,2016,July,Monsoon (Asar–Shrawan),276.0,17.2,83,Peak Monsoon Phase,No irrigation needed; maintain field drainage
khotang,undefined,2016,August,Monsoon (Shrawan–Bhadra),202.1,17.3,77,Peak Monsoon Phase,High rainfall; manage field overflow and weeding
okhaldhunga,undefined,2016,September,Autumn (Bhadra–Asoj),117.6,15.0,73,Late Monsoon Retreat,Adequate soil moisture for grain filling
udayapur,undefined,2016,October,Autumn (Asoj–Karthik),25.8,10.6,51,Post-Monsoon Autumn,Good window for harvesting paddy and sowing winter crops
saptari,undefined,2016,November,Autumn (Karthik–Mangsir),10.4,5.4,47,Post-Monsoon Dry,Residual moisture decreasing; prepare wheat sowing
siraha,undefined,2016,December,Winter (Mangsir–Poush),9.4,-1.3,49,Early Winter Dry Period,First irrigation for germinating wheat & potato
dhanusha,undefined,2017,January,Winter (Poush–Magh),21.0,-1.1,55,Winter Dry Period,Critical: Supplemental irrigation required for wheat & mustard
mahottari,undefined,2017,February,Winter (Magh–Falgun),33.9,1.3,47,Late Winter Dry,Moderate irrigation for winter crops
sarlahi,undefined,2017,March,Spring (Falgun–Chaitra),28.4,6.0,43,Pre-Monsoon Initiation,Light irrigation for spring maize & vegetables
rautahat,undefined,2017,April,Spring (Chaitra–Baisakh),59.6,9.5,39,Pre-Monsoon Sporadic,Irrigation required for dry season cultivation
bara,undefined,2017,May,Spring (Baisakh–Jestha),79.7,15.3,48,Pre-Monsoon Thunderstorms,Prepare soil for paddy nurseries; thunder showers likely
parsa,undefined,2017,June,Monsoon (Jestha–Asar),170.2,16.4,67,Monsoon Onset Phase,Transplant main season paddy; abundant rain
chitwan,undefined,2017,July,Monsoon (Asar–Shrawan),259.7,18.0,76,Peak Monsoon Phase,No irrigation needed; maintain field drainage
kathmandu,undefined,2017,August,Monsoon (Shrawan–Bhadra),206.5,16.9,74,Peak Monsoon Phase,High rainfall; manage field overflow and weeding
lalitpur,undefined,2017,September,Autumn (Bhadra–Asoj),115.3,15.9,72,Late Monsoon Retreat,Adequate soil moisture for grain filling
bhaktapur,undefined,2017,October,Autumn (Asoj–Karthik),33.4,9.8,56,Post-Monsoon Autumn,Good window for harvesting paddy and sowing winter crops
kavrepalanchok,undefined,2017,November,Autumn (Karthik–Mangsir),10.6,4.4,51,Post-Monsoon Dry,Residual moisture decreasing; prepare wheat sowing
dhading,undefined,2017,December,Winter (Mangsir–Poush),10.7,-1.9,45,Early Winter Dry Period,First irrigation for germinating wheat & potato
nuwakot,undefined,2018,January,Winter (Poush–Magh),18.1,-1.8,56,Winter Dry Period,Critical: Supplemental irrigation required for wheat & mustard
makwanpur,undefined,2018,February,Winter (Magh–Falgun),37.4,2.8,50,Late Winter Dry,Moderate irrigation for winter crops
sindhupalchok,undefined,2018,March,Spring (Falgun–Chaitra),27.7,6.3,36,Pre-Monsoon Initiation,Light irrigation for spring maize & vegetables
dolakha,undefined,2018,April,Spring (Chaitra–Baisakh),43.5,10.8,40,Pre-Monsoon Sporadic,Irrigation required for dry season cultivation
ramechhap,undefined,2018,May,Spring (Baisakh–Jestha),56.2,15.9,47,Pre-Monsoon Thunderstorms,Prepare soil for paddy nurseries; thunder showers likely
sindhuli,undefined,2018,June,Monsoon (Jestha–Asar),165.7,19.5,64,Monsoon Onset Phase,Transplant main season paddy; abundant rain
rasuwa,undefined,2018,July,Monsoon (Asar–Shrawan),148.9,17.7,82,Peak Monsoon Phase,No irrigation needed; maintain field drainage
gorkha,undefined,2018,August,Monsoon (Shrawan–Bhadra),271.7,15.5,77,Peak Monsoon Phase,High rainfall; manage field overflow and weeding
kaski,undefined,2018,September,Autumn (Bhadra–Asoj),111.6,13.9,80,Late Monsoon Retreat,Adequate soil moisture for grain filling
tanahun,undefined,2018,October,Autumn (Asoj–Karthik),27.1,9.3,59,Post-Monsoon Autumn,Good window for harvesting paddy and sowing winter crops
syangja,undefined,2018,November,Autumn (Karthik–Mangsir),10.5,4.1,53,Post-Monsoon Dry,Residual moisture decreasing; prepare wheat sowing
lamjung,undefined,2018,December,Winter (Mangsir–Poush),9.4,0.3,48,Early Winter Dry Period,First irrigation for germinating wheat & potato
nawalpur,undefined,2019,January,Winter (Poush–Magh),24.1,-2.4,51,Winter Dry Period,Critical: Supplemental irrigation required for wheat & mustard
parbat,undefined,2019,February,Winter (Magh–Falgun),27.9,3.4,47,Late Winter Dry,Moderate irrigation for winter crops
baglung,undefined,2019,March,Spring (Falgun–Chaitra),27.9,8.5,36,Pre-Monsoon Initiation,Light irrigation for spring maize & vegetables
myagdi,undefined,2019,April,Spring (Chaitra–Baisakh),43.3,10.3,47,Pre-Monsoon Sporadic,Irrigation required for dry season cultivation
mustang,undefined,2019,May,Spring (Baisakh–Jestha),54.4,18.8,56,Pre-Monsoon Thunderstorms,Prepare soil for paddy nurseries; thunder showers likely
manang,undefined,2019,June,Monsoon (Jestha–Asar),165.4,16.9,69,Monsoon Onset Phase,Transplant main season paddy; abundant rain
rupandehi,undefined,2019,July,Monsoon (Asar–Shrawan),258.8,18.8,80,Peak Monsoon Phase,No irrigation needed; maintain field drainage
kapilvastu,undefined,2019,August,Monsoon (Shrawan–Bhadra),212.8,16.8,75,Peak Monsoon Phase,High rainfall; manage field overflow and weeding
nawalparasi west,undefined,2019,September,Autumn (Bhadra–Asoj),116.5,15.4,72,Late Monsoon Retreat,Adequate soil moisture for grain filling
palpa,undefined,2019,October,Autumn (Asoj–Karthik),19.6,9.8,58,Post-Monsoon Autumn,Good window for harvesting paddy and sowing winter crops
gulmi,undefined,2019,November,Autumn (Karthik–Mangsir),9.0,3.5,56,Post-Monsoon Dry,Residual moisture decreasing; prepare wheat sowing
arghakhanchi,undefined,2019,December,Winter (Mangsir–Poush),11.4,-0.9,51,Early Winter Dry Period,First irrigation for germinating wheat & potato
dang,undefined,2020,January,Winter (Poush–Magh),18.8,-3.7,47,Winter Dry Period,Critical: Supplemental irrigation required for wheat & mustard
pyuthan,undefined,2020,February,Winter (Magh–Falgun),31.6,3.1,50,Late Winter Dry,Moderate irrigation for winter crops
rolpa,undefined,2020,March,Spring (Falgun–Chaitra),42.1,7.6,37,Pre-Monsoon Initiation,Light irrigation for spring maize & vegetables
rukum east,undefined,2020,April,Spring (Chaitra–Baisakh),51.1,12.0,45,Pre-Monsoon Sporadic,Irrigation required for dry season cultivation
banke,undefined,2020,May,Spring (Baisakh–Jestha),94.3,15.8,53,Pre-Monsoon Thunderstorms,Prepare soil for paddy nurseries; thunder showers likely
bardiya,undefined,2020,June,Monsoon (Jestha–Asar),185.7,17.0,64,Monsoon Onset Phase,Transplant main season paddy; abundant rain
surkhet,undefined,2020,July,Monsoon (Asar–Shrawan),234.1,17.1,75,Peak Monsoon Phase,No irrigation needed; maintain field drainage
dailekh,undefined,2020,August,Monsoon (Shrawan–Bhadra),205.4,16.0,74,Peak Monsoon Phase,High rainfall; manage field overflow and weeding
jajarkot,undefined,2020,September,Autumn (Bhadra–Asoj),85.9,14.3,70,Late Monsoon Retreat,Adequate soil moisture for grain filling
rukum west,undefined,2020,October,Autumn (Asoj–Karthik),30.7,9.8,61,Post-Monsoon Autumn,Good window for harvesting paddy and sowing winter crops
jumla,undefined,2020,November,Autumn (Karthik–Mangsir),6.8,3.1,48,Post-Monsoon Dry,Residual moisture decreasing; prepare wheat sowing
kalikot,undefined,2020,December,Winter (Mangsir–Poush),8.6,1.0,49,Early Winter Dry Period,First irrigation for germinating wheat & potato
mugu,undefined,2021,January,Winter (Poush–Magh),21.1,-4.4,52,Winter Dry Period,Critical: Supplemental irrigation required for wheat & mustard
humla,undefined,2021,February,Winter (Magh–Falgun),22.8,2.1,49,Late Winter Dry,Moderate irrigation for winter crops
dolpa,undefined,2021,March,Spring (Falgun–Chaitra),45.8,5.4,27,Pre-Monsoon Initiation,Light irrigation for spring maize & vegetables
kailali,undefined,2021,April,Spring (Chaitra–Baisakh),49.3,13.2,46,Pre-Monsoon Sporadic,Irrigation required for dry season cultivation
kanchanpur,undefined,2021,May,Spring (Baisakh–Jestha),82.5,14.4,55,Pre-Monsoon Thunderstorms,Prepare soil for paddy nurseries; thunder showers likely
doti,undefined,2021,June,Monsoon (Jestha–Asar),136.6,17.6,70,Monsoon Onset Phase,Transplant main season paddy; abundant rain
achham,undefined,2021,July,Monsoon (Asar–Shrawan),278.2,21.3,79,Peak Monsoon Phase,No irrigation needed; maintain field drainage
dadeldhura,undefined,2021,August,Monsoon (Shrawan–Bhadra),194.0,17.0,68,Peak Monsoon Phase,High rainfall; manage field overflow and weeding
baitadi,undefined,2021,September,Autumn (Bhadra–Asoj),107.5,13.5,67,Late Monsoon Retreat,Adequate soil moisture for grain filling
bajhang,undefined,2021,October,Autumn (Asoj–Karthik),35.8,8.0,62,Post-Monsoon Autumn,Good window for harvesting paddy and sowing winter crops
bajura,undefined,2021,November,Autumn (Karthik–Mangsir),9.0,4.0,50,Post-Monsoon Dry,Residual moisture decreasing; prepare wheat sowing
darchula,undefined,2021,December,Winter (Mangsir–Poush),10.2,1.0,46,Early Winter Dry Period,First irrigation for germinating wheat & potato
jhapa,undefined,2022,January,Winter (Poush–Magh),19.8,-2.4,44,Winter Dry Period,Critical: Supplemental irrigation required for wheat & mustard
morang,undefined,2022,February,Winter (Magh–Falgun),24.6,1.4,51,Late Winter Dry,Moderate irrigation for winter crops
sunsari,undefined,2022,March,Spring (Falgun–Chaitra),39.5,7.2,43,Pre-Monsoon Initiation,Light irrigation for spring maize & vegetables
ilam,undefined,2022,April,Spring (Chaitra–Baisakh),47.0,11.5,41,Pre-Monsoon Sporadic,Irrigation required for dry season cultivation
panchthar,undefined,2022,May,Spring (Baisakh–Jestha),83.2,14.3,42,Pre-Monsoon Thunderstorms,Prepare soil for paddy nurseries; thunder showers likely
taplejung,undefined,2022,June,Monsoon (Jestha–Asar),156.8,18.7,71,Monsoon Onset Phase,Transplant main season paddy; abundant rain
dhankuta,undefined,2022,July,Monsoon (Asar–Shrawan),274.8,19.5,78,Peak Monsoon Phase,No irrigation needed; maintain field drainage
bhojpur,undefined,2022,August,Monsoon (Shrawan–Bhadra),216.2,16.3,74,Peak Monsoon Phase,High rainfall; manage field overflow and weeding
terhathum,undefined,2022,September,Autumn (Bhadra–Asoj),131.1,15.4,69,Late Monsoon Retreat,Adequate soil moisture for grain filling
sankhuwasabha,undefined,2022,October,Autumn (Asoj–Karthik),32.6,9.0,60,Post-Monsoon Autumn,Good window for harvesting paddy and sowing winter crops
solukhumbu,undefined,2022,November,Autumn (Karthik–Mangsir),7.1,1.2,49,Post-Monsoon Dry,Residual moisture decreasing; prepare wheat sowing
khotang,undefined,2022,December,Winter (Mangsir–Poush),8.2,-0.6,49,Early Winter Dry Period,First irrigation for germinating wheat & potato
okhaldhunga,undefined,2023,January,Winter (Poush–Magh),20.5,-0.3,51,Winter Dry Period,Critical: Supplemental irrigation required for wheat & mustard
udayapur,undefined,2023,February,Winter (Magh–Falgun),29.3,2.7,43,Late Winter Dry,Moderate irrigation for winter crops
saptari,undefined,2023,March,Spring (Falgun–Chaitra),43.9,6.9,42,Pre-Monsoon Initiation,Light irrigation for spring maize & vegetables
siraha,undefined,2023,April,Spring (Chaitra–Baisakh),40.3,9.1,45,Pre-Monsoon Sporadic,Irrigation required for dry season cultivation
dhanusha,undefined,2023,May,Spring (Baisakh–Jestha),84.5,13.9,48,Pre-Monsoon Thunderstorms,Prepare soil for paddy nurseries; thunder showers likely
mahottari,undefined,2023,June,Monsoon (Jestha–Asar),187.0,15.6,74,Monsoon Onset Phase,Transplant main season paddy; abundant rain
sarlahi,undefined,2023,July,Monsoon (Asar–Shrawan),207.6,18.8,76,Peak Monsoon Phase,No irrigation needed; maintain field drainage
rautahat,undefined,2023,August,Monsoon (Shrawan–Bhadra),229.0,16.3,75,Peak Monsoon Phase,High rainfall; manage field overflow and weeding
bara,undefined,2023,September,Autumn (Bhadra–Asoj),120.7,12.8,72,Late Monsoon Retreat,Adequate soil moisture for grain filling
parsa,undefined,2023,October,Autumn (Asoj–Karthik),32.3,8.7,54,Post-Monsoon Autumn,Good window for harvesting paddy and sowing winter crops
chitwan,undefined,2023,November,Autumn (Karthik–Mangsir),5.5,3.8,61,Post-Monsoon Dry,Residual moisture decreasing; prepare wheat sowing
kathmandu,undefined,2023,December,Winter (Mangsir–Poush),11.2,-0.0,48,Early Winter Dry Period,First irrigation for germinating wheat & potato
lalitpur,undefined,2024,January,Winter (Poush–Magh),22.1,-1.3,45,Winter Dry Period,Critical: Supplemental irrigation required for wheat & mustard
bhaktapur,undefined,2024,February,Winter (Magh–Falgun),32.7,2.9,50,Late Winter Dry,Moderate irrigation for winter crops
kavrepalanchok,undefined,2024,March,Spring (Falgun–Chaitra),40.5,7.0,42,Pre-Monsoon Initiation,Light irrigation for spring maize & vegetables
dhading,undefined,2024,April,Spring (Chaitra–Baisakh),52.3,10.6,39,Pre-Monsoon Sporadic,Irrigation required for dry season cultivation
nuwakot,undefined,2024,May,Spring (Baisakh–Jestha),81.2,16.9,47,Pre-Monsoon Thunderstorms,Prepare soil for paddy nurseries; thunder showers likely
makwanpur,undefined,2024,June,Monsoon (Jestha–Asar),124.8,17.2,68,Monsoon Onset Phase,Transplant main season paddy; abundant rain
sindhupalchok,undefined,2024,July,Monsoon (Asar–Shrawan),246.2,18.3,77,Peak Monsoon Phase,No irrigation needed; maintain field drainage
dolakha,undefined,2024,August,Monsoon (Shrawan–Bhadra),256.9,15.1,72,Peak Monsoon Phase,High rainfall; manage field overflow and weeding
ramechhap,undefined,2024,September,Autumn (Bhadra–Asoj),118.1,12.0,69,Late Monsoon Retreat,Adequate soil moisture for grain filling
sindhuli,undefined,2024,October,Autumn (Asoj–Karthik),43.7,9.0,58,Post-Monsoon Autumn,Good window for harvesting paddy and sowing winter crops
rasuwa,undefined,2024,November,Autumn (Karthik–Mangsir),7.3,3.3,50,Post-Monsoon Dry,Residual moisture decreasing; prepare wheat sowing
gorkha,undefined,2024,December,Winter (Mangsir–Poush),9.5,1.5,52,Early Winter Dry Period,First irrigation for germinating wheat & potato
kaski,undefined,1995,January,Winter (Poush–Magh),18.3,-1.7,51,Winter Dry Period,Critical: Supplemental irrigation required for wheat & mustard
tanahun,undefined,1995,February,Winter (Magh–Falgun),32.8,3.9,43,Late Winter Dry,Moderate irrigation for winter crops
syangja,undefined,1995,March,Spring (Falgun–Chaitra),33.4,5.5,39,Pre-Monsoon Initiation,Light irrigation for spring maize & vegetables
lamjung,undefined,1995,April,Spring (Chaitra–Baisakh),51.4,12.2,41,Pre-Monsoon Sporadic,Irrigation required for dry season cultivation
nawalpur,undefined,1995,May,Spring (Baisakh–Jestha),76.2,15.2,48,Pre-Monsoon Thunderstorms,Prepare soil for paddy nurseries; thunder showers likely
parbat,undefined,1995,June,Monsoon (Jestha–Asar),210.1,15.1,68,Monsoon Onset Phase,Transplant main season paddy; abundant rain
baglung,undefined,1995,July,Monsoon (Asar–Shrawan),312.8,18.0,77,Peak Monsoon Phase,No irrigation needed; maintain field drainage
myagdi,undefined,1995,August,Monsoon (Shrawan–Bhadra),198.7,16.8,81,Peak Monsoon Phase,High rainfall; manage field overflow and weeding
mustang,undefined,1995,September,Autumn (Bhadra–Asoj),80.2,15.8,64,Late Monsoon Retreat,Adequate soil moisture for grain filling
manang,undefined,1995,October,Autumn (Asoj–Karthik),33.6,8.5,60,Post-Monsoon Autumn,Good window for harvesting paddy and sowing winter crops
rupandehi,undefined,1995,November,Autumn (Karthik–Mangsir),6.8,4.6,60,Post-Monsoon Dry,Residual moisture decreasing; prepare wheat sowing
kapilvastu,undefined,1995,December,Winter (Mangsir–Poush),8.0,0.2,47,Early Winter Dry Period,First irrigation for germinating wheat & potato
nawalparasi west,undefined,1996,January,Winter (Poush–Magh),23.4,-2.0,47,Winter Dry Period,Critical: Supplemental irrigation required for wheat & mustard
palpa,undefined,1996,February,Winter (Magh–Falgun),30.0,4.2,47,Late Winter Dry,Moderate irrigation for winter crops
gulmi,undefined,1996,March,Spring (Falgun–Chaitra),42.1,5.4,36,Pre-Monsoon Initiation,Light irrigation for spring maize & vegetables
arghakhanchi,undefined,1996,April,Spring (Chaitra–Baisakh),51.4,12.8,43,Pre-Monsoon Sporadic,Irrigation required for dry season cultivation
dang,undefined,1996,May,Spring (Baisakh–Jestha),76.2,15.0,46,Pre-Monsoon Thunderstorms,Prepare soil for paddy nurseries; thunder showers likely
pyuthan,undefined,1996,June,Monsoon (Jestha–Asar),174.5,18.1,66,Monsoon Onset Phase,Transplant main season paddy; abundant rain
rolpa,undefined,1996,July,Monsoon (Asar–Shrawan),223.1,18.3,76,Peak Monsoon Phase,No irrigation needed; maintain field drainage
rukum east,undefined,1996,August,Monsoon (Shrawan–Bhadra),207.9,19.5,75,Peak Monsoon Phase,High rainfall; manage field overflow and weeding
banke,undefined,1996,September,Autumn (Bhadra–Asoj),113.5,13.2,72,Late Monsoon Retreat,Adequate soil moisture for grain filling
bardiya,undefined,1996,October,Autumn (Asoj–Karthik),34.0,8.2,63,Post-Monsoon Autumn,Good window for harvesting paddy and sowing winter crops
surkhet,undefined,1996,November,Autumn (Karthik–Mangsir),10.9,3.3,44,Post-Monsoon Dry,Residual moisture decreasing; prepare wheat sowing
dailekh,undefined,1996,December,Winter (Mangsir–Poush),11.5,-0.8,53,Early Winter Dry Period,First irrigation for germinating wheat & potato
jajarkot,undefined,1997,January,Winter (Poush–Magh),15.5,-0.9,45,Winter Dry Period,Critical: Supplemental irrigation required for wheat & mustard
rukum west,undefined,1997,February,Winter (Magh–Falgun),31.1,2.0,44,Late Winter Dry,Moderate irrigation for winter crops
jumla,undefined,1997,March,Spring (Falgun–Chaitra),35.7,7.8,40,Pre-Monsoon Initiation,Light irrigation for spring maize & vegetables
kalikot,undefined,1997,April,Spring (Chaitra–Baisakh),52.2,13.4,35,Pre-Monsoon Sporadic,Irrigation required for dry season cultivation
mugu,undefined,1997,May,Spring (Baisakh–Jestha),99.4,15.1,48,Pre-Monsoon Thunderstorms,Prepare soil for paddy nurseries; thunder showers likely
humla,undefined,1997,June,Monsoon (Jestha–Asar),128.1,16.8,71,Monsoon Onset Phase,Transplant main season paddy; abundant rain
dolpa,undefined,1997,July,Monsoon (Asar–Shrawan),235.4,19.8,72,Peak Monsoon Phase,No irrigation needed; maintain field drainage
kailali,undefined,1997,August,Monsoon (Shrawan–Bhadra),209.6,15.5,77,Peak Monsoon Phase,High rainfall; manage field overflow and weeding
kanchanpur,undefined,1997,September,Autumn (Bhadra–Asoj),136.0,13.5,59,Late Monsoon Retreat,Adequate soil moisture for grain filling
doti,undefined,1997,October,Autumn (Asoj–Karthik),36.0,9.5,59,Post-Monsoon Autumn,Good window for harvesting paddy and sowing winter crops
achham,undefined,1997,November,Autumn (Karthik–Mangsir),10.7,2.7,54,Post-Monsoon Dry,Residual moisture decreasing; prepare wheat sowing
dadeldhura,undefined,1997,December,Winter (Mangsir–Poush),11.8,-2.1,51,Early Winter Dry Period,First irrigation for germinating wheat & potato
baitadi,undefined,1998,January,Winter (Poush–Magh),20.3,-2.1,51,Winter Dry Period,Critical: Supplemental irrigation required for wheat & mustard
bajhang,undefined,1998,February,Winter (Magh–Falgun),26.0,1.2,48,Late Winter Dry,Moderate irrigation for winter crops
bajura,undefined,1998,March,Spring (Falgun–Chaitra),31.8,5.7,42,Pre-Monsoon Initiation,Light irrigation for spring maize & vegetables
darchula,undefined,1998,April,Spring (Chaitra–Baisakh),39.7,11.8,43,Pre-Monsoon Sporadic,Irrigation required for dry season cultivation
jhapa,undefined,1998,May,Spring (Baisakh–Jestha),59.3,14.2,56,Pre-Monsoon Thunderstorms,Prepare soil for paddy nurseries; thunder showers likely
morang,undefined,1998,June,Monsoon (Jestha–Asar),136.5,16.4,69,Monsoon Onset Phase,Transplant main season paddy; abundant rain
sunsari,undefined,1998,July,Monsoon (Asar–Shrawan),268.2,17.7,75,Peak Monsoon Phase,No irrigation needed; maintain field drainage
ilam,undefined,1998,August,Monsoon (Shrawan–Bhadra),254.8,19.1,79,Peak Monsoon Phase,High rainfall; manage field overflow and weeding
panchthar,undefined,1998,September,Autumn (Bhadra–Asoj),121.5,13.0,66,Late Monsoon Retreat,Adequate soil moisture for grain filling
taplejung,undefined,1998,October,Autumn (Asoj–Karthik),37.7,9.5,63,Post-Monsoon Autumn,Good window for harvesting paddy and sowing winter crops
dhankuta,undefined,1998,November,Autumn (Karthik–Mangsir),9.9,2.2,56,Post-Monsoon Dry,Residual moisture decreasing; prepare wheat sowing
bhojpur,undefined,1998,December,Winter (Mangsir–Poush),8.5,-0.5,51,Early Winter Dry Period,First irrigation for germinating wheat & potato
terhathum,undefined,1999,January,Winter (Poush–Magh),28.6,1.7,52,Winter Dry Period,Critical: Supplemental irrigation required for wheat & mustard
sankhuwasabha,undefined,1999,February,Winter (Magh–Falgun),27.2,2.6,51,Late Winter Dry,Moderate irrigation for winter crops
solukhumbu,undefined,1999,March,Spring (Falgun–Chaitra),36.2,9.2,40,Pre-Monsoon Initiation,Light irrigation for spring maize & vegetables
khotang,undefined,1999,April,Spring (Chaitra–Baisakh),51.6,11.8,43,Pre-Monsoon Sporadic,Irrigation required for dry season cultivation
okhaldhunga,undefined,1999,May,Spring (Baisakh–Jestha),90.1,14.3,49,Pre-Monsoon Thunderstorms,Prepare soil for paddy nurseries; thunder showers likely
udayapur,undefined,1999,June,Monsoon (Jestha–Asar),133.6,17.5,71,Monsoon Onset Phase,Transplant main season paddy; abundant rain
saptari,undefined,1999,July,Monsoon (Asar–Shrawan),256.5,20.0,77,Peak Monsoon Phase,No irrigation needed; maintain field drainage
siraha,undefined,1999,August,Monsoon (Shrawan–Bhadra),231.1,15.7,74,Peak Monsoon Phase,High rainfall; manage field overflow and weeding
dhanusha,undefined,1999,September,Autumn (Bhadra–Asoj),132.5,15.0,68,Late Monsoon Retreat,Adequate soil moisture for grain filling
mahottari,undefined,1999,October,Autumn (Asoj–Karthik),34.6,7.2,56,Post-Monsoon Autumn,Good window for harvesting paddy and sowing winter crops
sarlahi,undefined,1999,November,Autumn (Karthik–Mangsir),10.2,4.7,54,Post-Monsoon Dry,Residual moisture decreasing; prepare wheat sowing
rautahat,undefined,1999,December,Winter (Mangsir–Poush),10.1,0.0,47,Early Winter Dry Period,First irrigation for germinating wheat & potato
bara,undefined,2000,January,Winter (Poush–Magh),24.3,-1.5,51,Winter Dry Period,Critical: Supplemental irrigation required for wheat & mustard
parsa,undefined,2000,February,Winter (Magh–Falgun),25.8,-0.6,52,Late Winter Dry,Moderate irrigation for winter crops
chitwan,undefined,2000,March,Spring (Falgun–Chaitra),35.3,6.0,42,Pre-Monsoon Initiation,Light irrigation for spring maize & vegetables
kathmandu,undefined,2000,April,Spring (Chaitra–Baisakh),45.2,12.3,44,Pre-Monsoon Sporadic,Irrigation required for dry season cultivation
lalitpur,undefined,2000,May,Spring (Baisakh–Jestha),88.2,13.4,56,Pre-Monsoon Thunderstorms,Prepare soil for paddy nurseries; thunder showers likely
bhaktapur,undefined,2000,June,Monsoon (Jestha–Asar),166.3,16.6,68,Monsoon Onset Phase,Transplant main season paddy; abundant rain
kavrepalanchok,undefined,2000,July,Monsoon (Asar–Shrawan),176.1,18.5,73,Peak Monsoon Phase,No irrigation needed; maintain field drainage
dhading,undefined,2000,August,Monsoon (Shrawan–Bhadra),167.4,15.2,80,Peak Monsoon Phase,High rainfall; manage field overflow and weeding
nuwakot,undefined,2000,September,Autumn (Bhadra–Asoj),108.7,15.8,67,Late Monsoon Retreat,Adequate soil moisture for grain filling
makwanpur,undefined,2000,October,Autumn (Asoj–Karthik),26.0,7.7,62,Post-Monsoon Autumn,Good window for harvesting paddy and sowing winter crops
sindhupalchok,undefined,2000,November,Autumn (Karthik–Mangsir),8.8,3.3,52,Post-Monsoon Dry,Residual moisture decreasing; prepare wheat sowing
dolakha,undefined,2000,December,Winter (Mangsir–Poush),10.8,1.3,55,Early Winter Dry Period,First irrigation for germinating wheat & potato
ramechhap,undefined,2001,January,Winter (Poush–Magh),20.8,-3.6,48,Winter Dry Period,Critical: Supplemental irrigation required for wheat & mustard
sindhuli,undefined,2001,February,Winter (Magh–Falgun),29.1,0.8,44,Late Winter Dry,Moderate irrigation for winter crops
rasuwa,undefined,2001,March,Spring (Falgun–Chaitra),40.0,6.9,40,Pre-Monsoon Initiation,Light irrigation for spring maize & vegetables
gorkha,undefined,2001,April,Spring (Chaitra–Baisakh),42.5,10.7,38,Pre-Monsoon Sporadic,Irrigation required for dry season cultivation
kaski,undefined,2001,May,Spring (Baisakh–Jestha),90.7,16.2,44,Pre-Monsoon Thunderstorms,Prepare soil for paddy nurseries; thunder showers likely
tanahun,undefined,2001,June,Monsoon (Jestha–Asar),137.7,15.2,65,Monsoon Onset Phase,Transplant main season paddy; abundant rain
syangja,undefined,2001,July,Monsoon (Asar–Shrawan),237.0,16.3,74,Peak Monsoon Phase,No irrigation needed; maintain field drainage
lamjung,undefined,2001,August,Monsoon (Shrawan–Bhadra),178.4,17.2,76,Peak Monsoon Phase,High rainfall; manage field overflow and weeding
nawalpur,undefined,2001,September,Autumn (Bhadra–Asoj),107.0,14.2,67,Late Monsoon Retreat,Adequate soil moisture for grain filling
parbat,undefined,2001,October,Autumn (Asoj–Karthik),33.6,11.0,63,Post-Monsoon Autumn,Good window for harvesting paddy and sowing winter crops
baglung,undefined,2001,November,Autumn (Karthik–Mangsir),7.2,5.0,55,Post-Monsoon Dry,Residual moisture decreasing; prepare wheat sowing
myagdi,undefined,2001,December,Winter (Mangsir–Poush),8.3,1.0,56,Early Winter Dry Period,First irrigation for germinating wheat & potato
mustang,undefined,2002,January,Winter (Poush–Magh),18.3,-3.1,54,Winter Dry Period,Critical: Supplemental irrigation required for wheat & mustard
manang,undefined,2002,February,Winter (Magh–Falgun),29.1,2.7,49,Late Winter Dry,Moderate irrigation for winter crops
rupandehi,undefined,2002,March,Spring (Falgun–Chaitra),40.2,5.4,44,Pre-Monsoon Initiation,Light irrigation for spring maize & vegetables
kapilvastu,undefined,2002,April,Spring (Chaitra–Baisakh),56.4,10.7,41,Pre-Monsoon Sporadic,Irrigation required for dry season cultivation
nawalparasi west,undefined,2002,May,Spring (Baisakh–Jestha),61.6,15.6,54,Pre-Monsoon Thunderstorms,Prepare soil for paddy nurseries; thunder showers likely
palpa,undefined,2002,June,Monsoon (Jestha–Asar),158.5,18.3,66,Monsoon Onset Phase,Transplant main season paddy; abundant rain
gulmi,undefined,2002,July,Monsoon (Asar–Shrawan),260.3,16.8,77,Peak Monsoon Phase,No irrigation needed; maintain field drainage
arghakhanchi,undefined,2002,August,Monsoon (Shrawan–Bhadra),204.5,17.3,74,Peak Monsoon Phase,High rainfall; manage field overflow and weeding
dang,undefined,2002,September,Autumn (Bhadra–Asoj),117.6,15.0,68,Late Monsoon Retreat,Adequate soil moisture for grain filling
pyuthan,undefined,2002,October,Autumn (Asoj–Karthik),26.6,11.1,63,Post-Monsoon Autumn,Good window for harvesting paddy and sowing winter crops
rolpa,undefined,2002,November,Autumn (Karthik–Mangsir),7.3,4.8,49,Post-Monsoon Dry,Residual moisture decreasing; prepare wheat sowing
rukum east,undefined,2002,December,Winter (Mangsir–Poush),10.4,0.4,49,Early Winter Dry Period,First irrigation for germinating wheat & potato
banke,undefined,2003,January,Winter (Poush–Magh),19.4,-2.8,46,Winter Dry Period,Critical: Supplemental irrigation required for wheat & mustard
bardiya,undefined,2003,February,Winter (Magh–Falgun),24.5,1.9,45,Late Winter Dry,Moderate irrigation for winter crops
surkhet,undefined,2003,March,Spring (Falgun–Chaitra),41.9,8.8,37,Pre-Monsoon Initiation,Light irrigation for spring maize & vegetables
dailekh,undefined,2003,April,Spring (Chaitra–Baisakh),49.7,11.6,43,Pre-Monsoon Sporadic,Irrigation required for dry season cultivation
jajarkot,undefined,2003,May,Spring (Baisakh–Jestha),80.9,15.9,53,Pre-Monsoon Thunderstorms,Prepare soil for paddy nurseries; thunder showers likely
rukum west,undefined,2003,June,Monsoon (Jestha–Asar),130.3,18.0,71,Monsoon Onset Phase,Transplant main season paddy; abundant rain
jumla,undefined,2003,July,Monsoon (Asar–Shrawan),212.5,18.0,80,Peak Monsoon Phase,No irrigation needed; maintain field drainage
kalikot,undefined,2003,August,Monsoon (Shrawan–Bhadra),203.4,18.3,85,Peak Monsoon Phase,High rainfall; manage field overflow and weeding
mugu,undefined,2003,September,Autumn (Bhadra–Asoj),105.9,12.3,71,Late Monsoon Retreat,Adequate soil moisture for grain filling
humla,undefined,2003,October,Autumn (Asoj–Karthik),38.8,8.7,63,Post-Monsoon Autumn,Good window for harvesting paddy and sowing winter crops
dolpa,undefined,2003,November,Autumn (Karthik–Mangsir),7.2,4.8,49,Post-Monsoon Dry,Residual moisture decreasing; prepare wheat sowing
kailali,undefined,2003,December,Winter (Mangsir–Poush),12.6,2.4,46,Early Winter Dry Period,First irrigation for germinating wheat & potato
kanchanpur,undefined,2004,January,Winter (Poush–Magh),20.2,-1.0,48,Winter Dry Period,Critical: Supplemental irrigation required for wheat & mustard
doti,undefined,2004,February,Winter (Magh–Falgun),27.8,2.0,40,Late Winter Dry,Moderate irrigation for winter crops
achham,undefined,2004,March,Spring (Falgun–Chaitra),37.9,6.2,38,Pre-Monsoon Initiation,Light irrigation for spring maize & vegetables
dadeldhura,undefined,2004,April,Spring (Chaitra–Baisakh),58.4,9.5,45,Pre-Monsoon Sporadic,Irrigation required for dry season cultivation
baitadi,undefined,2004,May,Spring (Baisakh–Jestha),76.7,14.7,55,Pre-Monsoon Thunderstorms,Prepare soil for paddy nurseries; thunder showers likely
bajhang,undefined,2004,June,Monsoon (Jestha–Asar),168.2,17.7,71,Monsoon Onset Phase,Transplant main season paddy; abundant rain
bajura,undefined,2004,July,Monsoon (Asar–Shrawan),228.1,17.3,73,Peak Monsoon Phase,No irrigation needed; maintain field drainage
darchula,undefined,2004,August,Monsoon (Shrawan–Bhadra),184.0,20.5,80,Peak Monsoon Phase,High rainfall; manage field overflow and weeding
jhapa,undefined,2004,September,Autumn (Bhadra–Asoj),95.7,12.4,71,Late Monsoon Retreat,Adequate soil moisture for grain filling
morang,undefined,2004,October,Autumn (Asoj–Karthik),37.9,9.7,56,Post-Monsoon Autumn,Good window for harvesting paddy and sowing winter crops
sunsari,undefined,2004,November,Autumn (Karthik–Mangsir),8.8,4.4,52,Post-Monsoon Dry,Residual moisture decreasing; prepare wheat sowing
ilam,undefined,2004,December,Winter (Mangsir–Poush),6.7,-0.3,46,Early Winter Dry Period,First irrigation for germinating wheat & potato
panchthar,undefined,2005,January,Winter (Poush–Magh),22.6,1.6,51,Winter Dry Period,Critical: Supplemental irrigation required for wheat & mustard
taplejung,undefined,2005,February,Winter (Magh–Falgun),26.7,3.1,49,Late Winter Dry,Moderate irrigation for winter crops
dhankuta,undefined,2005,March,Spring (Falgun–Chaitra),40.4,7.7,48,Pre-Monsoon Initiation,Light irrigation for spring maize & vegetables
bhojpur,undefined,2005,April,Spring (Chaitra–Baisakh),39.9,11.6,38,Pre-Monsoon Sporadic,Irrigation required for dry season cultivation
terhathum,undefined,2005,May,Spring (Baisakh–Jestha),86.7,13.9,50,Pre-Monsoon Thunderstorms,Prepare soil for paddy nurseries; thunder showers likely
sankhuwasabha,undefined,2005,June,Monsoon (Jestha–Asar),152.9,18.2,71,Monsoon Onset Phase,Transplant main season paddy; abundant rain
solukhumbu,undefined,2005,July,Monsoon (Asar–Shrawan),195.2,18.1,75,Peak Monsoon Phase,No irrigation needed; maintain field drainage
khotang,undefined,2005,August,Monsoon (Shrawan–Bhadra),170.4,16.7,74,Peak Monsoon Phase,High rainfall; manage field overflow and weeding
okhaldhunga,undefined,2005,September,Autumn (Bhadra–Asoj),163.7,14.5,64,Late Monsoon Retreat,Adequate soil moisture for grain filling
udayapur,undefined,2005,October,Autumn (Asoj–Karthik),32.0,10.2,66,Post-Monsoon Autumn,Good window for harvesting paddy and sowing winter crops
saptari,undefined,2005,November,Autumn (Karthik–Mangsir),6.9,1.7,59,Post-Monsoon Dry,Residual moisture decreasing; prepare wheat sowing
siraha,undefined,2005,December,Winter (Mangsir–Poush),10.6,-1.0,52,Early Winter Dry Period,First irrigation for germinating wheat & potato
dhanusha,undefined,2006,January,Winter (Poush–Magh),13.3,-2.0,51,Winter Dry Period,Critical: Supplemental irrigation required for wheat & mustard
mahottari,undefined,2006,February,Winter (Magh–Falgun),31.9,0.8,48,Late Winter Dry,Moderate irrigation for winter crops
sarlahi,undefined,2006,March,Spring (Falgun–Chaitra),32.7,7.3,36,Pre-Monsoon Initiation,Light irrigation for spring maize & vegetables
rautahat,undefined,2006,April,Spring (Chaitra–Baisakh),45.1,9.8,44,Pre-Monsoon Sporadic,Irrigation required for dry season cultivation
bara,undefined,2006,May,Spring (Baisakh–Jestha),90.3,14.7,52,Pre-Monsoon Thunderstorms,Prepare soil for paddy nurseries; thunder showers likely
parsa,undefined,2006,June,Monsoon (Jestha–Asar),125.2,16.6,67,Monsoon Onset Phase,Transplant main season paddy; abundant rain
chitwan,undefined,2006,July,Monsoon (Asar–Shrawan),334.3,16.7,83,Peak Monsoon Phase,No irrigation needed; maintain field drainage
kathmandu,undefined,2006,August,Monsoon (Shrawan–Bhadra),241.4,17.3,83,Peak Monsoon Phase,High rainfall; manage field overflow and weeding
lalitpur,undefined,2006,September,Autumn (Bhadra–Asoj),126.7,14.5,69,Late Monsoon Retreat,Adequate soil moisture for grain filling
bhaktapur,undefined,2006,October,Autumn (Asoj–Karthik),41.4,10.3,55,Post-Monsoon Autumn,Good window for harvesting paddy and sowing winter crops
kavrepalanchok,undefined,2006,November,Autumn (Karthik–Mangsir),7.2,3.8,48,Post-Monsoon Dry,Residual moisture decreasing; prepare wheat sowing
dhading,undefined,2006,December,Winter (Mangsir–Poush),9.9,1.5,48,Early Winter Dry Period,First irrigation for germinating wheat & potato
nuwakot,undefined,2007,January,Winter (Poush–Magh),21.9,-1.9,53,Winter Dry Period,Critical: Supplemental irrigation required for wheat & mustard
makwanpur,undefined,2007,February,Winter (Magh–Falgun),18.6,1.3,48,Late Winter Dry,Moderate irrigation for winter crops
sindhupalchok,undefined,2007,March,Spring (Falgun–Chaitra),44.8,6.4,32,Pre-Monsoon Initiation,Light irrigation for spring maize & vegetables
dolakha,undefined,2007,April,Spring (Chaitra–Baisakh),52.5,10.2,37,Pre-Monsoon Sporadic,Irrigation required for dry season cultivation
ramechhap,undefined,2007,May,Spring (Baisakh–Jestha),72.5,14.8,49,Pre-Monsoon Thunderstorms,Prepare soil for paddy nurseries; thunder showers likely
sindhuli,undefined,2007,June,Monsoon (Jestha–Asar),107.1,18.1,73,Monsoon Onset Phase,Transplant main season paddy; abundant rain
rasuwa,undefined,2007,July,Monsoon (Asar–Shrawan),263.5,16.6,77,Peak Monsoon Phase,No irrigation needed; maintain field drainage
gorkha,undefined,2007,August,Monsoon (Shrawan–Bhadra),209.8,17.7,78,Peak Monsoon Phase,High rainfall; manage field overflow and weeding
kaski,undefined,2007,September,Autumn (Bhadra–Asoj),106.8,14.1,71,Late Monsoon Retreat,Adequate soil moisture for grain filling
tanahun,undefined,2007,October,Autumn (Asoj–Karthik),42.6,9.8,61,Post-Monsoon Autumn,Good window for harvesting paddy and sowing winter crops
syangja,undefined,2007,November,Autumn (Karthik–Mangsir),9.1,5.7,53,Post-Monsoon Dry,Residual moisture decreasing; prepare wheat sowing
lamjung,undefined,2007,December,Winter (Mangsir–Poush),8.7,1.7,52,Early Winter Dry Period,First irrigation for germinating wheat & potato
nawalpur,undefined,2008,January,Winter (Poush–Magh),20.5,-2.6,51,Winter Dry Period,Critical: Supplemental irrigation required for wheat & mustard
parbat,undefined,2008,February,Winter (Magh–Falgun),29.9,2.2,49,Late Winter Dry,Moderate irrigation for winter crops
baglung,undefined,2008,March,Spring (Falgun–Chaitra),47.7,8.3,40,Pre-Monsoon Initiation,Light irrigation for spring maize & vegetables
myagdi,undefined,2008,April,Spring (Chaitra–Baisakh),54.8,9.8,43,Pre-Monsoon Sporadic,Irrigation required for dry season cultivation
mustang,undefined,2008,May,Spring (Baisakh–Jestha),101.7,14.7,48,Pre-Monsoon Thunderstorms,Prepare soil for paddy nurseries; thunder showers likely
manang,undefined,2008,June,Monsoon (Jestha–Asar),144.3,15.7,64,Monsoon Onset Phase,Transplant main season paddy; abundant rain
rupandehi,undefined,2008,July,Monsoon (Asar–Shrawan),226.7,16.3,78,Peak Monsoon Phase,No irrigation needed; maintain field drainage
kapilvastu,undefined,2008,August,Monsoon (Shrawan–Bhadra),238.4,15.9,82,Peak Monsoon Phase,High rainfall; manage field overflow and weeding
nawalparasi west,undefined,2008,September,Autumn (Bhadra–Asoj),129.2,15.2,67,Late Monsoon Retreat,Adequate soil moisture for grain filling
palpa,undefined,2008,October,Autumn (Asoj–Karthik),39.5,7.7,61,Post-Monsoon Autumn,Good window for harvesting paddy and sowing winter crops
gulmi,undefined,2008,November,Autumn (Karthik–Mangsir),9.2,4.7,47,Post-Monsoon Dry,Residual moisture decreasing; prepare wheat sowing
arghakhanchi,undefined,2008,December,Winter (Mangsir–Poush),8.7,0.7,46,Early Winter Dry Period,First irrigation for germinating wheat & potato
dang,undefined,2009,January,Winter (Poush–Magh),23.5,-3.6,53,Winter Dry Period,Critical: Supplemental irrigation required for wheat & mustard
pyuthan,undefined,2009,February,Winter (Magh–Falgun),22.8,2.7,50,Late Winter Dry,Moderate irrigation for winter crops
rolpa,undefined,2009,March,Spring (Falgun–Chaitra),34.0,7.7,41,Pre-Monsoon Initiation,Light irrigation for spring maize & vegetables
rukum east,undefined,2009,April,Spring (Chaitra–Baisakh),44.1,9.8,34,Pre-Monsoon Sporadic,Irrigation required for dry season cultivation
banke,undefined,2009,May,Spring (Baisakh–Jestha),84.2,13.1,52,Pre-Monsoon Thunderstorms,Prepare soil for paddy nurseries; thunder showers likely
bardiya,undefined,2009,June,Monsoon (Jestha–Asar),153.7,17.8,66,Monsoon Onset Phase,Transplant main season paddy; abundant rain
surkhet,undefined,2009,July,Monsoon (Asar–Shrawan),228.1,18.9,79,Peak Monsoon Phase,No irrigation needed; maintain field drainage
dailekh,undefined,2009,August,Monsoon (Shrawan–Bhadra),220.0,17.6,69,Peak Monsoon Phase,High rainfall; manage field overflow and weeding
jajarkot,undefined,2009,September,Autumn (Bhadra–Asoj),133.6,14.7,65,Late Monsoon Retreat,Adequate soil moisture for grain filling
rukum west,undefined,2009,October,Autumn (Asoj–Karthik),33.7,9.0,57,Post-Monsoon Autumn,Good window for harvesting paddy and sowing winter crops
jumla,undefined,2009,November,Autumn (Karthik–Mangsir),9.5,5.7,56,Post-Monsoon Dry,Residual moisture decreasing; prepare wheat sowing
kalikot,undefined,2009,December,Winter (Mangsir–Poush),8.0,0.7,55,Early Winter Dry Period,First irrigation for germinating wheat & potato
mugu,undefined,2010,January,Winter (Poush–Magh),23.3,-0.7,58,Winter Dry Period,Critical: Supplemental irrigation required for wheat & mustard
humla,undefined,2010,February,Winter (Magh–Falgun),32.3,2.3,52,Late Winter Dry,Moderate irrigation for winter crops
dolpa,undefined,2010,March,Spring (Falgun–Chaitra),38.8,7.0,38,Pre-Monsoon Initiation,Light irrigation for spring maize & vegetables
kailali,undefined,2010,April,Spring (Chaitra–Baisakh),59.3,10.0,48,Pre-Monsoon Sporadic,Irrigation required for dry season cultivation
kanchanpur,undefined,2010,May,Spring (Baisakh–Jestha),86.0,13.3,53,Pre-Monsoon Thunderstorms,Prepare soil for paddy nurseries; thunder showers likely
doti,undefined,2010,June,Monsoon (Jestha–Asar),109.6,17.8,71,Monsoon Onset Phase,Transplant main season paddy; abundant rain
achham,undefined,2010,July,Monsoon (Asar–Shrawan),218.7,18.1,85,Peak Monsoon Phase,No irrigation needed; maintain field drainage
dadeldhura,undefined,2010,August,Monsoon (Shrawan–Bhadra),194.1,15.7,81,Peak Monsoon Phase,High rainfall; manage field overflow and weeding
baitadi,undefined,2010,September,Autumn (Bhadra–Asoj),155.3,14.0,74,Late Monsoon Retreat,Adequate soil moisture for grain filling
bajhang,undefined,2010,October,Autumn (Asoj–Karthik),42.0,8.1,56,Post-Monsoon Autumn,Good window for harvesting paddy and sowing winter crops
bajura,undefined,2010,November,Autumn (Karthik–Mangsir),10.7,6.0,54,Post-Monsoon Dry,Residual moisture decreasing; prepare wheat sowing
darchula,undefined,2010,December,Winter (Mangsir–Poush),8.7,2.4,47,Early Winter Dry Period,First irrigation for germinating wheat & potato
jhapa,undefined,2011,January,Winter (Poush–Magh),20.9,-1.6,56,Winter Dry Period,Critical: Supplemental irrigation required for wheat & mustard
morang,undefined,2011,February,Winter (Magh–Falgun),31.6,2.5,49,Late Winter Dry,Moderate irrigation for winter crops
sunsari,undefined,2011,March,Spring (Falgun–Chaitra),38.2,7.7,29,Pre-Monsoon Initiation,Light irrigation for spring maize & vegetables
ilam,undefined,2011,April,Spring (Chaitra–Baisakh),45.9,11.3,37,Pre-Monsoon Sporadic,Irrigation required for dry season cultivation
panchthar,undefined,2011,May,Spring (Baisakh–Jestha),84.6,14.8,59,Pre-Monsoon Thunderstorms,Prepare soil for paddy nurseries; thunder showers likely
taplejung,undefined,2011,June,Monsoon (Jestha–Asar),197.8,16.4,67,Monsoon Onset Phase,Transplant main season paddy; abundant rain
dhankuta,undefined,2011,July,Monsoon (Asar–Shrawan),237.3,17.5,78,Peak Monsoon Phase,No irrigation needed; maintain field drainage
bhojpur,undefined,2011,August,Monsoon (Shrawan–Bhadra),186.1,15.6,78,Peak Monsoon Phase,High rainfall; manage field overflow and weeding
terhathum,undefined,2011,September,Autumn (Bhadra–Asoj),131.3,13.0,73,Late Monsoon Retreat,Adequate soil moisture for grain filling
sankhuwasabha,undefined,2011,October,Autumn (Asoj–Karthik),31.7,9.3,61,Post-Monsoon Autumn,Good window for harvesting paddy and sowing winter crops
solukhumbu,undefined,2011,November,Autumn (Karthik–Mangsir),9.0,4.5,49,Post-Monsoon Dry,Residual moisture decreasing; prepare wheat sowing
khotang,undefined,2011,December,Winter (Mangsir–Poush),9.7,-0.2,47,Early Winter Dry Period,First irrigation for germinating wheat & potato
okhaldhunga,undefined,2012,January,Winter (Poush–Magh),21.4,-3.9,48,Winter Dry Period,Critical: Supplemental irrigation required for wheat & mustard
udayapur,undefined,2012,February,Winter (Magh–Falgun),26.8,1.7,47,Late Winter Dry,Moderate irrigation for winter crops
saptari,undefined,2012,March,Spring (Falgun–Chaitra),37.6,7.6,43,Pre-Monsoon Initiation,Light irrigation for spring maize & vegetables
siraha,undefined,2012,April,Spring (Chaitra–Baisakh),43.3,9.6,37,Pre-Monsoon Sporadic,Irrigation required for dry season cultivation
dhanusha,undefined,2012,May,Spring (Baisakh–Jestha),74.2,14.6,48,Pre-Monsoon Thunderstorms,Prepare soil for paddy nurseries; thunder showers likely
mahottari,undefined,2012,June,Monsoon (Jestha–Asar),128.9,16.5,68,Monsoon Onset Phase,Transplant main season paddy; abundant rain
sarlahi,undefined,2012,July,Monsoon (Asar–Shrawan),261.4,17.3,76,Peak Monsoon Phase,No irrigation needed; maintain field drainage
rautahat,undefined,2012,August,Monsoon (Shrawan–Bhadra),180.8,17.0,72,Peak Monsoon Phase,High rainfall; manage field overflow and weeding
bara,undefined,2012,September,Autumn (Bhadra–Asoj),130.3,11.9,68,Late Monsoon Retreat,Adequate soil moisture for grain filling
parsa,undefined,2012,October,Autumn (Asoj–Karthik),36.6,9.2,68,Post-Monsoon Autumn,Good window for harvesting paddy and sowing winter crops
chitwan,undefined,2012,November,Autumn (Karthik–Mangsir),9.5,2.8,51,Post-Monsoon Dry,Residual moisture decreasing; prepare wheat sowing
kathmandu,undefined,2012,December,Winter (Mangsir–Poush),7.3,-0.1,46,Early Winter Dry Period,First irrigation for germinating wheat & potato
lalitpur,undefined,2013,January,Winter (Poush–Magh),25.0,-2.7,49,Winter Dry Period,Critical: Supplemental irrigation required for wheat & mustard
bhaktapur,undefined,2013,February,Winter (Magh–Falgun),25.3,4.1,46,Late Winter Dry,Moderate irrigation for winter crops
kavrepalanchok,undefined,2013,March,Spring (Falgun–Chaitra),48.4,8.0,41,Pre-Monsoon Initiation,Light irrigation for spring maize & vegetables
dhading,undefined,2013,April,Spring (Chaitra–Baisakh),50.7,11.5,34,Pre-Monsoon Sporadic,Irrigation required for dry season cultivation
nuwakot,undefined,2013,May,Spring (Baisakh–Jestha),76.7,16.0,51,Pre-Monsoon Thunderstorms,Prepare soil for paddy nurseries; thunder showers likely
makwanpur,undefined,2013,June,Monsoon (Jestha–Asar),126.3,16.9,74,Monsoon Onset Phase,Transplant main season paddy; abundant rain
sindhupalchok,undefined,2013,July,Monsoon (Asar–Shrawan),284.9,17.9,81,Peak Monsoon Phase,No irrigation needed; maintain field drainage
dolakha,undefined,2013,August,Monsoon (Shrawan–Bhadra),198.5,15.0,72,Peak Monsoon Phase,High rainfall; manage field overflow and weeding
ramechhap,undefined,2013,September,Autumn (Bhadra–Asoj),148.1,13.7,69,Late Monsoon Retreat,Adequate soil moisture for grain filling
sindhuli,undefined,2013,October,Autumn (Asoj–Karthik),33.4,11.3,64,Post-Monsoon Autumn,Good window for harvesting paddy and sowing winter crops
rasuwa,undefined,2013,November,Autumn (Karthik–Mangsir),12.0,3.8,53,Post-Monsoon Dry,Residual moisture decreasing; prepare wheat sowing
gorkha,undefined,2013,December,Winter (Mangsir–Poush),7.7,1.8,45,Early Winter Dry Period,First irrigation for germinating wheat & potato
kaski,undefined,2014,January,Winter (Poush–Magh),22.7,-3.3,47,Winter Dry Period,Critical: Supplemental irrigation required for wheat & mustard
tanahun,undefined,2014,February,Winter (Magh–Falgun),24.5,1.3,45,Late Winter Dry,Moderate irrigation for winter crops
syangja,undefined,2014,March,Spring (Falgun–Chaitra),34.9,8.0,35,Pre-Monsoon Initiation,Light irrigation for spring maize & vegetables
lamjung,undefined,2014,April,Spring (Chaitra–Baisakh),49.6,12.5,39,Pre-Monsoon Sporadic,Irrigation required for dry season cultivation
nawalpur,undefined,2014,May,Spring (Baisakh–Jestha),71.4,14.7,56,Pre-Monsoon Thunderstorms,Prepare soil for paddy nurseries; thunder showers likely
parbat,undefined,2014,June,Monsoon (Jestha–Asar),164.7,16.4,69,Monsoon Onset Phase,Transplant main season paddy; abundant rain
baglung,undefined,2014,July,Monsoon (Asar–Shrawan),200.3,18.8,79,Peak Monsoon Phase,No irrigation needed; maintain field drainage
myagdi,undefined,2014,August,Monsoon (Shrawan–Bhadra),200.3,16.0,72,Peak Monsoon Phase,High rainfall; manage field overflow and weeding
mustang,undefined,2014,September,Autumn (Bhadra–Asoj),129.6,15.5,67,Late Monsoon Retreat,Adequate soil moisture for grain filling
manang,undefined,2014,October,Autumn (Asoj–Karthik),37.4,6.5,55,Post-Monsoon Autumn,Good window for harvesting paddy and sowing winter crops
rupandehi,undefined,2014,November,Autumn (Karthik–Mangsir),9.0,2.9,48,Post-Monsoon Dry,Residual moisture decreasing; prepare wheat sowing
kapilvastu,undefined,2014,December,Winter (Mangsir–Poush),9.0,0.4,49,Early Winter Dry Period,First irrigation for germinating wheat & potato
nawalparasi west,undefined,2015,January,Winter (Poush–Magh),14.6,-4.5,47,Winter Dry Period,Critical: Supplemental irrigation required for wheat & mustard
palpa,undefined,2015,February,Winter (Magh–Falgun),29.9,-1.3,46,Late Winter Dry,Moderate irrigation for winter crops
gulmi,undefined,2015,March,Spring (Falgun–Chaitra),35.0,8.7,38,Pre-Monsoon Initiation,Light irrigation for spring maize & vegetables
arghakhanchi,undefined,2015,April,Spring (Chaitra–Baisakh),50.8,11.2,33,Pre-Monsoon Sporadic,Irrigation required for dry season cultivation
dang,undefined,2015,May,Spring (Baisakh–Jestha),89.2,15.3,54,Pre-Monsoon Thunderstorms,Prepare soil for paddy nurseries; thunder showers likely
pyuthan,undefined,2015,June,Monsoon (Jestha–Asar),254.2,14.5,74,Monsoon Onset Phase,Transplant main season paddy; abundant rain
rolpa,undefined,2015,July,Monsoon (Asar–Shrawan),229.7,18.3,77,Peak Monsoon Phase,No irrigation needed; maintain field drainage
rukum east,undefined,2015,August,Monsoon (Shrawan–Bhadra),196.6,16.3,77,Peak Monsoon Phase,High rainfall; manage field overflow and weeding
banke,undefined,2015,September,Autumn (Bhadra–Asoj),92.7,14.9,68,Late Monsoon Retreat,Adequate soil moisture for grain filling
bardiya,undefined,2015,October,Autumn (Asoj–Karthik),29.1,8.5,63,Post-Monsoon Autumn,Good window for harvesting paddy and sowing winter crops
surkhet,undefined,2015,November,Autumn (Karthik–Mangsir),8.3,4.4,49,Post-Monsoon Dry,Residual moisture decreasing; prepare wheat sowing
dailekh,undefined,2015,December,Winter (Mangsir–Poush),11.1,0.8,57,Early Winter Dry Period,First irrigation for germinating wheat & potato
jajarkot,undefined,2016,January,Winter (Poush–Magh),21.4,-1.2,50,Winter Dry Period,Critical: Supplemental irrigation required for wheat & mustard
rukum west,undefined,2016,February,Winter (Magh–Falgun),33.4,1.1,50,Late Winter Dry,Moderate irrigation for winter crops
jumla,undefined,2016,March,Spring (Falgun–Chaitra),36.9,6.9,40,Pre-Monsoon Initiation,Light irrigation for spring maize & vegetables
kalikot,undefined,2016,April,Spring (Chaitra–Baisakh),49.8,10.9,42,Pre-Monsoon Sporadic,Irrigation required for dry season cultivation
mugu,undefined,2016,May,Spring (Baisakh–Jestha),98.9,16.2,55,Pre-Monsoon Thunderstorms,Prepare soil for paddy nurseries; thunder showers likely
humla,undefined,2016,June,Monsoon (Jestha–Asar),149.1,15.9,71,Monsoon Onset Phase,Transplant main season paddy; abundant rain
dolpa,undefined,2016,July,Monsoon (Asar–Shrawan),271.5,19.8,75,Peak Monsoon Phase,No irrigation needed; maintain field drainage
kailali,undefined,2016,August,Monsoon (Shrawan–Bhadra),202.8,15.0,74,Peak Monsoon Phase,High rainfall; manage field overflow and weeding
kanchanpur,undefined,2016,September,Autumn (Bhadra–Asoj),137.9,13.4,72,Late Monsoon Retreat,Adequate soil moisture for grain filling
doti,undefined,2016,October,Autumn (Asoj–Karthik),34.0,9.4,53,Post-Monsoon Autumn,Good window for harvesting paddy and sowing winter crops
achham,undefined,2016,November,Autumn (Karthik–Mangsir),9.1,0.4,51,Post-Monsoon Dry,Residual moisture decreasing; prepare wheat sowing
dadeldhura,undefined,2016,December,Winter (Mangsir–Poush),7.6,1.4,53,Early Winter Dry Period,First irrigation for germinating wheat & potato
baitadi,undefined,2017,January,Winter (Poush–Magh),23.5,-0.2,46,Winter Dry Period,Critical: Supplemental irrigation required for wheat & mustard
bajhang,undefined,2017,February,Winter (Magh–Falgun),35.3,3.1,47,Late Winter Dry,Moderate irrigation for winter crops
bajura,undefined,2017,March,Spring (Falgun–Chaitra),44.5,5.7,36,Pre-Monsoon Initiation,Light irrigation for spring maize & vegetables
darchula,undefined,2017,April,Spring (Chaitra–Baisakh),43.6,10.4,37,Pre-Monsoon Sporadic,Irrigation required for dry season cultivation
jhapa,undefined,2017,May,Spring (Baisakh–Jestha),94.7,14.7,53,Pre-Monsoon Thunderstorms,Prepare soil for paddy nurseries; thunder showers likely
morang,undefined,2017,June,Monsoon (Jestha–Asar),146.3,14.8,69,Monsoon Onset Phase,Transplant main season paddy; abundant rain
sunsari,undefined,2017,July,Monsoon (Asar–Shrawan),171.2,17.9,72,Peak Monsoon Phase,No irrigation needed; maintain field drainage
ilam,undefined,2017,August,Monsoon (Shrawan–Bhadra),272.6,18.1,76,Peak Monsoon Phase,High rainfall; manage field overflow and weeding
panchthar,undefined,2017,September,Autumn (Bhadra–Asoj),142.7,13.0,72,Late Monsoon Retreat,Adequate soil moisture for grain filling
taplejung,undefined,2017,October,Autumn (Asoj–Karthik),36.0,9.3,63,Post-Monsoon Autumn,Good window for harvesting paddy and sowing winter crops
dhankuta,undefined,2017,November,Autumn (Karthik–Mangsir),10.0,4.3,45,Post-Monsoon Dry,Residual moisture decreasing; prepare wheat sowing
bhojpur,undefined,2017,December,Winter (Mangsir–Poush),8.6,-0.1,50,Early Winter Dry Period,First irrigation for germinating wheat & potato
terhathum,undefined,2018,January,Winter (Poush–Magh),18.3,0.9,56,Winter Dry Period,Critical: Supplemental irrigation required for wheat & mustard
sankhuwasabha,undefined,2018,February,Winter (Magh–Falgun),30.5,2.1,47,Late Winter Dry,Moderate irrigation for winter crops
solukhumbu,undefined,2018,March,Spring (Falgun–Chaitra),32.6,7.1,41,Pre-Monsoon Initiation,Light irrigation for spring maize & vegetables
khotang,undefined,2018,April,Spring (Chaitra–Baisakh),39.1,11.4,41,Pre-Monsoon Sporadic,Irrigation required for dry season cultivation
okhaldhunga,undefined,2018,May,Spring (Baisakh–Jestha),57.1,14.0,50,Pre-Monsoon Thunderstorms,Prepare soil for paddy nurseries; thunder showers likely
udayapur,undefined,2018,June,Monsoon (Jestha–Asar),205.3,17.7,62,Monsoon Onset Phase,Transplant main season paddy; abundant rain
saptari,undefined,2018,July,Monsoon (Asar–Shrawan),257.5,16.1,82,Peak Monsoon Phase,No irrigation needed; maintain field drainage
siraha,undefined,2018,August,Monsoon (Shrawan–Bhadra),195.2,16.9,81,Peak Monsoon Phase,High rainfall; manage field overflow and weeding
dhanusha,undefined,2018,September,Autumn (Bhadra–Asoj),96.8,12.3,67,Late Monsoon Retreat,Adequate soil moisture for grain filling
mahottari,undefined,2018,October,Autumn (Asoj–Karthik),40.5,7.2,46,Post-Monsoon Autumn,Good window for harvesting paddy and sowing winter crops
sarlahi,undefined,2018,November,Autumn (Karthik–Mangsir),8.4,4.7,56,Post-Monsoon Dry,Residual moisture decreasing; prepare wheat sowing
rautahat,undefined,2018,December,Winter (Mangsir–Poush),9.3,-0.5,54,Early Winter Dry Period,First irrigation for germinating wheat & potato
bara,undefined,2019,January,Winter (Poush–Magh),15.8,-2.5,50,Winter Dry Period,Critical: Supplemental irrigation required for wheat & mustard
parsa,undefined,2019,February,Winter (Magh–Falgun),29.9,1.4,48,Late Winter Dry,Moderate irrigation for winter crops
chitwan,undefined,2019,March,Spring (Falgun–Chaitra),23.8,6.2,41,Pre-Monsoon Initiation,Light irrigation for spring maize & vegetables
kathmandu,undefined,2019,April,Spring (Chaitra–Baisakh),40.9,11.1,43,Pre-Monsoon Sporadic,Irrigation required for dry season cultivation
lalitpur,undefined,2019,May,Spring (Baisakh–Jestha),75.9,15.2,48,Pre-Monsoon Thunderstorms,Prepare soil for paddy nurseries; thunder showers likely
bhaktapur,undefined,2019,June,Monsoon (Jestha–Asar),155.0,17.7,68,Monsoon Onset Phase,Transplant main season paddy; abundant rain
kavrepalanchok,undefined,2019,July,Monsoon (Asar–Shrawan),218.9,18.3,80,Peak Monsoon Phase,No irrigation needed; maintain field drainage
dhading,undefined,2019,August,Monsoon (Shrawan–Bhadra),145.4,18.4,74,Peak Monsoon Phase,High rainfall; manage field overflow and weeding
nuwakot,undefined,2019,September,Autumn (Bhadra–Asoj),127.7,15.4,64,Late Monsoon Retreat,Adequate soil moisture for grain filling
makwanpur,undefined,2019,October,Autumn (Asoj–Karthik),31.3,8.7,54,Post-Monsoon Autumn,Good window for harvesting paddy and sowing winter crops
sindhupalchok,undefined,2019,November,Autumn (Karthik–Mangsir),11.3,3.0,49,Post-Monsoon Dry,Residual moisture decreasing; prepare wheat sowing
dolakha,undefined,2019,December,Winter (Mangsir–Poush),10.3,-1.4,48,Early Winter Dry Period,First irrigation for germinating wheat & potato
ramechhap,undefined,2020,January,Winter (Poush–Magh),23.0,-2.4,49,Winter Dry Period,Critical: Supplemental irrigation required for wheat & mustard
sindhuli,undefined,2020,February,Winter (Magh–Falgun),25.8,0.2,49,Late Winter Dry,Moderate irrigation for winter crops
rasuwa,undefined,2020,March,Spring (Falgun–Chaitra),48.0,7.0,40,Pre-Monsoon Initiation,Light irrigation for spring maize & vegetables
gorkha,undefined,2020,April,Spring (Chaitra–Baisakh),53.0,9.5,48,Pre-Monsoon Sporadic,Irrigation required for dry season cultivation
kaski,undefined,2020,May,Spring (Baisakh–Jestha),82.4,17.0,49,Pre-Monsoon Thunderstorms,Prepare soil for paddy nurseries; thunder showers likely
tanahun,undefined,2020,June,Monsoon (Jestha–Asar),203.6,17.9,70,Monsoon Onset Phase,Transplant main season paddy; abundant rain
syangja,undefined,2020,July,Monsoon (Asar–Shrawan),248.4,17.7,82,Peak Monsoon Phase,No irrigation needed; maintain field drainage
lamjung,undefined,2020,August,Monsoon (Shrawan–Bhadra),214.4,14.6,71,Peak Monsoon Phase,High rainfall; manage field overflow and weeding
nawalpur,undefined,2020,September,Autumn (Bhadra–Asoj),116.7,14.4,69,Late Monsoon Retreat,Adequate soil moisture for grain filling
parbat,undefined,2020,October,Autumn (Asoj–Karthik),41.4,6.7,58,Post-Monsoon Autumn,Good window for harvesting paddy and sowing winter crops
baglung,undefined,2020,November,Autumn (Karthik–Mangsir),6.5,4.9,51,Post-Monsoon Dry,Residual moisture decreasing; prepare wheat sowing
myagdi,undefined,2020,December,Winter (Mangsir–Poush),10.6,-1.0,55,Early Winter Dry Period,First irrigation for germinating wheat & potato
mustang,undefined,2021,January,Winter (Poush–Magh),25.4,-1.3,49,Winter Dry Period,Critical: Supplemental irrigation required for wheat & mustard
manang,undefined,2021,February,Winter (Magh–Falgun),30.4,1.2,51,Late Winter Dry,Moderate irrigation for winter crops
rupandehi,undefined,2021,March,Spring (Falgun–Chaitra),47.4,8.3,37,Pre-Monsoon Initiation,Light irrigation for spring maize & vegetables
kapilvastu,undefined,2021,April,Spring (Chaitra–Baisakh),50.6,9.4,44,Pre-Monsoon Sporadic,Irrigation required for dry season cultivation
nawalparasi west,undefined,2021,May,Spring (Baisakh–Jestha),85.4,12.8,47,Pre-Monsoon Thunderstorms,Prepare soil for paddy nurseries; thunder showers likely
palpa,undefined,2021,June,Monsoon (Jestha–Asar),153.2,16.6,63,Monsoon Onset Phase,Transplant main season paddy; abundant rain
gulmi,undefined,2021,July,Monsoon (Asar–Shrawan),254.0,18.3,77,Peak Monsoon Phase,No irrigation needed; maintain field drainage
arghakhanchi,undefined,2021,August,Monsoon (Shrawan–Bhadra),186.2,18.3,82,Peak Monsoon Phase,High rainfall; manage field overflow and weeding
dang,undefined,2021,September,Autumn (Bhadra–Asoj),111.3,13.3,71,Late Monsoon Retreat,Adequate soil moisture for grain filling
pyuthan,undefined,2021,October,Autumn (Asoj–Karthik),33.1,8.8,60,Post-Monsoon Autumn,Good window for harvesting paddy and sowing winter crops
rolpa,undefined,2021,November,Autumn (Karthik–Mangsir),6.4,5.6,52,Post-Monsoon Dry,Residual moisture decreasing; prepare wheat sowing
rukum east,undefined,2021,December,Winter (Mangsir–Poush),9.4,-0.1,49,Early Winter Dry Period,First irrigation for germinating wheat & potato
banke,undefined,2022,January,Winter (Poush–Magh),16.3,-0.2,50,Winter Dry Period,Critical: Supplemental irrigation required for wheat & mustard
bardiya,undefined,2022,February,Winter (Magh–Falgun),29.9,3.1,43,Late Winter Dry,Moderate irrigation for winter crops
surkhet,undefined,2022,March,Spring (Falgun–Chaitra),40.7,6.7,43,Pre-Monsoon Initiation,Light irrigation for spring maize & vegetables
dailekh,undefined,2022,April,Spring (Chaitra–Baisakh),32.7,10.9,39,Pre-Monsoon Sporadic,Irrigation required for dry season cultivation
jajarkot,undefined,2022,May,Spring (Baisakh–Jestha),85.2,15.6,49,Pre-Monsoon Thunderstorms,Prepare soil for paddy nurseries; thunder showers likely
rukum west,undefined,2022,June,Monsoon (Jestha–Asar),142.9,16.9,64,Monsoon Onset Phase,Transplant main season paddy; abundant rain
jumla,undefined,2022,July,Monsoon (Asar–Shrawan),270.3,17.6,66,Peak Monsoon Phase,No irrigation needed; maintain field drainage
kalikot,undefined,2022,August,Monsoon (Shrawan–Bhadra),198.2,15.8,69,Peak Monsoon Phase,High rainfall; manage field overflow and weeding
mugu,undefined,2022,September,Autumn (Bhadra–Asoj),97.7,14.1,75,Late Monsoon Retreat,Adequate soil moisture for grain filling
humla,undefined,2022,October,Autumn (Asoj–Karthik),36.6,8.3,59,Post-Monsoon Autumn,Good window for harvesting paddy and sowing winter crops
dolpa,undefined,2022,November,Autumn (Karthik–Mangsir),8.4,3.2,47,Post-Monsoon Dry,Residual moisture decreasing; prepare wheat sowing
kailali,undefined,2022,December,Winter (Mangsir–Poush),7.4,-0.5,50,Early Winter Dry Period,First irrigation for germinating wheat & potato
kanchanpur,undefined,2023,January,Winter (Poush–Magh),21.7,-2.5,46,Winter Dry Period,Critical: Supplemental irrigation required for wheat & mustard
doti,undefined,2023,February,Winter (Magh–Falgun),30.6,0.4,51,Late Winter Dry,Moderate irrigation for winter crops
achham,undefined,2023,March,Spring (Falgun–Chaitra),32.3,6.1,34,Pre-Monsoon Initiation,Light irrigation for spring maize & vegetables
dadeldhura,undefined,2023,April,Spring (Chaitra–Baisakh),44.4,12.2,44,Pre-Monsoon Sporadic,Irrigation required for dry season cultivation
baitadi,undefined,2023,May,Spring (Baisakh–Jestha),91.7,15.6,47,Pre-Monsoon Thunderstorms,Prepare soil for paddy nurseries; thunder showers likely
bajhang,undefined,2023,June,Monsoon (Jestha–Asar),152.1,16.1,73,Monsoon Onset Phase,Transplant main season paddy; abundant rain
bajura,undefined,2023,July,Monsoon (Asar–Shrawan),196.9,19.1,81,Peak Monsoon Phase,No irrigation needed; maintain field drainage
darchula,undefined,2023,August,Monsoon (Shrawan–Bhadra),267.6,16.5,78,Peak Monsoon Phase,High rainfall; manage field overflow and weeding
jhapa,undefined,2023,September,Autumn (Bhadra–Asoj),161.1,13.3,63,Late Monsoon Retreat,Adequate soil moisture for grain filling
morang,undefined,2023,October,Autumn (Asoj–Karthik),25.1,9.9,50,Post-Monsoon Autumn,Good window for harvesting paddy and sowing winter crops
sunsari,undefined,2023,November,Autumn (Karthik–Mangsir),8.5,4.5,52,Post-Monsoon Dry,Residual moisture decreasing; prepare wheat sowing
ilam,undefined,2023,December,Winter (Mangsir–Poush),10.6,0.3,55,Early Winter Dry Period,First irrigation for germinating wheat & potato
panchthar,undefined,2024,January,Winter (Poush–Magh),18.9,-2.8,46,Winter Dry Period,Critical: Supplemental irrigation required for wheat & mustard
taplejung,undefined,2024,February,Winter (Magh–Falgun),31.5,3.1,49,Late Winter Dry,Moderate irrigation for winter crops
dhankuta,undefined,2024,March,Spring (Falgun–Chaitra),44.7,5.6,46,Pre-Monsoon Initiation,Light irrigation for spring maize & vegetables
bhojpur,undefined,2024,April,Spring (Chaitra–Baisakh),59.0,11.9,49,Pre-Monsoon Sporadic,Irrigation required for dry season cultivation
terhathum,undefined,2024,May,Spring (Baisakh–Jestha),60.1,14.4,49,Pre-Monsoon Thunderstorms,Prepare soil for paddy nurseries; thunder showers likely
sankhuwasabha,undefined,2024,June,Monsoon (Jestha–Asar),177.3,15.7,71,Monsoon Onset Phase,Transplant main season paddy; abundant rain
solukhumbu,undefined,2024,July,Monsoon (Asar–Shrawan),289.3,18.8,79,Peak Monsoon Phase,No irrigation needed; maintain field drainage
khotang,undefined,2024,August,Monsoon (Shrawan–Bhadra),178.9,16.0,80,Peak Monsoon Phase,High rainfall; manage field overflow and weeding
okhaldhunga,undefined,2024,September,Autumn (Bhadra–Asoj),134.0,14.0,68,Late Monsoon Retreat,Adequate soil moisture for grain filling
udayapur,undefined,2024,October,Autumn (Asoj–Karthik),24.4,7.7,65,Post-Monsoon Autumn,Good window for harvesting paddy and sowing winter crops
saptari,undefined,2024,November,Autumn (Karthik–Mangsir),7.3,4.2,56,Post-Monsoon Dry,Residual moisture decreasing; prepare wheat sowing
siraha,undefined,2024,December,Winter (Mangsir–Poush),8.1,0.2,53,Early Winter Dry Period,First irrigation for germinating wheat & potato
dhanusha,undefined,1995,January,Winter (Poush–Magh),22.0,1.4,43,Winter Dry Period,Critical: Supplemental irrigation required for wheat & mustard
mahottari,undefined,1995,February,Winter (Magh–Falgun),32.4,1.8,51,Late Winter Dry,Moderate irrigation for winter crops
sarlahi,undefined,1995,March,Spring (Falgun–Chaitra),40.5,6.1,40,Pre-Monsoon Initiation,Light irrigation for spring maize & vegetables
rautahat,undefined,1995,April,Spring (Chaitra–Baisakh),34.6,11.7,43,Pre-Monsoon Sporadic,Irrigation required for dry season cultivation
bara,undefined,1995,May,Spring (Baisakh–Jestha),87.7,16.3,53,Pre-Monsoon Thunderstorms,Prepare soil for paddy nurseries; thunder showers likely
parsa,undefined,1995,June,Monsoon (Jestha–Asar),163.6,15.9,65,Monsoon Onset Phase,Transplant main season paddy; abundant rain
chitwan,undefined,1995,July,Monsoon (Asar–Shrawan),282.7,19.7,77,Peak Monsoon Phase,No irrigation needed; maintain field drainage
kathmandu,undefined,1995,August,Monsoon (Shrawan–Bhadra),211.4,15.9,80,Peak Monsoon Phase,High rainfall; manage field overflow and weeding
lalitpur,undefined,1995,September,Autumn (Bhadra–Asoj),132.0,16.3,66,Late Monsoon Retreat,Adequate soil moisture for grain filling
bhaktapur,undefined,1995,October,Autumn (Asoj–Karthik),33.0,9.3,60,Post-Monsoon Autumn,Good window for harvesting paddy and sowing winter crops
kavrepalanchok,undefined,1995,November,Autumn (Karthik–Mangsir),8.7,3.0,55,Post-Monsoon Dry,Residual moisture decreasing; prepare wheat sowing
dhading,undefined,1995,December,Winter (Mangsir–Poush),11.1,-1.1,55,Early Winter Dry Period,First irrigation for germinating wheat & potato
nuwakot,undefined,1996,January,Winter (Poush–Magh),25.9,-1.8,50,Winter Dry Period,Critical: Supplemental irrigation required for wheat & mustard
makwanpur,undefined,1996,February,Winter (Magh–Falgun),30.3,1.0,48,Late Winter Dry,Moderate irrigation for winter crops
sindhupalchok,undefined,1996,March,Spring (Falgun–Chaitra),25.7,8.1,33,Pre-Monsoon Initiation,Light irrigation for spring maize & vegetables
dolakha,undefined,1996,April,Spring (Chaitra–Baisakh),58.8,10.6,41,Pre-Monsoon Sporadic,Irrigation required for dry season cultivation
ramechhap,undefined,1996,May,Spring (Baisakh–Jestha),72.5,14.7,57,Pre-Monsoon Thunderstorms,Prepare soil for paddy nurseries; thunder showers likely
sindhuli,undefined,1996,June,Monsoon (Jestha–Asar),100.3,18.5,69,Monsoon Onset Phase,Transplant main season paddy; abundant rain
rasuwa,undefined,1996,July,Monsoon (Asar–Shrawan),196.5,16.7,84,Peak Monsoon Phase,No irrigation needed; maintain field drainage
gorkha,undefined,1996,August,Monsoon (Shrawan–Bhadra),180.2,15.6,80,Peak Monsoon Phase,High rainfall; manage field overflow and weeding
kaski,undefined,1996,September,Autumn (Bhadra–Asoj),126.1,12.9,70,Late Monsoon Retreat,Adequate soil moisture for grain filling
tanahun,undefined,1996,October,Autumn (Asoj–Karthik),29.6,10.3,62,Post-Monsoon Autumn,Good window for harvesting paddy and sowing winter crops
syangja,undefined,1996,November,Autumn (Karthik–Mangsir),9.7,4.4,59,Post-Monsoon Dry,Residual moisture decreasing; prepare wheat sowing
lamjung,undefined,1996,December,Winter (Mangsir–Poush),10.0,-1.4,51,Early Winter Dry Period,First irrigation for germinating wheat & potato
nawalpur,undefined,1997,January,Winter (Poush–Magh),28.9,-3.2,48,Winter Dry Period,Critical: Supplemental irrigation required for wheat & mustard
parbat,undefined,1997,February,Winter (Magh–Falgun),29.7,1.9,44,Late Winter Dry,Moderate irrigation for winter crops
baglung,undefined,1997,March,Spring (Falgun–Chaitra),44.4,9.8,40,Pre-Monsoon Initiation,Light irrigation for spring maize & vegetables
myagdi,undefined,1997,April,Spring (Chaitra–Baisakh),41.5,9.1,43,Pre-Monsoon Sporadic,Irrigation required for dry season cultivation
mustang,undefined,1997,May,Spring (Baisakh–Jestha),93.2,15.6,51,Pre-Monsoon Thunderstorms,Prepare soil for paddy nurseries; thunder showers likely
manang,undefined,1997,June,Monsoon (Jestha–Asar),145.9,15.7,71,Monsoon Onset Phase,Transplant main season paddy; abundant rain
rupandehi,undefined,1997,July,Monsoon (Asar–Shrawan),272.9,16.1,84,Peak Monsoon Phase,No irrigation needed; maintain field drainage
kapilvastu,undefined,1997,August,Monsoon (Shrawan–Bhadra),228.1,18.7,70,Peak Monsoon Phase,High rainfall; manage field overflow and weeding
nawalparasi west,undefined,1997,September,Autumn (Bhadra–Asoj),95.4,13.8,72,Late Monsoon Retreat,Adequate soil moisture for grain filling
palpa,undefined,1997,October,Autumn (Asoj–Karthik),44.4,9.8,57,Post-Monsoon Autumn,Good window for harvesting paddy and sowing winter crops
gulmi,undefined,1997,November,Autumn (Karthik–Mangsir),7.6,5.5,48,Post-Monsoon Dry,Residual moisture decreasing; prepare wheat sowing
arghakhanchi,undefined,1997,December,Winter (Mangsir–Poush),12.4,-0.3,56,Early Winter Dry Period,First irrigation for germinating wheat & potato
dang,undefined,1998,January,Winter (Poush–Magh),24.2,-2.2,47,Winter Dry Period,Critical: Supplemental irrigation required for wheat & mustard
pyuthan,undefined,1998,February,Winter (Magh–Falgun),26.6,2.5,48,Late Winter Dry,Moderate irrigation for winter crops
rolpa,undefined,1998,March,Spring (Falgun–Chaitra),34.6,6.8,40,Pre-Monsoon Initiation,Light irrigation for spring maize & vegetables
rukum east,undefined,1998,April,Spring (Chaitra–Baisakh),32.7,11.5,38,Pre-Monsoon Sporadic,Irrigation required for dry season cultivation
banke,undefined,1998,May,Spring (Baisakh–Jestha),66.2,13.0,44,Pre-Monsoon Thunderstorms,Prepare soil for paddy nurseries; thunder showers likely
bardiya,undefined,1998,June,Monsoon (Jestha–Asar),127.5,16.1,75,Monsoon Onset Phase,Transplant main season paddy; abundant rain
surkhet,undefined,1998,July,Monsoon (Asar–Shrawan),221.1,18.2,79,Peak Monsoon Phase,No irrigation needed; maintain field drainage
dailekh,undefined,1998,August,Monsoon (Shrawan–Bhadra),214.1,16.9,71,Peak Monsoon Phase,High rainfall; manage field overflow and weeding
jajarkot,undefined,1998,September,Autumn (Bhadra–Asoj),146.1,16.2,63,Late Monsoon Retreat,Adequate soil moisture for grain filling
rukum west,undefined,1998,October,Autumn (Asoj–Karthik),29.6,8.7,54,Post-Monsoon Autumn,Good window for harvesting paddy and sowing winter crops
jumla,undefined,1998,November,Autumn (Karthik–Mangsir),9.7,3.1,60,Post-Monsoon Dry,Residual moisture decreasing; prepare wheat sowing
kalikot,undefined,1998,December,Winter (Mangsir–Poush),11.8,0.3,54,Early Winter Dry Period,First irrigation for germinating wheat & potato
mugu,undefined,1999,January,Winter (Poush–Magh),25.6,-2.7,46,Winter Dry Period,Critical: Supplemental irrigation required for wheat & mustard
humla,undefined,1999,February,Winter (Magh–Falgun),28.3,3.0,48,Late Winter Dry,Moderate irrigation for winter crops
dolpa,undefined,1999,March,Spring (Falgun–Chaitra),29.0,6.0,39,Pre-Monsoon Initiation,Light irrigation for spring maize & vegetables
kailali,undefined,1999,April,Spring (Chaitra–Baisakh),47.5,13.4,36,Pre-Monsoon Sporadic,Irrigation required for dry season cultivation
kanchanpur,undefined,1999,May,Spring (Baisakh–Jestha),86.1,16.8,61,Pre-Monsoon Thunderstorms,Prepare soil for paddy nurseries; thunder showers likely
doti,undefined,1999,June,Monsoon (Jestha–Asar),150.3,17.6,70,Monsoon Onset Phase,Transplant main season paddy; abundant rain
achham,undefined,1999,July,Monsoon (Asar–Shrawan),247.0,17.9,79,Peak Monsoon Phase,No irrigation needed; maintain field drainage
dadeldhura,undefined,1999,August,Monsoon (Shrawan–Bhadra),130.2,17.8,76,Peak Monsoon Phase,High rainfall; manage field overflow and weeding
baitadi,undefined,1999,September,Autumn (Bhadra–Asoj),116.0,16.5,67,Late Monsoon Retreat,Adequate soil moisture for grain filling
bajhang,undefined,1999,October,Autumn (Asoj–Karthik),32.9,11.4,54,Post-Monsoon Autumn,Good window for harvesting paddy and sowing winter crops
bajura,undefined,1999,November,Autumn (Karthik–Mangsir),8.3,3.8,55,Post-Monsoon Dry,Residual moisture decreasing; prepare wheat sowing
darchula,undefined,1999,December,Winter (Mangsir–Poush),10.3,-1.6,47,Early Winter Dry Period,First irrigation for germinating wheat & potato
jhapa,undefined,2000,January,Winter (Poush–Magh),20.0,-2.1,51,Winter Dry Period,Critical: Supplemental irrigation required for wheat & mustard
morang,undefined,2000,February,Winter (Magh–Falgun),29.8,-0.1,52,Late Winter Dry,Moderate irrigation for winter crops
sunsari,undefined,2000,March,Spring (Falgun–Chaitra),39.4,8.7,41,Pre-Monsoon Initiation,Light irrigation for spring maize & vegetables
ilam,undefined,2000,April,Spring (Chaitra–Baisakh),55.9,11.6,47,Pre-Monsoon Sporadic,Irrigation required for dry season cultivation
panchthar,undefined,2000,May,Spring (Baisakh–Jestha),86.3,14.9,61,Pre-Monsoon Thunderstorms,Prepare soil for paddy nurseries; thunder showers likely
taplejung,undefined,2000,June,Monsoon (Jestha–Asar),181.3,17.7,62,Monsoon Onset Phase,Transplant main season paddy; abundant rain
dhankuta,undefined,2000,July,Monsoon (Asar–Shrawan),193.6,18.4,78,Peak Monsoon Phase,No irrigation needed; maintain field drainage
bhojpur,undefined,2000,August,Monsoon (Shrawan–Bhadra),190.7,17.2,82,Peak Monsoon Phase,High rainfall; manage field overflow and weeding
terhathum,undefined,2000,September,Autumn (Bhadra–Asoj),132.5,12.6,69,Late Monsoon Retreat,Adequate soil moisture for grain filling
sankhuwasabha,undefined,2000,October,Autumn (Asoj–Karthik),30.8,8.5,56,Post-Monsoon Autumn,Good window for harvesting paddy and sowing winter crops
solukhumbu,undefined,2000,November,Autumn (Karthik–Mangsir),8.4,2.5,51,Post-Monsoon Dry,Residual moisture decreasing; prepare wheat sowing
khotang,undefined,2000,December,Winter (Mangsir–Poush),9.2,-3.5,58,Early Winter Dry Period,First irrigation for germinating wheat & potato
okhaldhunga,undefined,2001,January,Winter (Poush–Magh),25.6,-2.5,50,Winter Dry Period,Critical: Supplemental irrigation required for wheat & mustard
udayapur,undefined,2001,February,Winter (Magh–Falgun),23.1,4.0,55,Late Winter Dry,Moderate irrigation for winter crops
saptari,undefined,2001,March,Spring (Falgun–Chaitra),38.9,8.2,40,Pre-Monsoon Initiation,Light irrigation for spring maize & vegetables
siraha,undefined,2001,April,Spring (Chaitra–Baisakh),38.4,10.5,42,Pre-Monsoon Sporadic,Irrigation required for dry season cultivation
dhanusha,undefined,2001,May,Spring (Baisakh–Jestha),74.5,14.7,51,Pre-Monsoon Thunderstorms,Prepare soil for paddy nurseries; thunder showers likely
mahottari,undefined,2001,June,Monsoon (Jestha–Asar),158.1,17.1,63,Monsoon Onset Phase,Transplant main season paddy; abundant rain
sarlahi,undefined,2001,July,Monsoon (Asar–Shrawan),214.2,16.5,81,Peak Monsoon Phase,No irrigation needed; maintain field drainage
rautahat,undefined,2001,August,Monsoon (Shrawan–Bhadra),143.7,18.4,81,Peak Monsoon Phase,High rainfall; manage field overflow and weeding
bara,undefined,2001,September,Autumn (Bhadra–Asoj),114.6,10.9,68,Late Monsoon Retreat,Adequate soil moisture for grain filling
parsa,undefined,2001,October,Autumn (Asoj–Karthik),34.7,7.8,55,Post-Monsoon Autumn,Good window for harvesting paddy and sowing winter crops
chitwan,undefined,2001,November,Autumn (Karthik–Mangsir),11.1,4.8,48,Post-Monsoon Dry,Residual moisture decreasing; prepare wheat sowing
kathmandu,undefined,2001,December,Winter (Mangsir–Poush),7.6,-0.4,49,Early Winter Dry Period,First irrigation for germinating wheat & potato
lalitpur,undefined,2002,January,Winter (Poush–Magh),23.6,-2.6,52,Winter Dry Period,Critical: Supplemental irrigation required for wheat & mustard
bhaktapur,undefined,2002,February,Winter (Magh–Falgun),36.1,3.0,47,Late Winter Dry,Moderate irrigation for winter crops
kavrepalanchok,undefined,2002,March,Spring (Falgun–Chaitra),37.0,6.6,44,Pre-Monsoon Initiation,Light irrigation for spring maize & vegetables
dhading,undefined,2002,April,Spring (Chaitra–Baisakh),43.5,11.1,42,Pre-Monsoon Sporadic,Irrigation required for dry season cultivation
nuwakot,undefined,2002,May,Spring (Baisakh–Jestha),74.0,13.4,53,Pre-Monsoon Thunderstorms,Prepare soil for paddy nurseries; thunder showers likely
makwanpur,undefined,2002,June,Monsoon (Jestha–Asar),158.5,17.6,65,Monsoon Onset Phase,Transplant main season paddy; abundant rain
sindhupalchok,undefined,2002,July,Monsoon (Asar–Shrawan),283.9,16.9,84,Peak Monsoon Phase,No irrigation needed; maintain field drainage
dolakha,undefined,2002,August,Monsoon (Shrawan–Bhadra),154.9,17.5,77,Peak Monsoon Phase,High rainfall; manage field overflow and weeding
ramechhap,undefined,2002,September,Autumn (Bhadra–Asoj),105.7,14.5,75,Late Monsoon Retreat,Adequate soil moisture for grain filling
sindhuli,undefined,2002,October,Autumn (Asoj–Karthik),23.4,9.6,48,Post-Monsoon Autumn,Good window for harvesting paddy and sowing winter crops
rasuwa,undefined,2002,November,Autumn (Karthik–Mangsir),7.7,6.0,49,Post-Monsoon Dry,Residual moisture decreasing; prepare wheat sowing
gorkha,undefined,2002,December,Winter (Mangsir–Poush),8.2,-0.2,58,Early Winter Dry Period,First irrigation for germinating wheat & potato
kaski,undefined,2003,January,Winter (Poush–Magh),16.0,-3.3,55,Winter Dry Period,Critical: Supplemental irrigation required for wheat & mustard
tanahun,undefined,2003,February,Winter (Magh–Falgun),35.8,1.9,43,Late Winter Dry,Moderate irrigation for winter crops
syangja,undefined,2003,March,Spring (Falgun–Chaitra),49.9,8.9,42,Pre-Monsoon Initiation,Light irrigation for spring maize & vegetables
lamjung,undefined,2003,April,Spring (Chaitra–Baisakh),42.2,10.9,41,Pre-Monsoon Sporadic,Irrigation required for dry season cultivation
nawalpur,undefined,2003,May,Spring (Baisakh–Jestha),84.0,16.7,55,Pre-Monsoon Thunderstorms,Prepare soil for paddy nurseries; thunder showers likely
parbat,undefined,2003,June,Monsoon (Jestha–Asar),134.1,18.7,69,Monsoon Onset Phase,Transplant main season paddy; abundant rain
baglung,undefined,2003,July,Monsoon (Asar–Shrawan),264.7,19.8,73,Peak Monsoon Phase,No irrigation needed; maintain field drainage
myagdi,undefined,2003,August,Monsoon (Shrawan–Bhadra),208.9,16.4,69,Peak Monsoon Phase,High rainfall; manage field overflow and weeding
mustang,undefined,2003,September,Autumn (Bhadra–Asoj),126.2,17.0,62,Late Monsoon Retreat,Adequate soil moisture for grain filling
manang,undefined,2003,October,Autumn (Asoj–Karthik),34.8,9.8,58,Post-Monsoon Autumn,Good window for harvesting paddy and sowing winter crops
rupandehi,undefined,2003,November,Autumn (Karthik–Mangsir),8.8,2.4,52,Post-Monsoon Dry,Residual moisture decreasing; prepare wheat sowing
kapilvastu,undefined,2003,December,Winter (Mangsir–Poush),8.9,-2.6,54,Early Winter Dry Period,First irrigation for germinating wheat & potato
nawalparasi west,undefined,2004,January,Winter (Poush–Magh),25.2,-1.9,50,Winter Dry Period,Critical: Supplemental irrigation required for wheat & mustard
palpa,undefined,2004,February,Winter (Magh–Falgun),32.5,2.3,51,Late Winter Dry,Moderate irrigation for winter crops
gulmi,undefined,2004,March,Spring (Falgun–Chaitra),36.3,8.6,41,Pre-Monsoon Initiation,Light irrigation for spring maize & vegetables
arghakhanchi,undefined,2004,April,Spring (Chaitra–Baisakh),49.4,9.5,43,Pre-Monsoon Sporadic,Irrigation required for dry season cultivation
dang,undefined,2004,May,Spring (Baisakh–Jestha),70.0,14.2,48,Pre-Monsoon Thunderstorms,Prepare soil for paddy nurseries; thunder showers likely
pyuthan,undefined,2004,June,Monsoon (Jestha–Asar),134.4,19.5,73,Monsoon Onset Phase,Transplant main season paddy; abundant rain
rolpa,undefined,2004,July,Monsoon (Asar–Shrawan),309.1,16.5,78,Peak Monsoon Phase,No irrigation needed; maintain field drainage
rukum east,undefined,2004,August,Monsoon (Shrawan–Bhadra),169.3,16.2,72,Peak Monsoon Phase,High rainfall; manage field overflow and weeding
banke,undefined,2004,September,Autumn (Bhadra–Asoj),142.3,13.5,74,Late Monsoon Retreat,Adequate soil moisture for grain filling
bardiya,undefined,2004,October,Autumn (Asoj–Karthik),38.2,11.8,52,Post-Monsoon Autumn,Good window for harvesting paddy and sowing winter crops
surkhet,undefined,2004,November,Autumn (Karthik–Mangsir),10.7,5.4,48,Post-Monsoon Dry,Residual moisture decreasing; prepare wheat sowing
dailekh,undefined,2004,December,Winter (Mangsir–Poush),11.5,0.4,49,Early Winter Dry Period,First irrigation for germinating wheat & potato
jajarkot,undefined,2005,January,Winter (Poush–Magh),19.3,-2.9,58,Winter Dry Period,Critical: Supplemental irrigation required for wheat & mustard
rukum west,undefined,2005,February,Winter (Magh–Falgun),28.0,2.9,44,Late Winter Dry,Moderate irrigation for winter crops
jumla,undefined,2005,March,Spring (Falgun–Chaitra),33.6,8.3,34,Pre-Monsoon Initiation,Light irrigation for spring maize & vegetables
kalikot,undefined,2005,April,Spring (Chaitra–Baisakh),45.0,11.0,42,Pre-Monsoon Sporadic,Irrigation required for dry season cultivation
mugu,undefined,2005,May,Spring (Baisakh–Jestha),77.9,15.5,54,Pre-Monsoon Thunderstorms,Prepare soil for paddy nurseries; thunder showers likely
humla,undefined,2005,June,Monsoon (Jestha–Asar),177.6,15.8,66,Monsoon Onset Phase,Transplant main season paddy; abundant rain
dolpa,undefined,2005,July,Monsoon (Asar–Shrawan),283.0,19.1,72,Peak Monsoon Phase,No irrigation needed; maintain field drainage
kailali,undefined,2005,August,Monsoon (Shrawan–Bhadra),221.1,14.6,76,Peak Monsoon Phase,High rainfall; manage field overflow and weeding
kanchanpur,undefined,2005,September,Autumn (Bhadra–Asoj),154.2,12.9,66,Late Monsoon Retreat,Adequate soil moisture for grain filling
doti,undefined,2005,October,Autumn (Asoj–Karthik),39.0,7.1,55,Post-Monsoon Autumn,Good window for harvesting paddy and sowing winter crops
achham,undefined,2005,November,Autumn (Karthik–Mangsir),9.8,3.2,51,Post-Monsoon Dry,Residual moisture decreasing; prepare wheat sowing
dadeldhura,undefined,2005,December,Winter (Mangsir–Poush),11.1,0.5,51,Early Winter Dry Period,First irrigation for germinating wheat & potato
baitadi,undefined,2006,January,Winter (Poush–Magh),20.9,-1.6,49,Winter Dry Period,Critical: Supplemental irrigation required for wheat & mustard
bajhang,undefined,2006,February,Winter (Magh–Falgun),29.9,1.4,47,Late Winter Dry,Moderate irrigation for winter crops
bajura,undefined,2006,March,Spring (Falgun–Chaitra),32.4,7.0,36,Pre-Monsoon Initiation,Light irrigation for spring maize & vegetables
darchula,undefined,2006,April,Spring (Chaitra–Baisakh),40.0,11.3,42,Pre-Monsoon Sporadic,Irrigation required for dry season cultivation
jhapa,undefined,2006,May,Spring (Baisakh–Jestha),89.4,14.5,53,Pre-Monsoon Thunderstorms,Prepare soil for paddy nurseries; thunder showers likely
morang,undefined,2006,June,Monsoon (Jestha–Asar),173.2,17.5,64,Monsoon Onset Phase,Transplant main season paddy; abundant rain
sunsari,undefined,2006,July,Monsoon (Asar–Shrawan),245.4,18.4,78,Peak Monsoon Phase,No irrigation needed; maintain field drainage
ilam,undefined,2006,August,Monsoon (Shrawan–Bhadra),144.3,17.2,84,Peak Monsoon Phase,High rainfall; manage field overflow and weeding
panchthar,undefined,2006,September,Autumn (Bhadra–Asoj),113.5,13.1,71,Late Monsoon Retreat,Adequate soil moisture for grain filling
taplejung,undefined,2006,October,Autumn (Asoj–Karthik),36.6,10.4,52,Post-Monsoon Autumn,Good window for harvesting paddy and sowing winter crops
dhankuta,undefined,2006,November,Autumn (Karthik–Mangsir),10.0,4.7,51,Post-Monsoon Dry,Residual moisture decreasing; prepare wheat sowing
bhojpur,undefined,2006,December,Winter (Mangsir–Poush),10.5,1.2,53,Early Winter Dry Period,First irrigation for germinating wheat & potato
terhathum,undefined,2007,January,Winter (Poush–Magh),18.2,-1.0,49,Winter Dry Period,Critical: Supplemental irrigation required for wheat & mustard
sankhuwasabha,undefined,2007,February,Winter (Magh–Falgun),28.3,2.1,47,Late Winter Dry,Moderate irrigation for winter crops
solukhumbu,undefined,2007,March,Spring (Falgun–Chaitra),44.8,6.9,35,Pre-Monsoon Initiation,Light irrigation for spring maize & vegetables
khotang,undefined,2007,April,Spring (Chaitra–Baisakh),45.2,11.2,46,Pre-Monsoon Sporadic,Irrigation required for dry season cultivation
okhaldhunga,undefined,2007,May,Spring (Baisakh–Jestha),87.2,14.0,61,Pre-Monsoon Thunderstorms,Prepare soil for paddy nurseries; thunder showers likely
udayapur,undefined,2007,June,Monsoon (Jestha–Asar),166.4,18.5,67,Monsoon Onset Phase,Transplant main season paddy; abundant rain
saptari,undefined,2007,July,Monsoon (Asar–Shrawan),259.2,19.0,82,Peak Monsoon Phase,No irrigation needed; maintain field drainage
siraha,undefined,2007,August,Monsoon (Shrawan–Bhadra),243.3,18.0,74,Peak Monsoon Phase,High rainfall; manage field overflow and weeding
dhanusha,undefined,2007,September,Autumn (Bhadra–Asoj),109.7,14.4,73,Late Monsoon Retreat,Adequate soil moisture for grain filling
mahottari,undefined,2007,October,Autumn (Asoj–Karthik),33.8,10.3,63,Post-Monsoon Autumn,Good window for harvesting paddy and sowing winter crops
sarlahi,undefined,2007,November,Autumn (Karthik–Mangsir),7.8,3.0,51,Post-Monsoon Dry,Residual moisture decreasing; prepare wheat sowing
rautahat,undefined,2007,December,Winter (Mangsir–Poush),10.5,-0.6,55,Early Winter Dry Period,First irrigation for germinating wheat & potato
bara,undefined,2008,January,Winter (Poush–Magh),23.4,-2.0,44,Winter Dry Period,Critical: Supplemental irrigation required for wheat & mustard
parsa,undefined,2008,February,Winter (Magh–Falgun),22.5,2.3,39,Late Winter Dry,Moderate irrigation for winter crops
chitwan,undefined,2008,March,Spring (Falgun–Chaitra),43.8,6.8,52,Pre-Monsoon Initiation,Light irrigation for spring maize & vegetables
kathmandu,undefined,2008,April,Spring (Chaitra–Baisakh),64.6,10.8,41,Pre-Monsoon Sporadic,Irrigation required for dry season cultivation
lalitpur,undefined,2008,May,Spring (Baisakh–Jestha),91.9,17.0,45,Pre-Monsoon Thunderstorms,Prepare soil for paddy nurseries; thunder showers likely
bhaktapur,undefined,2008,June,Monsoon (Jestha–Asar),117.1,16.3,70,Monsoon Onset Phase,Transplant main season paddy; abundant rain
kavrepalanchok,undefined,2008,July,Monsoon (Asar–Shrawan),257.9,19.3,73,Peak Monsoon Phase,No irrigation needed; maintain field drainage
dhading,undefined,2008,August,Monsoon (Shrawan–Bhadra),137.0,18.0,72,Peak Monsoon Phase,High rainfall; manage field overflow and weeding
nuwakot,undefined,2008,September,Autumn (Bhadra–Asoj),83.7,14.2,73,Late Monsoon Retreat,Adequate soil moisture for grain filling
makwanpur,undefined,2008,October,Autumn (Asoj–Karthik),34.4,8.5,57,Post-Monsoon Autumn,Good window for harvesting paddy and sowing winter crops
sindhupalchok,undefined,2008,November,Autumn (Karthik–Mangsir),8.5,2.4,49,Post-Monsoon Dry,Residual moisture decreasing; prepare wheat sowing
dolakha,undefined,2008,December,Winter (Mangsir–Poush),10.8,0.4,50,Early Winter Dry Period,First irrigation for germinating wheat & potato
ramechhap,undefined,2009,January,Winter (Poush–Magh),18.7,-2.2,41,Winter Dry Period,Critical: Supplemental irrigation required for wheat & mustard
sindhuli,undefined,2009,February,Winter (Magh–Falgun),28.7,3.7,42,Late Winter Dry,Moderate irrigation for winter crops
rasuwa,undefined,2009,March,Spring (Falgun–Chaitra),34.7,7.4,45,Pre-Monsoon Initiation,Light irrigation for spring maize & vegetables
gorkha,undefined,2009,April,Spring (Chaitra–Baisakh),44.8,10.2,34,Pre-Monsoon Sporadic,Irrigation required for dry season cultivation
kaski,undefined,2009,May,Spring (Baisakh–Jestha),81.2,17.5,53,Pre-Monsoon Thunderstorms,Prepare soil for paddy nurseries; thunder showers likely
tanahun,undefined,2009,June,Monsoon (Jestha–Asar),159.5,17.4,67,Monsoon Onset Phase,Transplant main season paddy; abundant rain
syangja,undefined,2009,July,Monsoon (Asar–Shrawan),210.7,19.0,78,Peak Monsoon Phase,No irrigation needed; maintain field drainage
lamjung,undefined,2009,August,Monsoon (Shrawan–Bhadra),210.6,15.8,81,Peak Monsoon Phase,High rainfall; manage field overflow and weeding
nawalpur,undefined,2009,September,Autumn (Bhadra–Asoj),132.0,13.3,74,Late Monsoon Retreat,Adequate soil moisture for grain filling
parbat,undefined,2009,October,Autumn (Asoj–Karthik),32.4,8.1,54,Post-Monsoon Autumn,Good window for harvesting paddy and sowing winter crops
baglung,undefined,2009,November,Autumn (Karthik–Mangsir),6.6,4.6,44,Post-Monsoon Dry,Residual moisture decreasing; prepare wheat sowing
myagdi,undefined,2009,December,Winter (Mangsir–Poush),8.2,-2.5,49,Early Winter Dry Period,First irrigation for germinating wheat & potato
mustang,undefined,2010,January,Winter (Poush–Magh),21.5,-2.4,45,Winter Dry Period,Critical: Supplemental irrigation required for wheat & mustard
manang,undefined,2010,February,Winter (Magh–Falgun),23.1,2.6,45,Late Winter Dry,Moderate irrigation for winter crops
rupandehi,undefined,2010,March,Spring (Falgun–Chaitra),39.8,5.9,40,Pre-Monsoon Initiation,Light irrigation for spring maize & vegetables
kapilvastu,undefined,2010,April,Spring (Chaitra–Baisakh),57.4,11.7,40,Pre-Monsoon Sporadic,Irrigation required for dry season cultivation
nawalparasi west,undefined,2010,May,Spring (Baisakh–Jestha),83.1,14.7,52,Pre-Monsoon Thunderstorms,Prepare soil for paddy nurseries; thunder showers likely
palpa,undefined,2010,June,Monsoon (Jestha–Asar),152.2,16.8,68,Monsoon Onset Phase,Transplant main season paddy; abundant rain
gulmi,undefined,2010,July,Monsoon (Asar–Shrawan),204.2,16.8,72,Peak Monsoon Phase,No irrigation needed; maintain field drainage
arghakhanchi,undefined,2010,August,Monsoon (Shrawan–Bhadra),159.6,15.5,76,Peak Monsoon Phase,High rainfall; manage field overflow and weeding
dang,undefined,2010,September,Autumn (Bhadra–Asoj),103.9,14.6,70,Late Monsoon Retreat,Adequate soil moisture for grain filling
pyuthan,undefined,2010,October,Autumn (Asoj–Karthik),24.7,9.8,61,Post-Monsoon Autumn,Good window for harvesting paddy and sowing winter crops
rolpa,undefined,2010,November,Autumn (Karthik–Mangsir),7.7,4.5,48,Post-Monsoon Dry,Residual moisture decreasing; prepare wheat sowing
rukum east,undefined,2010,December,Winter (Mangsir–Poush),10.1,-1.5,42,Early Winter Dry Period,First irrigation for germinating wheat & potato
banke,undefined,2011,January,Winter (Poush–Magh),20.7,-2.1,48,Winter Dry Period,Critical: Supplemental irrigation required for wheat & mustard
bardiya,undefined,2011,February,Winter (Magh–Falgun),23.0,1.5,49,Late Winter Dry,Moderate irrigation for winter crops
surkhet,undefined,2011,March,Spring (Falgun–Chaitra),37.7,7.2,37,Pre-Monsoon Initiation,Light irrigation for spring maize & vegetables
dailekh,undefined,2011,April,Spring (Chaitra–Baisakh),56.4,9.6,43,Pre-Monsoon Sporadic,Irrigation required for dry season cultivation
jajarkot,undefined,2011,May,Spring (Baisakh–Jestha),94.2,15.6,51,Pre-Monsoon Thunderstorms,Prepare soil for paddy nurseries; thunder showers likely
rukum west,undefined,2011,June,Monsoon (Jestha–Asar),147.3,18.2,62,Monsoon Onset Phase,Transplant main season paddy; abundant rain
jumla,undefined,2011,July,Monsoon (Asar–Shrawan),205.1,17.5,82,Peak Monsoon Phase,No irrigation needed; maintain field drainage
kalikot,undefined,2011,August,Monsoon (Shrawan–Bhadra),222.0,15.8,74,Peak Monsoon Phase,High rainfall; manage field overflow and weeding
mugu,undefined,2011,September,Autumn (Bhadra–Asoj),108.9,13.1,73,Late Monsoon Retreat,Adequate soil moisture for grain filling
humla,undefined,2011,October,Autumn (Asoj–Karthik),27.8,10.9,61,Post-Monsoon Autumn,Good window for harvesting paddy and sowing winter crops
dolpa,undefined,2011,November,Autumn (Karthik–Mangsir),10.5,3.4,51,Post-Monsoon Dry,Residual moisture decreasing; prepare wheat sowing
kailali,undefined,2011,December,Winter (Mangsir–Poush),7.9,-0.6,51,Early Winter Dry Period,First irrigation for germinating wheat & potato
kanchanpur,undefined,2012,January,Winter (Poush–Magh),26.3,-3.3,48,Winter Dry Period,Critical: Supplemental irrigation required for wheat & mustard
doti,undefined,2012,February,Winter (Magh–Falgun),27.4,0.3,50,Late Winter Dry,Moderate irrigation for winter crops
achham,undefined,2012,March,Spring (Falgun–Chaitra),33.9,6.8,38,Pre-Monsoon Initiation,Light irrigation for spring maize & vegetables
dadeldhura,undefined,2012,April,Spring (Chaitra–Baisakh),42.3,11.0,41,Pre-Monsoon Sporadic,Irrigation required for dry season cultivation
baitadi,undefined,2012,May,Spring (Baisakh–Jestha),75.5,14.1,53,Pre-Monsoon Thunderstorms,Prepare soil for paddy nurseries; thunder showers likely
bajhang,undefined,2012,June,Monsoon (Jestha–Asar),199.7,17.2,71,Monsoon Onset Phase,Transplant main season paddy; abundant rain
bajura,undefined,2012,July,Monsoon (Asar–Shrawan),190.0,18.2,73,Peak Monsoon Phase,No irrigation needed; maintain field drainage
darchula,undefined,2012,August,Monsoon (Shrawan–Bhadra),163.5,16.1,80,Peak Monsoon Phase,High rainfall; manage field overflow and weeding
jhapa,undefined,2012,September,Autumn (Bhadra–Asoj),137.1,14.3,63,Late Monsoon Retreat,Adequate soil moisture for grain filling
morang,undefined,2012,October,Autumn (Asoj–Karthik),34.0,9.4,58,Post-Monsoon Autumn,Good window for harvesting paddy and sowing winter crops
sunsari,undefined,2012,November,Autumn (Karthik–Mangsir),6.5,2.9,51,Post-Monsoon Dry,Residual moisture decreasing; prepare wheat sowing
ilam,undefined,2012,December,Winter (Mangsir–Poush),10.8,-2.6,49,Early Winter Dry Period,First irrigation for germinating wheat & potato
panchthar,undefined,2013,January,Winter (Poush–Magh),22.5,-1.0,52,Winter Dry Period,Critical: Supplemental irrigation required for wheat & mustard
taplejung,undefined,2013,February,Winter (Magh–Falgun),30.4,1.0,40,Late Winter Dry,Moderate irrigation for winter crops
dhankuta,undefined,2013,March,Spring (Falgun–Chaitra),35.8,8.2,45,Pre-Monsoon Initiation,Light irrigation for spring maize & vegetables
bhojpur,undefined,2013,April,Spring (Chaitra–Baisakh),53.1,11.5,43,Pre-Monsoon Sporadic,Irrigation required for dry season cultivation
terhathum,undefined,2013,May,Spring (Baisakh–Jestha),73.3,14.8,58,Pre-Monsoon Thunderstorms,Prepare soil for paddy nurseries; thunder showers likely
sankhuwasabha,undefined,2013,June,Monsoon (Jestha–Asar),137.4,18.9,66,Monsoon Onset Phase,Transplant main season paddy; abundant rain
solukhumbu,undefined,2013,July,Monsoon (Asar–Shrawan),287.7,16.3,80,Peak Monsoon Phase,No irrigation needed; maintain field drainage
khotang,undefined,2013,August,Monsoon (Shrawan–Bhadra),186.8,15.3,76,Peak Monsoon Phase,High rainfall; manage field overflow and weeding
okhaldhunga,undefined,2013,September,Autumn (Bhadra–Asoj),138.2,13.0,64,Late Monsoon Retreat,Adequate soil moisture for grain filling
udayapur,undefined,2013,October,Autumn (Asoj–Karthik),34.5,8.9,60,Post-Monsoon Autumn,Good window for harvesting paddy and sowing winter crops
saptari,undefined,2013,November,Autumn (Karthik–Mangsir),10.3,3.9,59,Post-Monsoon Dry,Residual moisture decreasing; prepare wheat sowing
siraha,undefined,2013,December,Winter (Mangsir–Poush),10.3,-0.4,43,Early Winter Dry Period,First irrigation for germinating wheat & potato
dhanusha,undefined,2014,January,Winter (Poush–Magh),21.1,-2.4,53,Winter Dry Period,Critical: Supplemental irrigation required for wheat & mustard
mahottari,undefined,2014,February,Winter (Magh–Falgun),29.9,0.6,48,Late Winter Dry,Moderate irrigation for winter crops
sarlahi,undefined,2014,March,Spring (Falgun–Chaitra),41.8,8.8,43,Pre-Monsoon Initiation,Light irrigation for spring maize & vegetables
rautahat,undefined,2014,April,Spring (Chaitra–Baisakh),53.5,11.1,43,Pre-Monsoon Sporadic,Irrigation required for dry season cultivation
bara,undefined,2014,May,Spring (Baisakh–Jestha),95.0,13.4,50,Pre-Monsoon Thunderstorms,Prepare soil for paddy nurseries; thunder showers likely
parsa,undefined,2014,June,Monsoon (Jestha–Asar),141.5,17.5,72,Monsoon Onset Phase,Transplant main season paddy; abundant rain
chitwan,undefined,2014,July,Monsoon (Asar–Shrawan),218.5,15.1,76,Peak Monsoon Phase,No irrigation needed; maintain field drainage
kathmandu,undefined,2014,August,Monsoon (Shrawan–Bhadra),238.8,17.6,77,Peak Monsoon Phase,High rainfall; manage field overflow and weeding
lalitpur,undefined,2014,September,Autumn (Bhadra–Asoj),115.0,12.5,72,Late Monsoon Retreat,Adequate soil moisture for grain filling
bhaktapur,undefined,2014,October,Autumn (Asoj–Karthik),30.6,11.6,60,Post-Monsoon Autumn,Good window for harvesting paddy and sowing winter crops
kavrepalanchok,undefined,2014,November,Autumn (Karthik–Mangsir),8.2,3.3,51,Post-Monsoon Dry,Residual moisture decreasing; prepare wheat sowing
dhading,undefined,2014,December,Winter (Mangsir–Poush),9.6,1.3,50,Early Winter Dry Period,First irrigation for germinating wheat & potato
nuwakot,undefined,2015,January,Winter (Poush–Magh),19.6,0.3,50,Winter Dry Period,Critical: Supplemental irrigation required for wheat & mustard
makwanpur,undefined,2015,February,Winter (Magh–Falgun),31.2,1.3,49,Late Winter Dry,Moderate irrigation for winter crops
sindhupalchok,undefined,2015,March,Spring (Falgun–Chaitra),39.8,4.7,48,Pre-Monsoon Initiation,Light irrigation for spring maize & vegetables
dolakha,undefined,2015,April,Spring (Chaitra–Baisakh),57.3,10.5,37,Pre-Monsoon Sporadic,Irrigation required for dry season cultivation
ramechhap,undefined,2015,May,Spring (Baisakh–Jestha),84.2,15.1,53,Pre-Monsoon Thunderstorms,Prepare soil for paddy nurseries; thunder showers likely
sindhuli,undefined,2015,June,Monsoon (Jestha–Asar),164.6,17.6,73,Monsoon Onset Phase,Transplant main season paddy; abundant rain
rasuwa,undefined,2015,July,Monsoon (Asar–Shrawan),260.5,16.7,83,Peak Monsoon Phase,No irrigation needed; maintain field drainage
gorkha,undefined,2015,August,Monsoon (Shrawan–Bhadra),261.7,20.8,71,Peak Monsoon Phase,High rainfall; manage field overflow and weeding
kaski,undefined,2015,September,Autumn (Bhadra–Asoj),124.4,11.5,72,Late Monsoon Retreat,Adequate soil moisture for grain filling
tanahun,undefined,2015,October,Autumn (Asoj–Karthik),32.1,11.3,54,Post-Monsoon Autumn,Good window for harvesting paddy and sowing winter crops
syangja,undefined,2015,November,Autumn (Karthik–Mangsir),6.7,3.4,44,Post-Monsoon Dry,Residual moisture decreasing; prepare wheat sowing
lamjung,undefined,2015,December,Winter (Mangsir–Poush),11.1,-2.5,50,Early Winter Dry Period,First irrigation for germinating wheat & potato
nawalpur,undefined,2016,January,Winter (Poush–Magh),15.1,-2.4,56,Winter Dry Period,Critical: Supplemental irrigation required for wheat & mustard
parbat,undefined,2016,February,Winter (Magh–Falgun),29.5,1.0,47,Late Winter Dry,Moderate irrigation for winter crops
baglung,undefined,2016,March,Spring (Falgun–Chaitra),38.1,7.6,34,Pre-Monsoon Initiation,Light irrigation for spring maize & vegetables
myagdi,undefined,2016,April,Spring (Chaitra–Baisakh),52.3,7.8,39,Pre-Monsoon Sporadic,Irrigation required for dry season cultivation
mustang,undefined,2016,May,Spring (Baisakh–Jestha),74.1,15.8,52,Pre-Monsoon Thunderstorms,Prepare soil for paddy nurseries; thunder showers likely
manang,undefined,2016,June,Monsoon (Jestha–Asar),126.3,15.8,68,Monsoon Onset Phase,Transplant main season paddy; abundant rain
rupandehi,undefined,2016,July,Monsoon (Asar–Shrawan),237.2,17.3,76,Peak Monsoon Phase,No irrigation needed; maintain field drainage
kapilvastu,undefined,2016,August,Monsoon (Shrawan–Bhadra),231.9,16.4,75,Peak Monsoon Phase,High rainfall; manage field overflow and weeding
nawalparasi west,undefined,2016,September,Autumn (Bhadra–Asoj),159.1,12.3,62,Late Monsoon Retreat,Adequate soil moisture for grain filling
palpa,undefined,2016,October,Autumn (Asoj–Karthik),39.1,8.2,56,Post-Monsoon Autumn,Good window for harvesting paddy and sowing winter crops
gulmi,undefined,2016,November,Autumn (Karthik–Mangsir),7.9,3.7,58,Post-Monsoon Dry,Residual moisture decreasing; prepare wheat sowing
arghakhanchi,undefined,2016,December,Winter (Mangsir–Poush),11.2,1.0,44,Early Winter Dry Period,First irrigation for germinating wheat & potato
dang,undefined,2017,January,Winter (Poush–Magh),18.2,-5.4,46,Winter Dry Period,Critical: Supplemental irrigation required for wheat & mustard
pyuthan,undefined,2017,February,Winter (Magh–Falgun),32.0,2.6,47,Late Winter Dry,Moderate irrigation for winter crops
rolpa,undefined,2017,March,Spring (Falgun–Chaitra),37.9,6.2,40,Pre-Monsoon Initiation,Light irrigation for spring maize & vegetables
rukum east,undefined,2017,April,Spring (Chaitra–Baisakh),53.5,9.1,43,Pre-Monsoon Sporadic,Irrigation required for dry season cultivation
banke,undefined,2017,May,Spring (Baisakh–Jestha),91.2,14.5,54,Pre-Monsoon Thunderstorms,Prepare soil for paddy nurseries; thunder showers likely
bardiya,undefined,2017,June,Monsoon (Jestha–Asar),227.6,16.9,69,Monsoon Onset Phase,Transplant main season paddy; abundant rain
surkhet,undefined,2017,July,Monsoon (Asar–Shrawan),213.4,18.2,79,Peak Monsoon Phase,No irrigation needed; maintain field drainage
dailekh,undefined,2017,August,Monsoon (Shrawan–Bhadra),216.1,15.8,76,Peak Monsoon Phase,High rainfall; manage field overflow and weeding
jajarkot,undefined,2017,September,Autumn (Bhadra–Asoj),146.3,14.5,73,Late Monsoon Retreat,Adequate soil moisture for grain filling
rukum west,undefined,2017,October,Autumn (Asoj–Karthik),33.8,9.9,59,Post-Monsoon Autumn,Good window for harvesting paddy and sowing winter crops
jumla,undefined,2017,November,Autumn (Karthik–Mangsir),7.7,4.4,48,Post-Monsoon Dry,Residual moisture decreasing; prepare wheat sowing
kalikot,undefined,2017,December,Winter (Mangsir–Poush),9.1,0.2,51,Early Winter Dry Period,First irrigation for germinating wheat & potato
mugu,undefined,2018,January,Winter (Poush–Magh),18.1,-0.7,52,Winter Dry Period,Critical: Supplemental irrigation required for wheat & mustard
humla,undefined,2018,February,Winter (Magh–Falgun),25.0,0.2,47,Late Winter Dry,Moderate irrigation for winter crops
dolpa,undefined,2018,March,Spring (Falgun–Chaitra),35.5,7.1,38,Pre-Monsoon Initiation,Light irrigation for spring maize & vegetables
kailali,undefined,2018,April,Spring (Chaitra–Baisakh),33.5,10.5,40,Pre-Monsoon Sporadic,Irrigation required for dry season cultivation
kanchanpur,undefined,2018,May,Spring (Baisakh–Jestha),87.6,14.2,58,Pre-Monsoon Thunderstorms,Prepare soil for paddy nurseries; thunder showers likely
doti,undefined,2018,June,Monsoon (Jestha–Asar),114.1,18.6,67,Monsoon Onset Phase,Transplant main season paddy; abundant rain
achham,undefined,2018,July,Monsoon (Asar–Shrawan),270.9,18.1,82,Peak Monsoon Phase,No irrigation needed; maintain field drainage
dadeldhura,undefined,2018,August,Monsoon (Shrawan–Bhadra),197.8,15.7,81,Peak Monsoon Phase,High rainfall; manage field overflow and weeding
baitadi,undefined,2018,September,Autumn (Bhadra–Asoj),118.0,14.3,74,Late Monsoon Retreat,Adequate soil moisture for grain filling
bajhang,undefined,2018,October,Autumn (Asoj–Karthik),29.6,9.7,55,Post-Monsoon Autumn,Good window for harvesting paddy and sowing winter crops
bajura,undefined,2018,November,Autumn (Karthik–Mangsir),8.8,4.1,45,Post-Monsoon Dry,Residual moisture decreasing; prepare wheat sowing
darchula,undefined,2018,December,Winter (Mangsir–Poush),8.8,1.6,53,Early Winter Dry Period,First irrigation for germinating wheat & potato
jhapa,undefined,2019,January,Winter (Poush–Magh),21.8,-1.7,48,Winter Dry Period,Critical: Supplemental irrigation required for wheat & mustard
morang,undefined,2019,February,Winter (Magh–Falgun),33.7,1.8,48,Late Winter Dry,Moderate irrigation for winter crops
sunsari,undefined,2019,March,Spring (Falgun–Chaitra),44.5,6.1,46,Pre-Monsoon Initiation,Light irrigation for spring maize & vegetables
ilam,undefined,2019,April,Spring (Chaitra–Baisakh),37.0,13.0,40,Pre-Monsoon Sporadic,Irrigation required for dry season cultivation
panchthar,undefined,2019,May,Spring (Baisakh–Jestha),77.1,12.7,50,Pre-Monsoon Thunderstorms,Prepare soil for paddy nurseries; thunder showers likely
taplejung,undefined,2019,June,Monsoon (Jestha–Asar),135.0,16.3,67,Monsoon Onset Phase,Transplant main season paddy; abundant rain
dhankuta,undefined,2019,July,Monsoon (Asar–Shrawan),274.5,18.2,79,Peak Monsoon Phase,No irrigation needed; maintain field drainage
bhojpur,undefined,2019,August,Monsoon (Shrawan–Bhadra),175.5,15.9,83,Peak Monsoon Phase,High rainfall; manage field overflow and weeding
terhathum,undefined,2019,September,Autumn (Bhadra–Asoj),106.8,16.0,69,Late Monsoon Retreat,Adequate soil moisture for grain filling
sankhuwasabha,undefined,2019,October,Autumn (Asoj–Karthik),35.0,10.3,63,Post-Monsoon Autumn,Good window for harvesting paddy and sowing winter crops
solukhumbu,undefined,2019,November,Autumn (Karthik–Mangsir),8.9,3.5,51,Post-Monsoon Dry,Residual moisture decreasing; prepare wheat sowing
khotang,undefined,2019,December,Winter (Mangsir–Poush),10.5,1.1,50,Early Winter Dry Period,First irrigation for germinating wheat & potato
okhaldhunga,undefined,2020,January,Winter (Poush–Magh),24.0,-0.0,51,Winter Dry Period,Critical: Supplemental irrigation required for wheat & mustard
udayapur,undefined,2020,February,Winter (Magh–Falgun),29.3,0.2,37,Late Winter Dry,Moderate irrigation for winter crops
saptari,undefined,2020,March,Spring (Falgun–Chaitra),40.2,6.9,37,Pre-Monsoon Initiation,Light irrigation for spring maize & vegetables
siraha,undefined,2020,April,Spring (Chaitra–Baisakh),49.8,10.9,46,Pre-Monsoon Sporadic,Irrigation required for dry season cultivation
dhanusha,undefined,2020,May,Spring (Baisakh–Jestha),81.0,14.1,55,Pre-Monsoon Thunderstorms,Prepare soil for paddy nurseries; thunder showers likely
mahottari,undefined,2020,June,Monsoon (Jestha–Asar),154.8,17.6,66,Monsoon Onset Phase,Transplant main season paddy; abundant rain
sarlahi,undefined,2020,July,Monsoon (Asar–Shrawan),216.6,18.1,78,Peak Monsoon Phase,No irrigation needed; maintain field drainage
rautahat,undefined,2020,August,Monsoon (Shrawan–Bhadra),225.1,16.7,68,Peak Monsoon Phase,High rainfall; manage field overflow and weeding
bara,undefined,2020,September,Autumn (Bhadra–Asoj),112.2,15.0,68,Late Monsoon Retreat,Adequate soil moisture for grain filling
parsa,undefined,2020,October,Autumn (Asoj–Karthik),33.7,10.2,55,Post-Monsoon Autumn,Good window for harvesting paddy and sowing winter crops
chitwan,undefined,2020,November,Autumn (Karthik–Mangsir),6.9,3.8,50,Post-Monsoon Dry,Residual moisture decreasing; prepare wheat sowing
kathmandu,undefined,2020,December,Winter (Mangsir–Poush),8.6,-0.2,51,Early Winter Dry Period,First irrigation for germinating wheat & potato
lalitpur,undefined,2021,January,Winter (Poush–Magh),22.0,-1.6,57,Winter Dry Period,Critical: Supplemental irrigation required for wheat & mustard
bhaktapur,undefined,2021,February,Winter (Magh–Falgun),26.6,2.3,45,Late Winter Dry,Moderate irrigation for winter crops
kavrepalanchok,undefined,2021,March,Spring (Falgun–Chaitra),33.2,6.3,38,Pre-Monsoon Initiation,Light irrigation for spring maize & vegetables
dhading,undefined,2021,April,Spring (Chaitra–Baisakh),50.6,13.8,39,Pre-Monsoon Sporadic,Irrigation required for dry season cultivation
nuwakot,undefined,2021,May,Spring (Baisakh–Jestha),75.0,14.9,53,Pre-Monsoon Thunderstorms,Prepare soil for paddy nurseries; thunder showers likely
makwanpur,undefined,2021,June,Monsoon (Jestha–Asar),166.3,18.5,58,Monsoon Onset Phase,Transplant main season paddy; abundant rain
sindhupalchok,undefined,2021,July,Monsoon (Asar–Shrawan),154.1,17.4,82,Peak Monsoon Phase,No irrigation needed; maintain field drainage
dolakha,undefined,2021,August,Monsoon (Shrawan–Bhadra),160.7,13.4,78,Peak Monsoon Phase,High rainfall; manage field overflow and weeding
ramechhap,undefined,2021,September,Autumn (Bhadra–Asoj),124.4,12.7,66,Late Monsoon Retreat,Adequate soil moisture for grain filling
sindhuli,undefined,2021,October,Autumn (Asoj–Karthik),29.9,9.1,55,Post-Monsoon Autumn,Good window for harvesting paddy and sowing winter crops
rasuwa,undefined,2021,November,Autumn (Karthik–Mangsir),9.7,0.6,48,Post-Monsoon Dry,Residual moisture decreasing; prepare wheat sowing
gorkha,undefined,2021,December,Winter (Mangsir–Poush),8.3,-0.3,47,Early Winter Dry Period,First irrigation for germinating wheat & potato
kaski,undefined,2022,January,Winter (Poush–Magh),24.6,-4.2,50,Winter Dry Period,Critical: Supplemental irrigation required for wheat & mustard
tanahun,undefined,2022,February,Winter (Magh–Falgun),30.3,4.2,46,Late Winter Dry,Moderate irrigation for winter crops
syangja,undefined,2022,March,Spring (Falgun–Chaitra),39.8,4.8,30,Pre-Monsoon Initiation,Light irrigation for spring maize & vegetables
lamjung,undefined,2022,April,Spring (Chaitra–Baisakh),54.1,11.0,46,Pre-Monsoon Sporadic,Irrigation required for dry season cultivation
nawalpur,undefined,2022,May,Spring (Baisakh–Jestha),63.5,15.6,59,Pre-Monsoon Thunderstorms,Prepare soil for paddy nurseries; thunder showers likely
parbat,undefined,2022,June,Monsoon (Jestha–Asar),170.1,17.3,68,Monsoon Onset Phase,Transplant main season paddy; abundant rain
baglung,undefined,2022,July,Monsoon (Asar–Shrawan),183.4,19.6,75,Peak Monsoon Phase,No irrigation needed; maintain field drainage
myagdi,undefined,2022,August,Monsoon (Shrawan–Bhadra),225.9,15.1,71,Peak Monsoon Phase,High rainfall; manage field overflow and weeding
mustang,undefined,2022,September,Autumn (Bhadra–Asoj),145.8,13.6,75,Late Monsoon Retreat,Adequate soil moisture for grain filling
manang,undefined,2022,October,Autumn (Asoj–Karthik),34.6,6.8,61,Post-Monsoon Autumn,Good window for harvesting paddy and sowing winter crops
rupandehi,undefined,2022,November,Autumn (Karthik–Mangsir),8.2,4.8,52,Post-Monsoon Dry,Residual moisture decreasing; prepare wheat sowing
kapilvastu,undefined,2022,December,Winter (Mangsir–Poush),7.7,0.2,58,Early Winter Dry Period,First irrigation for germinating wheat & potato
nawalparasi west,undefined,2023,January,Winter (Poush–Magh),23.6,-2.1,54,Winter Dry Period,Critical: Supplemental irrigation required for wheat & mustard
palpa,undefined,2023,February,Winter (Magh–Falgun),28.9,2.3,43,Late Winter Dry,Moderate irrigation for winter crops
gulmi,undefined,2023,March,Spring (Falgun–Chaitra),39.3,8.2,36,Pre-Monsoon Initiation,Light irrigation for spring maize & vegetables
arghakhanchi,undefined,2023,April,Spring (Chaitra–Baisakh),58.3,10.9,38,Pre-Monsoon Sporadic,Irrigation required for dry season cultivation
dang,undefined,2023,May,Spring (Baisakh–Jestha),92.0,14.7,55,Pre-Monsoon Thunderstorms,Prepare soil for paddy nurseries; thunder showers likely
pyuthan,undefined,2023,June,Monsoon (Jestha–Asar),153.0,16.9,69,Monsoon Onset Phase,Transplant main season paddy; abundant rain
rolpa,undefined,2023,July,Monsoon (Asar–Shrawan),250.5,15.6,73,Peak Monsoon Phase,No irrigation needed; maintain field drainage
rukum east,undefined,2023,August,Monsoon (Shrawan–Bhadra),239.3,16.8,73,Peak Monsoon Phase,High rainfall; manage field overflow and weeding
banke,undefined,2023,September,Autumn (Bhadra–Asoj),95.5,12.7,61,Late Monsoon Retreat,Adequate soil moisture for grain filling
bardiya,undefined,2023,October,Autumn (Asoj–Karthik),34.5,8.3,54,Post-Monsoon Autumn,Good window for harvesting paddy and sowing winter crops
surkhet,undefined,2023,November,Autumn (Karthik–Mangsir),8.9,4.4,60,Post-Monsoon Dry,Residual moisture decreasing; prepare wheat sowing
dailekh,undefined,2023,December,Winter (Mangsir–Poush),7.7,1.4,53,Early Winter Dry Period,First irrigation for germinating wheat & potato
jajarkot,undefined,2024,January,Winter (Poush–Magh),19.4,-1.8,48,Winter Dry Period,Critical: Supplemental irrigation required for wheat & mustard
rukum west,undefined,2024,February,Winter (Magh–Falgun),28.8,3.8,50,Late Winter Dry,Moderate irrigation for winter crops
jumla,undefined,2024,March,Spring (Falgun–Chaitra),40.9,6.5,34,Pre-Monsoon Initiation,Light irrigation for spring maize & vegetables
kalikot,undefined,2024,April,Spring (Chaitra–Baisakh),46.5,12.4,35,Pre-Monsoon Sporadic,Irrigation required for dry season cultivation
mugu,undefined,2024,May,Spring (Baisakh–Jestha),67.3,15.2,48,Pre-Monsoon Thunderstorms,Prepare soil for paddy nurseries; thunder showers likely
humla,undefined,2024,June,Monsoon (Jestha–Asar),141.0,16.5,62,Monsoon Onset Phase,Transplant main season paddy; abundant rain
dolpa,undefined,2024,July,Monsoon (Asar–Shrawan),204.9,18.8,72,Peak Monsoon Phase,No irrigation needed; maintain field drainage
kailali,undefined,2024,August,Monsoon (Shrawan–Bhadra),159.7,16.2,78,Peak Monsoon Phase,High rainfall; manage field overflow and weeding
kanchanpur,undefined,2024,September,Autumn (Bhadra–Asoj),116.5,13.4,70,Late Monsoon Retreat,Adequate soil moisture for grain filling
doti,undefined,2024,October,Autumn (Asoj–Karthik),25.8,9.6,59,Post-Monsoon Autumn,Good window for harvesting paddy and sowing winter crops
achham,undefined,2024,November,Autumn (Karthik–Mangsir),8.4,5.2,47,Post-Monsoon Dry,Residual moisture decreasing; prepare wheat sowing
dadeldhura,undefined,2024,December,Winter (Mangsir–Poush),11.7,0.2,48,Early Winter Dry Period,First irrigation for germinating wheat & potato
baitadi,undefined,1995,January,Winter (Poush–Magh),21.9,-2.1,54,Winter Dry Period,Critical: Supplemental irrigation required for wheat & mustard
bajhang,undefined,1995,February,Winter (Magh–Falgun),23.5,1.1,52,Late Winter Dry,Moderate irrigation for winter crops
bajura,undefined,1995,March,Spring (Falgun–Chaitra),34.6,8.1,46,Pre-Monsoon Initiation,Light irrigation for spring maize & vegetables
darchula,undefined,1995,April,Spring (Chaitra–Baisakh),45.1,11.8,37,Pre-Monsoon Sporadic,Irrigation required for dry season cultivation
jhapa,undefined,1995,May,Spring (Baisakh–Jestha),89.1,15.2,53,Pre-Monsoon Thunderstorms,Prepare soil for paddy nurseries; thunder showers likely
morang,undefined,1995,June,Monsoon (Jestha–Asar),144.5,15.0,70,Monsoon Onset Phase,Transplant main season paddy; abundant rain
sunsari,undefined,1995,July,Monsoon (Asar–Shrawan),165.7,17.6,81,Peak Monsoon Phase,No irrigation needed; maintain field drainage
ilam,undefined,1995,August,Monsoon (Shrawan–Bhadra),216.0,19.3,80,Peak Monsoon Phase,High rainfall; manage field overflow and weeding
panchthar,undefined,1995,September,Autumn (Bhadra–Asoj),108.2,14.0,69,Late Monsoon Retreat,Adequate soil moisture for grain filling
taplejung,undefined,1995,October,Autumn (Asoj–Karthik),26.7,7.9,55,Post-Monsoon Autumn,Good window for harvesting paddy and sowing winter crops
dhankuta,undefined,1995,November,Autumn (Karthik–Mangsir),6.3,4.1,51,Post-Monsoon Dry,Residual moisture decreasing; prepare wheat sowing
bhojpur,undefined,1995,December,Winter (Mangsir–Poush),7.5,0.5,52,Early Winter Dry Period,First irrigation for germinating wheat & potato
terhathum,undefined,1996,January,Winter (Poush–Magh),22.7,-2.4,52,Winter Dry Period,Critical: Supplemental irrigation required for wheat & mustard
sankhuwasabha,undefined,1996,February,Winter (Magh–Falgun),30.9,2.4,44,Late Winter Dry,Moderate irrigation for winter crops
solukhumbu,undefined,1996,March,Spring (Falgun–Chaitra),39.6,8.4,37,Pre-Monsoon Initiation,Light irrigation for spring maize & vegetables
khotang,undefined,1996,April,Spring (Chaitra–Baisakh),63.1,10.4,42,Pre-Monsoon Sporadic,Irrigation required for dry season cultivation
okhaldhunga,undefined,1996,May,Spring (Baisakh–Jestha),71.9,15.3,45,Pre-Monsoon Thunderstorms,Prepare soil for paddy nurseries; thunder showers likely
udayapur,undefined,1996,June,Monsoon (Jestha–Asar),146.9,15.7,68,Monsoon Onset Phase,Transplant main season paddy; abundant rain
saptari,undefined,1996,July,Monsoon (Asar–Shrawan),275.8,18.8,68,Peak Monsoon Phase,No irrigation needed; maintain field drainage
siraha,undefined,1996,August,Monsoon (Shrawan–Bhadra),274.3,17.4,72,Peak Monsoon Phase,High rainfall; manage field overflow and weeding
dhanusha,undefined,1996,September,Autumn (Bhadra–Asoj),122.8,14.2,67,Late Monsoon Retreat,Adequate soil moisture for grain filling
mahottari,undefined,1996,October,Autumn (Asoj–Karthik),36.0,8.3,56,Post-Monsoon Autumn,Good window for harvesting paddy and sowing winter crops
sarlahi,undefined,1996,November,Autumn (Karthik–Mangsir),8.1,2.3,52,Post-Monsoon Dry,Residual moisture decreasing; prepare wheat sowing
rautahat,undefined,1996,December,Winter (Mangsir–Poush),10.9,0.6,53,Early Winter Dry Period,First irrigation for germinating wheat & potato
bara,undefined,1997,January,Winter (Poush–Magh),23.1,-2.6,53,Winter Dry Period,Critical: Supplemental irrigation required for wheat & mustard
parsa,undefined,1997,February,Winter (Magh–Falgun),22.3,0.9,44,Late Winter Dry,Moderate irrigation for winter crops
chitwan,undefined,1997,March,Spring (Falgun–Chaitra),44.2,8.1,41,Pre-Monsoon Initiation,Light irrigation for spring maize & vegetables
kathmandu,undefined,1997,April,Spring (Chaitra–Baisakh),55.7,9.9,43,Pre-Monsoon Sporadic,Irrigation required for dry season cultivation
lalitpur,undefined,1997,May,Spring (Baisakh–Jestha),78.5,16.0,51,Pre-Monsoon Thunderstorms,Prepare soil for paddy nurseries; thunder showers likely
bhaktapur,undefined,1997,June,Monsoon (Jestha–Asar),150.8,17.6,71,Monsoon Onset Phase,Transplant main season paddy; abundant rain
kavrepalanchok,undefined,1997,July,Monsoon (Asar–Shrawan),215.9,17.9,73,Peak Monsoon Phase,No irrigation needed; maintain field drainage
dhading,undefined,1997,August,Monsoon (Shrawan–Bhadra),131.3,17.2,78,Peak Monsoon Phase,High rainfall; manage field overflow and weeding
nuwakot,undefined,1997,September,Autumn (Bhadra–Asoj),124.7,11.7,68,Late Monsoon Retreat,Adequate soil moisture for grain filling
makwanpur,undefined,1997,October,Autumn (Asoj–Karthik),23.4,10.6,53,Post-Monsoon Autumn,Good window for harvesting paddy and sowing winter crops
sindhupalchok,undefined,1997,November,Autumn (Karthik–Mangsir),10.7,5.1,48,Post-Monsoon Dry,Residual moisture decreasing; prepare wheat sowing
dolakha,undefined,1997,December,Winter (Mangsir–Poush),8.3,0.4,46,Early Winter Dry Period,First irrigation for germinating wheat & potato
ramechhap,undefined,1998,January,Winter (Poush–Magh),22.3,-2.6,42,Winter Dry Period,Critical: Supplemental irrigation required for wheat & mustard
sindhuli,undefined,1998,February,Winter (Magh–Falgun),18.6,2.3,45,Late Winter Dry,Moderate irrigation for winter crops
rasuwa,undefined,1998,March,Spring (Falgun–Chaitra),34.8,7.8,44,Pre-Monsoon Initiation,Light irrigation for spring maize & vegetables
gorkha,undefined,1998,April,Spring (Chaitra–Baisakh),46.0,10.6,44,Pre-Monsoon Sporadic,Irrigation required for dry season cultivation
kaski,undefined,1998,May,Spring (Baisakh–Jestha),63.7,15.3,54,Pre-Monsoon Thunderstorms,Prepare soil for paddy nurseries; thunder showers likely
tanahun,undefined,1998,June,Monsoon (Jestha–Asar),176.3,14.7,64,Monsoon Onset Phase,Transplant main season paddy; abundant rain
syangja,undefined,1998,July,Monsoon (Asar–Shrawan),208.4,18.1,79,Peak Monsoon Phase,No irrigation needed; maintain field drainage
lamjung,undefined,1998,August,Monsoon (Shrawan–Bhadra),257.1,16.4,74,Peak Monsoon Phase,High rainfall; manage field overflow and weeding
nawalpur,undefined,1998,September,Autumn (Bhadra–Asoj),140.7,14.4,75,Late Monsoon Retreat,Adequate soil moisture for grain filling
parbat,undefined,1998,October,Autumn (Asoj–Karthik),36.5,7.6,52,Post-Monsoon Autumn,Good window for harvesting paddy and sowing winter crops
baglung,undefined,1998,November,Autumn (Karthik–Mangsir),6.9,4.8,56,Post-Monsoon Dry,Residual moisture decreasing; prepare wheat sowing
myagdi,undefined,1998,December,Winter (Mangsir–Poush),12.8,1.0,54,Early Winter Dry Period,First irrigation for germinating wheat & potato
mustang,undefined,1999,January,Winter (Poush–Magh),20.1,-3.4,53,Winter Dry Period,Critical: Supplemental irrigation required for wheat & mustard
manang,undefined,1999,February,Winter (Magh–Falgun),29.8,2.1,49,Late Winter Dry,Moderate irrigation for winter crops
rupandehi,undefined,1999,March,Spring (Falgun–Chaitra),39.8,8.5,45,Pre-Monsoon Initiation,Light irrigation for spring maize & vegetables
kapilvastu,undefined,1999,April,Spring (Chaitra–Baisakh),51.9,12.0,44,Pre-Monsoon Sporadic,Irrigation required for dry season cultivation
nawalparasi west,undefined,1999,May,Spring (Baisakh–Jestha),74.5,15.9,46,Pre-Monsoon Thunderstorms,Prepare soil for paddy nurseries; thunder showers likely
palpa,undefined,1999,June,Monsoon (Jestha–Asar),185.3,15.6,69,Monsoon Onset Phase,Transplant main season paddy; abundant rain
gulmi,undefined,1999,July,Monsoon (Asar–Shrawan),209.6,18.7,77,Peak Monsoon Phase,No irrigation needed; maintain field drainage
arghakhanchi,undefined,1999,August,Monsoon (Shrawan–Bhadra),159.8,17.5,73,Peak Monsoon Phase,High rainfall; manage field overflow and weeding
dang,undefined,1999,September,Autumn (Bhadra–Asoj),135.9,14.0,71,Late Monsoon Retreat,Adequate soil moisture for grain filling
pyuthan,undefined,1999,October,Autumn (Asoj–Karthik),30.0,8.3,56,Post-Monsoon Autumn,Good window for harvesting paddy and sowing winter crops
rolpa,undefined,1999,November,Autumn (Karthik–Mangsir),10.2,6.0,48,Post-Monsoon Dry,Residual moisture decreasing; prepare wheat sowing
rukum east,undefined,1999,December,Winter (Mangsir–Poush),11.6,-2.6,45,Early Winter Dry Period,First irrigation for germinating wheat & potato
banke,undefined,2000,January,Winter (Poush–Magh),18.8,-3.6,43,Winter Dry Period,Critical: Supplemental irrigation required for wheat & mustard
bardiya,undefined,2000,February,Winter (Magh–Falgun),29.7,1.7,49,Late Winter Dry,Moderate irrigation for winter crops
surkhet,undefined,2000,March,Spring (Falgun–Chaitra),41.9,7.3,42,Pre-Monsoon Initiation,Light irrigation for spring maize & vegetables
dailekh,undefined,2000,April,Spring (Chaitra–Baisakh),47.5,9.6,46,Pre-Monsoon Sporadic,Irrigation required for dry season cultivation
jajarkot,undefined,2000,May,Spring (Baisakh–Jestha),72.9,13.9,51,Pre-Monsoon Thunderstorms,Prepare soil for paddy nurseries; thunder showers likely
rukum west,undefined,2000,June,Monsoon (Jestha–Asar),138.1,16.5,69,Monsoon Onset Phase,Transplant main season paddy; abundant rain
jumla,undefined,2000,July,Monsoon (Asar–Shrawan),252.5,16.9,76,Peak Monsoon Phase,No irrigation needed; maintain field drainage
kalikot,undefined,2000,August,Monsoon (Shrawan–Bhadra),243.8,17.6,84,Peak Monsoon Phase,High rainfall; manage field overflow and weeding
mugu,undefined,2000,September,Autumn (Bhadra–Asoj),141.2,15.4,64,Late Monsoon Retreat,Adequate soil moisture for grain filling
humla,undefined,2000,October,Autumn (Asoj–Karthik),39.0,8.9,55,Post-Monsoon Autumn,Good window for harvesting paddy and sowing winter crops
dolpa,undefined,2000,November,Autumn (Karthik–Mangsir),9.2,5.1,54,Post-Monsoon Dry,Residual moisture decreasing; prepare wheat sowing
kailali,undefined,2000,December,Winter (Mangsir–Poush),8.7,0.9,47,Early Winter Dry Period,First irrigation for germinating wheat & potato
kanchanpur,undefined,2001,January,Winter (Poush–Magh),22.7,-2.4,49,Winter Dry Period,Critical: Supplemental irrigation required for wheat & mustard
doti,undefined,2001,February,Winter (Magh–Falgun),31.2,0.8,55,Late Winter Dry,Moderate irrigation for winter crops
achham,undefined,2001,March,Spring (Falgun–Chaitra),27.6,6.3,41,Pre-Monsoon Initiation,Light irrigation for spring maize & vegetables
dadeldhura,undefined,2001,April,Spring (Chaitra–Baisakh),52.2,10.9,41,Pre-Monsoon Sporadic,Irrigation required for dry season cultivation
baitadi,undefined,2001,May,Spring (Baisakh–Jestha),84.9,14.7,57,Pre-Monsoon Thunderstorms,Prepare soil for paddy nurseries; thunder showers likely
bajhang,undefined,2001,June,Monsoon (Jestha–Asar),180.1,18.0,64,Monsoon Onset Phase,Transplant main season paddy; abundant rain
bajura,undefined,2001,July,Monsoon (Asar–Shrawan),237.1,17.6,73,Peak Monsoon Phase,No irrigation needed; maintain field drainage
darchula,undefined,2001,August,Monsoon (Shrawan–Bhadra),221.3,16.4,78,Peak Monsoon Phase,High rainfall; manage field overflow and weeding
jhapa,undefined,2001,September,Autumn (Bhadra–Asoj),100.7,16.1,66,Late Monsoon Retreat,Adequate soil moisture for grain filling
morang,undefined,2001,October,Autumn (Asoj–Karthik),36.2,10.0,55,Post-Monsoon Autumn,Good window for harvesting paddy and sowing winter crops
sunsari,undefined,2001,November,Autumn (Karthik–Mangsir),10.2,2.5,57,Post-Monsoon Dry,Residual moisture decreasing; prepare wheat sowing
ilam,undefined,2001,December,Winter (Mangsir–Poush),10.0,-0.7,48,Early Winter Dry Period,First irrigation for germinating wheat & potato
panchthar,undefined,2002,January,Winter (Poush–Magh),24.7,-2.7,47,Winter Dry Period,Critical: Supplemental irrigation required for wheat & mustard
taplejung,undefined,2002,February,Winter (Magh–Falgun),27.1,0.6,55,Late Winter Dry,Moderate irrigation for winter crops
dhankuta,undefined,2002,March,Spring (Falgun–Chaitra),34.8,8.0,40,Pre-Monsoon Initiation,Light irrigation for spring maize & vegetables
bhojpur,undefined,2002,April,Spring (Chaitra–Baisakh),40.9,11.0,45,Pre-Monsoon Sporadic,Irrigation required for dry season cultivation
terhathum,undefined,2002,May,Spring (Baisakh–Jestha),77.7,16.4,56,Pre-Monsoon Thunderstorms,Prepare soil for paddy nurseries; thunder showers likely
sankhuwasabha,undefined,2002,June,Monsoon (Jestha–Asar),182.1,16.4,63,Monsoon Onset Phase,Transplant main season paddy; abundant rain
solukhumbu,undefined,2002,July,Monsoon (Asar–Shrawan),217.9,18.2,80,Peak Monsoon Phase,No irrigation needed; maintain field drainage
khotang,undefined,2002,August,Monsoon (Shrawan–Bhadra),141.6,17.0,76,Peak Monsoon Phase,High rainfall; manage field overflow and weeding
okhaldhunga,undefined,2002,September,Autumn (Bhadra–Asoj),115.0,15.5,71,Late Monsoon Retreat,Adequate soil moisture for grain filling
udayapur,undefined,2002,October,Autumn (Asoj–Karthik),41.9,8.7,61,Post-Monsoon Autumn,Good window for harvesting paddy and sowing winter crops
saptari,undefined,2002,November,Autumn (Karthik–Mangsir),11.2,5.6,47,Post-Monsoon Dry,Residual moisture decreasing; prepare wheat sowing
siraha,undefined,2002,December,Winter (Mangsir–Poush),9.6,-0.4,51,Early Winter Dry Period,First irrigation for germinating wheat & potato
dhanusha,undefined,2003,January,Winter (Poush–Magh),24.3,-3.0,50,Winter Dry Period,Critical: Supplemental irrigation required for wheat & mustard
mahottari,undefined,2003,February,Winter (Magh–Falgun),19.5,3.7,45,Late Winter Dry,Moderate irrigation for winter crops
sarlahi,undefined,2003,March,Spring (Falgun–Chaitra),38.3,6.6,44,Pre-Monsoon Initiation,Light irrigation for spring maize & vegetables
rautahat,undefined,2003,April,Spring (Chaitra–Baisakh),27.6,11.0,41,Pre-Monsoon Sporadic,Irrigation required for dry season cultivation
bara,undefined,2003,May,Spring (Baisakh–Jestha),74.6,17.1,48,Pre-Monsoon Thunderstorms,Prepare soil for paddy nurseries; thunder showers likely
parsa,undefined,2003,June,Monsoon (Jestha–Asar),178.5,17.4,73,Monsoon Onset Phase,Transplant main season paddy; abundant rain
chitwan,undefined,2003,July,Monsoon (Asar–Shrawan),216.0,17.1,82,Peak Monsoon Phase,No irrigation needed; maintain field drainage
kathmandu,undefined,2003,August,Monsoon (Shrawan–Bhadra),223.4,15.1,73,Peak Monsoon Phase,High rainfall; manage field overflow and weeding
lalitpur,undefined,2003,September,Autumn (Bhadra–Asoj),127.0,15.0,67,Late Monsoon Retreat,Adequate soil moisture for grain filling
bhaktapur,undefined,2003,October,Autumn (Asoj–Karthik),19.7,9.6,53,Post-Monsoon Autumn,Good window for harvesting paddy and sowing winter crops
kavrepalanchok,undefined,2003,November,Autumn (Karthik–Mangsir),6.3,0.6,55,Post-Monsoon Dry,Residual moisture decreasing; prepare wheat sowing
dhading,undefined,2003,December,Winter (Mangsir–Poush),10.2,-0.3,55,Early Winter Dry Period,First irrigation for germinating wheat & potato
nuwakot,undefined,2004,January,Winter (Poush–Magh),24.1,-0.1,44,Winter Dry Period,Critical: Supplemental irrigation required for wheat & mustard
makwanpur,undefined,2004,February,Winter (Magh–Falgun),27.9,0.1,47,Late Winter Dry,Moderate irrigation for winter crops
sindhupalchok,undefined,2004,March,Spring (Falgun–Chaitra),36.6,7.8,40,Pre-Monsoon Initiation,Light irrigation for spring maize & vegetables
dolakha,undefined,2004,April,Spring (Chaitra–Baisakh),52.5,11.8,50,Pre-Monsoon Sporadic,Irrigation required for dry season cultivation
ramechhap,undefined,2004,May,Spring (Baisakh–Jestha),76.2,13.9,52,Pre-Monsoon Thunderstorms,Prepare soil for paddy nurseries; thunder showers likely
sindhuli,undefined,2004,June,Monsoon (Jestha–Asar),140.7,18.8,66,Monsoon Onset Phase,Transplant main season paddy; abundant rain
rasuwa,undefined,2004,July,Monsoon (Asar–Shrawan),219.6,17.4,80,Peak Monsoon Phase,No irrigation needed; maintain field drainage
gorkha,undefined,2004,August,Monsoon (Shrawan–Bhadra),205.0,16.2,82,Peak Monsoon Phase,High rainfall; manage field overflow and weeding
kaski,undefined,2004,September,Autumn (Bhadra–Asoj),104.6,14.0,72,Late Monsoon Retreat,Adequate soil moisture for grain filling
tanahun,undefined,2004,October,Autumn (Asoj–Karthik),26.4,9.6,53,Post-Monsoon Autumn,Good window for harvesting paddy and sowing winter crops
syangja,undefined,2004,November,Autumn (Karthik–Mangsir),10.1,2.8,54,Post-Monsoon Dry,Residual moisture decreasing; prepare wheat sowing
lamjung,undefined,2004,December,Winter (Mangsir–Poush),11.7,1.0,51,Early Winter Dry Period,First irrigation for germinating wheat & potato
nawalpur,undefined,2005,January,Winter (Poush–Magh),21.2,-2.7,55,Winter Dry Period,Critical: Supplemental irrigation required for wheat & mustard
parbat,undefined,2005,February,Winter (Magh–Falgun),25.1,0.8,50,Late Winter Dry,Moderate irrigation for winter crops
baglung,undefined,2005,March,Spring (Falgun–Chaitra),33.5,5.9,34,Pre-Monsoon Initiation,Light irrigation for spring maize & vegetables
myagdi,undefined,2005,April,Spring (Chaitra–Baisakh),44.5,10.9,42,Pre-Monsoon Sporadic,Irrigation required for dry season cultivation
mustang,undefined,2005,May,Spring (Baisakh–Jestha),91.4,15.6,51,Pre-Monsoon Thunderstorms,Prepare soil for paddy nurseries; thunder showers likely
manang,undefined,2005,June,Monsoon (Jestha–Asar),155.2,17.6,73,Monsoon Onset Phase,Transplant main season paddy; abundant rain
rupandehi,undefined,2005,July,Monsoon (Asar–Shrawan),244.5,17.4,74,Peak Monsoon Phase,No irrigation needed; maintain field drainage
kapilvastu,undefined,2005,August,Monsoon (Shrawan–Bhadra),164.5,17.8,78,Peak Monsoon Phase,High rainfall; manage field overflow and weeding
nawalparasi west,undefined,2005,September,Autumn (Bhadra–Asoj),130.4,13.8,75,Late Monsoon Retreat,Adequate soil moisture for grain filling
palpa,undefined,2005,October,Autumn (Asoj–Karthik),32.5,10.1,57,Post-Monsoon Autumn,Good window for harvesting paddy and sowing winter crops
gulmi,undefined,2005,November,Autumn (Karthik–Mangsir),8.2,4.7,53,Post-Monsoon Dry,Residual moisture decreasing; prepare wheat sowing
arghakhanchi,undefined,2005,December,Winter (Mangsir–Poush),10.5,0.1,49,Early Winter Dry Period,First irrigation for germinating wheat & potato
dang,undefined,2006,January,Winter (Poush–Magh),29.9,-0.6,52,Winter Dry Period,Critical: Supplemental irrigation required for wheat & mustard
pyuthan,undefined,2006,February,Winter (Magh–Falgun),28.5,3.2,50,Late Winter Dry,Moderate irrigation for winter crops
rolpa,undefined,2006,March,Spring (Falgun–Chaitra),38.1,6.6,39,Pre-Monsoon Initiation,Light irrigation for spring maize & vegetables
rukum east,undefined,2006,April,Spring (Chaitra–Baisakh),25.2,11.3,40,Pre-Monsoon Sporadic,Irrigation required for dry season cultivation
banke,undefined,2006,May,Spring (Baisakh–Jestha),99.1,15.0,47,Pre-Monsoon Thunderstorms,Prepare soil for paddy nurseries; thunder showers likely
bardiya,undefined,2006,June,Monsoon (Jestha–Asar),158.8,15.7,69,Monsoon Onset Phase,Transplant main season paddy; abundant rain
surkhet,undefined,2006,July,Monsoon (Asar–Shrawan),250.5,19.1,74,Peak Monsoon Phase,No irrigation needed; maintain field drainage
dailekh,undefined,2006,August,Monsoon (Shrawan–Bhadra),211.1,15.4,78,Peak Monsoon Phase,High rainfall; manage field overflow and weeding
jajarkot,undefined,2006,September,Autumn (Bhadra–Asoj),129.3,14.6,70,Late Monsoon Retreat,Adequate soil moisture for grain filling
rukum west,undefined,2006,October,Autumn (Asoj–Karthik),37.2,10.9,56,Post-Monsoon Autumn,Good window for harvesting paddy and sowing winter crops
jumla,undefined,2006,November,Autumn (Karthik–Mangsir),9.2,2.7,48,Post-Monsoon Dry,Residual moisture decreasing; prepare wheat sowing
kalikot,undefined,2006,December,Winter (Mangsir–Poush),10.1,1.3,48,Early Winter Dry Period,First irrigation for germinating wheat & potato
mugu,undefined,2007,January,Winter (Poush–Magh),21.2,-2.5,47,Winter Dry Period,Critical: Supplemental irrigation required for wheat & mustard
humla,undefined,2007,February,Winter (Magh–Falgun),29.2,0.2,53,Late Winter Dry,Moderate irrigation for winter crops
dolpa,undefined,2007,March,Spring (Falgun–Chaitra),34.2,7.9,34,Pre-Monsoon Initiation,Light irrigation for spring maize & vegetables
kailali,undefined,2007,April,Spring (Chaitra–Baisakh),52.8,11.8,43,Pre-Monsoon Sporadic,Irrigation required for dry season cultivation
kanchanpur,undefined,2007,May,Spring (Baisakh–Jestha),68.1,15.3,47,Pre-Monsoon Thunderstorms,Prepare soil for paddy nurseries; thunder showers likely
doti,undefined,2007,June,Monsoon (Jestha–Asar),153.9,18.2,71,Monsoon Onset Phase,Transplant main season paddy; abundant rain
achham,undefined,2007,July,Monsoon (Asar–Shrawan),240.5,16.8,80,Peak Monsoon Phase,No irrigation needed; maintain field drainage
dadeldhura,undefined,2007,August,Monsoon (Shrawan–Bhadra),210.6,14.2,79,Peak Monsoon Phase,High rainfall; manage field overflow and weeding
baitadi,undefined,2007,September,Autumn (Bhadra–Asoj),119.6,15.4,65,Late Monsoon Retreat,Adequate soil moisture for grain filling
bajhang,undefined,2007,October,Autumn (Asoj–Karthik),18.3,9.3,59,Post-Monsoon Autumn,Good window for harvesting paddy and sowing winter crops
bajura,undefined,2007,November,Autumn (Karthik–Mangsir),6.7,2.8,63,Post-Monsoon Dry,Residual moisture decreasing; prepare wheat sowing
darchula,undefined,2007,December,Winter (Mangsir–Poush),9.5,0.9,47,Early Winter Dry Period,First irrigation for germinating wheat & potato
jhapa,undefined,2008,January,Winter (Poush–Magh),15.1,-2.2,48,Winter Dry Period,Critical: Supplemental irrigation required for wheat & mustard
morang,undefined,2008,February,Winter (Magh–Falgun),26.3,1.9,49,Late Winter Dry,Moderate irrigation for winter crops
sunsari,undefined,2008,March,Spring (Falgun–Chaitra),37.1,5.5,41,Pre-Monsoon Initiation,Light irrigation for spring maize & vegetables
ilam,undefined,2008,April,Spring (Chaitra–Baisakh),34.0,8.5,44,Pre-Monsoon Sporadic,Irrigation required for dry season cultivation
panchthar,undefined,2008,May,Spring (Baisakh–Jestha),86.1,14.9,46,Pre-Monsoon Thunderstorms,Prepare soil for paddy nurseries; thunder showers likely
taplejung,undefined,2008,June,Monsoon (Jestha–Asar),143.0,16.7,61,Monsoon Onset Phase,Transplant main season paddy; abundant rain
dhankuta,undefined,2008,July,Monsoon (Asar–Shrawan),213.4,18.8,83,Peak Monsoon Phase,No irrigation needed; maintain field drainage
bhojpur,undefined,2008,August,Monsoon (Shrawan–Bhadra),196.8,17.9,68,Peak Monsoon Phase,High rainfall; manage field overflow and weeding
terhathum,undefined,2008,September,Autumn (Bhadra–Asoj),131.9,13.0,71,Late Monsoon Retreat,Adequate soil moisture for grain filling
sankhuwasabha,undefined,2008,October,Autumn (Asoj–Karthik),33.7,10.6,54,Post-Monsoon Autumn,Good window for harvesting paddy and sowing winter crops
solukhumbu,undefined,2008,November,Autumn (Karthik–Mangsir),9.8,3.7,51,Post-Monsoon Dry,Residual moisture decreasing; prepare wheat sowing
khotang,undefined,2008,December,Winter (Mangsir–Poush),9.7,-1.0,49,Early Winter Dry Period,First irrigation for germinating wheat & potato
okhaldhunga,undefined,2009,January,Winter (Poush–Magh),21.8,-1.7,50,Winter Dry Period,Critical: Supplemental irrigation required for wheat & mustard
udayapur,undefined,2009,February,Winter (Magh–Falgun),31.4,3.1,43,Late Winter Dry,Moderate irrigation for winter crops
saptari,undefined,2009,March,Spring (Falgun–Chaitra),43.0,5.6,42,Pre-Monsoon Initiation,Light irrigation for spring maize & vegetables
siraha,undefined,2009,April,Spring (Chaitra–Baisakh),52.5,8.7,42,Pre-Monsoon Sporadic,Irrigation required for dry season cultivation
dhanusha,undefined,2009,May,Spring (Baisakh–Jestha),74.4,14.1,57,Pre-Monsoon Thunderstorms,Prepare soil for paddy nurseries; thunder showers likely
mahottari,undefined,2009,June,Monsoon (Jestha–Asar),144.3,16.0,68,Monsoon Onset Phase,Transplant main season paddy; abundant rain
sarlahi,undefined,2009,July,Monsoon (Asar–Shrawan),264.7,17.8,82,Peak Monsoon Phase,No irrigation needed; maintain field drainage
rautahat,undefined,2009,August,Monsoon (Shrawan–Bhadra),226.7,14.4,73,Peak Monsoon Phase,High rainfall; manage field overflow and weeding
bara,undefined,2009,September,Autumn (Bhadra–Asoj),109.9,14.6,59,Late Monsoon Retreat,Adequate soil moisture for grain filling
parsa,undefined,2009,October,Autumn (Asoj–Karthik),48.4,9.6,58,Post-Monsoon Autumn,Good window for harvesting paddy and sowing winter crops
chitwan,undefined,2009,November,Autumn (Karthik–Mangsir),10.6,6.8,55,Post-Monsoon Dry,Residual moisture decreasing; prepare wheat sowing
kathmandu,undefined,2009,December,Winter (Mangsir–Poush),11.4,0.2,49,Early Winter Dry Period,First irrigation for germinating wheat & potato
lalitpur,undefined,2010,January,Winter (Poush–Magh),20.4,-3.0,47,Winter Dry Period,Critical: Supplemental irrigation required for wheat & mustard
bhaktapur,undefined,2010,February,Winter (Magh–Falgun),22.3,1.9,41,Late Winter Dry,Moderate irrigation for winter crops
kavrepalanchok,undefined,2010,March,Spring (Falgun–Chaitra),39.1,7.0,40,Pre-Monsoon Initiation,Light irrigation for spring maize & vegetables
dhading,undefined,2010,April,Spring (Chaitra–Baisakh),44.2,14.7,47,Pre-Monsoon Sporadic,Irrigation required for dry season cultivation
nuwakot,undefined,2010,May,Spring (Baisakh–Jestha),65.1,15.3,49,Pre-Monsoon Thunderstorms,Prepare soil for paddy nurseries; thunder showers likely
makwanpur,undefined,2010,June,Monsoon (Jestha–Asar),135.7,15.4,69,Monsoon Onset Phase,Transplant main season paddy; abundant rain
sindhupalchok,undefined,2010,July,Monsoon (Asar–Shrawan),215.5,19.2,81,Peak Monsoon Phase,No irrigation needed; maintain field drainage
dolakha,undefined,2010,August,Monsoon (Shrawan–Bhadra),253.3,16.0,77,Peak Monsoon Phase,High rainfall; manage field overflow and weeding
ramechhap,undefined,2010,September,Autumn (Bhadra–Asoj),131.4,13.4,66,Late Monsoon Retreat,Adequate soil moisture for grain filling
sindhuli,undefined,2010,October,Autumn (Asoj–Karthik),43.4,9.3,60,Post-Monsoon Autumn,Good window for harvesting paddy and sowing winter crops
rasuwa,undefined,2010,November,Autumn (Karthik–Mangsir),7.9,2.5,49,Post-Monsoon Dry,Residual moisture decreasing; prepare wheat sowing
gorkha,undefined,2010,December,Winter (Mangsir–Poush),9.8,-1.3,49,Early Winter Dry Period,First irrigation for germinating wheat & potato
kaski,undefined,2011,January,Winter (Poush–Magh),16.4,-3.3,52,Winter Dry Period,Critical: Supplemental irrigation required for wheat & mustard
tanahun,undefined,2011,February,Winter (Magh–Falgun),30.5,1.5,43,Late Winter Dry,Moderate irrigation for winter crops
syangja,undefined,2011,March,Spring (Falgun–Chaitra),32.1,6.6,42,Pre-Monsoon Initiation,Light irrigation for spring maize & vegetables
lamjung,undefined,2011,April,Spring (Chaitra–Baisakh),54.7,10.4,37,Pre-Monsoon Sporadic,Irrigation required for dry season cultivation
nawalpur,undefined,2011,May,Spring (Baisakh–Jestha),83.2,14.0,49,Pre-Monsoon Thunderstorms,Prepare soil for paddy nurseries; thunder showers likely
parbat,undefined,2011,June,Monsoon (Jestha–Asar),191.8,18.0,68,Monsoon Onset Phase,Transplant main season paddy; abundant rain
baglung,undefined,2011,July,Monsoon (Asar–Shrawan),194.2,18.3,82,Peak Monsoon Phase,No irrigation needed; maintain field drainage
myagdi,undefined,2011,August,Monsoon (Shrawan–Bhadra),198.2,18.6,81,Peak Monsoon Phase,High rainfall; manage field overflow and weeding
mustang,undefined,2011,September,Autumn (Bhadra–Asoj),149.9,14.4,72,Late Monsoon Retreat,Adequate soil moisture for grain filling
manang,undefined,2011,October,Autumn (Asoj–Karthik),42.4,9.5,55,Post-Monsoon Autumn,Good window for harvesting paddy and sowing winter crops
rupandehi,undefined,2011,November,Autumn (Karthik–Mangsir),8.4,4.3,46,Post-Monsoon Dry,Residual moisture decreasing; prepare wheat sowing
kapilvastu,undefined,2011,December,Winter (Mangsir–Poush),9.8,1.3,41,Early Winter Dry Period,First irrigation for germinating wheat & potato
nawalparasi west,undefined,2012,January,Winter (Poush–Magh),27.1,-0.7,48,Winter Dry Period,Critical: Supplemental irrigation required for wheat & mustard
palpa,undefined,2012,February,Winter (Magh–Falgun),30.3,2.0,52,Late Winter Dry,Moderate irrigation for winter crops
gulmi,undefined,2012,March,Spring (Falgun–Chaitra),43.6,5.3,42,Pre-Monsoon Initiation,Light irrigation for spring maize & vegetables
arghakhanchi,undefined,2012,April,Spring (Chaitra–Baisakh),46.5,11.1,39,Pre-Monsoon Sporadic,Irrigation required for dry season cultivation
dang,undefined,2012,May,Spring (Baisakh–Jestha),101.0,16.2,49,Pre-Monsoon Thunderstorms,Prepare soil for paddy nurseries; thunder showers likely
pyuthan,undefined,2012,June,Monsoon (Jestha–Asar),128.0,16.5,69,Monsoon Onset Phase,Transplant main season paddy; abundant rain
rolpa,undefined,2012,July,Monsoon (Asar–Shrawan),248.6,19.5,81,Peak Monsoon Phase,No irrigation needed; maintain field drainage
rukum east,undefined,2012,August,Monsoon (Shrawan–Bhadra),240.5,17.4,70,Peak Monsoon Phase,High rainfall; manage field overflow and weeding
banke,undefined,2012,September,Autumn (Bhadra–Asoj),116.5,15.3,69,Late Monsoon Retreat,Adequate soil moisture for grain filling
bardiya,undefined,2012,October,Autumn (Asoj–Karthik),37.6,8.6,53,Post-Monsoon Autumn,Good window for harvesting paddy and sowing winter crops
surkhet,undefined,2012,November,Autumn (Karthik–Mangsir),8.8,4.4,49,Post-Monsoon Dry,Residual moisture decreasing; prepare wheat sowing
dailekh,undefined,2012,December,Winter (Mangsir–Poush),9.6,-1.1,54,Early Winter Dry Period,First irrigation for germinating wheat & potato
jajarkot,undefined,2013,January,Winter (Poush–Magh),21.0,-0.3,56,Winter Dry Period,Critical: Supplemental irrigation required for wheat & mustard
rukum west,undefined,2013,February,Winter (Magh–Falgun),27.7,0.8,39,Late Winter Dry,Moderate irrigation for winter crops
jumla,undefined,2013,March,Spring (Falgun–Chaitra),29.6,5.4,45,Pre-Monsoon Initiation,Light irrigation for spring maize & vegetables
kalikot,undefined,2013,April,Spring (Chaitra–Baisakh),48.8,11.5,33,Pre-Monsoon Sporadic,Irrigation required for dry season cultivation
mugu,undefined,2013,May,Spring (Baisakh–Jestha),65.6,16.1,53,Pre-Monsoon Thunderstorms,Prepare soil for paddy nurseries; thunder showers likely
humla,undefined,2013,June,Monsoon (Jestha–Asar),156.5,17.7,74,Monsoon Onset Phase,Transplant main season paddy; abundant rain
dolpa,undefined,2013,July,Monsoon (Asar–Shrawan),232.0,18.1,78,Peak Monsoon Phase,No irrigation needed; maintain field drainage
kailali,undefined,2013,August,Monsoon (Shrawan–Bhadra),285.4,14.5,78,Peak Monsoon Phase,High rainfall; manage field overflow and weeding
kanchanpur,undefined,2013,September,Autumn (Bhadra–Asoj),117.9,14.7,67,Late Monsoon Retreat,Adequate soil moisture for grain filling
doti,undefined,2013,October,Autumn (Asoj–Karthik),34.7,9.9,70,Post-Monsoon Autumn,Good window for harvesting paddy and sowing winter crops
achham,undefined,2013,November,Autumn (Karthik–Mangsir),10.1,3.0,50,Post-Monsoon Dry,Residual moisture decreasing; prepare wheat sowing
dadeldhura,undefined,2013,December,Winter (Mangsir–Poush),9.3,-2.2,48,Early Winter Dry Period,First irrigation for germinating wheat & potato
baitadi,undefined,2014,January,Winter (Poush–Magh),24.4,-3.5,54,Winter Dry Period,Critical: Supplemental irrigation required for wheat & mustard
bajhang,undefined,2014,February,Winter (Magh–Falgun),30.0,1.1,47,Late Winter Dry,Moderate irrigation for winter crops
bajura,undefined,2014,March,Spring (Falgun–Chaitra),47.1,7.9,40,Pre-Monsoon Initiation,Light irrigation for spring maize & vegetables
darchula,undefined,2014,April,Spring (Chaitra–Baisakh),46.3,11.1,39,Pre-Monsoon Sporadic,Irrigation required for dry season cultivation
jhapa,undefined,2014,May,Spring (Baisakh–Jestha),54.7,17.5,52,Pre-Monsoon Thunderstorms,Prepare soil for paddy nurseries; thunder showers likely
morang,undefined,2014,June,Monsoon (Jestha–Asar),169.6,16.9,65,Monsoon Onset Phase,Transplant main season paddy; abundant rain
sunsari,undefined,2014,July,Monsoon (Asar–Shrawan),233.3,16.1,87,Peak Monsoon Phase,No irrigation needed; maintain field drainage
ilam,undefined,2014,August,Monsoon (Shrawan–Bhadra),171.1,15.8,74,Peak Monsoon Phase,High rainfall; manage field overflow and weeding
panchthar,undefined,2014,September,Autumn (Bhadra–Asoj),143.2,14.0,65,Late Monsoon Retreat,Adequate soil moisture for grain filling
taplejung,undefined,2014,October,Autumn (Asoj–Karthik),41.6,9.9,60,Post-Monsoon Autumn,Good window for harvesting paddy and sowing winter crops
dhankuta,undefined,2014,November,Autumn (Karthik–Mangsir),10.0,6.9,60,Post-Monsoon Dry,Residual moisture decreasing; prepare wheat sowing
bhojpur,undefined,2014,December,Winter (Mangsir–Poush),9.0,1.9,51,Early Winter Dry Period,First irrigation for germinating wheat & potato
terhathum,undefined,2015,January,Winter (Poush–Magh),23.6,-4.0,49,Winter Dry Period,Critical: Supplemental irrigation required for wheat & mustard
sankhuwasabha,undefined,2015,February,Winter (Magh–Falgun),24.6,3.0,52,Late Winter Dry,Moderate irrigation for winter crops
solukhumbu,undefined,2015,March,Spring (Falgun–Chaitra),26.2,7.0,44,Pre-Monsoon Initiation,Light irrigation for spring maize & vegetables
khotang,undefined,2015,April,Spring (Chaitra–Baisakh),46.7,11.9,43,Pre-Monsoon Sporadic,Irrigation required for dry season cultivation
okhaldhunga,undefined,2015,May,Spring (Baisakh–Jestha),84.1,14.7,47,Pre-Monsoon Thunderstorms,Prepare soil for paddy nurseries; thunder showers likely
udayapur,undefined,2015,June,Monsoon (Jestha–Asar),133.1,17.9,68,Monsoon Onset Phase,Transplant main season paddy; abundant rain
saptari,undefined,2015,July,Monsoon (Asar–Shrawan),235.0,17.5,76,Peak Monsoon Phase,No irrigation needed; maintain field drainage
siraha,undefined,2015,August,Monsoon (Shrawan–Bhadra),243.0,16.6,70,Peak Monsoon Phase,High rainfall; manage field overflow and weeding
dhanusha,undefined,2015,September,Autumn (Bhadra–Asoj),133.4,13.8,70,Late Monsoon Retreat,Adequate soil moisture for grain filling
mahottari,undefined,2015,October,Autumn (Asoj–Karthik),43.4,9.0,59,Post-Monsoon Autumn,Good window for harvesting paddy and sowing winter crops
sarlahi,undefined,2015,November,Autumn (Karthik–Mangsir),7.4,3.7,54,Post-Monsoon Dry,Residual moisture decreasing; prepare wheat sowing
rautahat,undefined,2015,December,Winter (Mangsir–Poush),7.7,0.2,50,Early Winter Dry Period,First irrigation for germinating wheat & potato
bara,undefined,2016,January,Winter (Poush–Magh),22.1,-0.8,51,Winter Dry Period,Critical: Supplemental irrigation required for wheat & mustard
parsa,undefined,2016,February,Winter (Magh–Falgun),34.2,0.8,48,Late Winter Dry,Moderate irrigation for winter crops
chitwan,undefined,2016,March,Spring (Falgun–Chaitra),38.5,5.7,43,Pre-Monsoon Initiation,Light irrigation for spring maize & vegetables
kathmandu,undefined,2016,April,Spring (Chaitra–Baisakh),64.7,11.0,44,Pre-Monsoon Sporadic,Irrigation required for dry season cultivation
lalitpur,undefined,2016,May,Spring (Baisakh–Jestha),81.0,14.1,44,Pre-Monsoon Thunderstorms,Prepare soil for paddy nurseries; thunder showers likely
bhaktapur,undefined,2016,June,Monsoon (Jestha–Asar),143.1,15.3,74,Monsoon Onset Phase,Transplant main season paddy; abundant rain
kavrepalanchok,undefined,2016,July,Monsoon (Asar–Shrawan),235.9,17.6,81,Peak Monsoon Phase,No irrigation needed; maintain field drainage
dhading,undefined,2016,August,Monsoon (Shrawan–Bhadra),174.7,16.1,76,Peak Monsoon Phase,High rainfall; manage field overflow and weeding
nuwakot,undefined,2016,September,Autumn (Bhadra–Asoj),138.5,14.6,70,Late Monsoon Retreat,Adequate soil moisture for grain filling
makwanpur,undefined,2016,October,Autumn (Asoj–Karthik),35.4,9.5,58,Post-Monsoon Autumn,Good window for harvesting paddy and sowing winter crops
sindhupalchok,undefined,2016,November,Autumn (Karthik–Mangsir),7.6,4.1,47,Post-Monsoon Dry,Residual moisture decreasing; prepare wheat sowing
dolakha,undefined,2016,December,Winter (Mangsir–Poush),10.1,-0.6,60,Early Winter Dry Period,First irrigation for germinating wheat & potato
ramechhap,undefined,2017,January,Winter (Poush–Magh),21.9,-3.7,49,Winter Dry Period,Critical: Supplemental irrigation required for wheat & mustard
sindhuli,undefined,2017,February,Winter (Magh–Falgun),30.2,4.0,45,Late Winter Dry,Moderate irrigation for winter crops
rasuwa,undefined,2017,March,Spring (Falgun–Chaitra),29.0,8.0,34,Pre-Monsoon Initiation,Light irrigation for spring maize & vegetables
gorkha,undefined,2017,April,Spring (Chaitra–Baisakh),44.9,10.7,41,Pre-Monsoon Sporadic,Irrigation required for dry season cultivation
kaski,undefined,2017,May,Spring (Baisakh–Jestha),88.3,14.2,50,Pre-Monsoon Thunderstorms,Prepare soil for paddy nurseries; thunder showers likely
tanahun,undefined,2017,June,Monsoon (Jestha–Asar),159.7,17.2,68,Monsoon Onset Phase,Transplant main season paddy; abundant rain
syangja,undefined,2017,July,Monsoon (Asar–Shrawan),255.7,19.0,79,Peak Monsoon Phase,No irrigation needed; maintain field drainage
lamjung,undefined,2017,August,Monsoon (Shrawan–Bhadra),224.3,15.1,76,Peak Monsoon Phase,High rainfall; manage field overflow and weeding
nawalpur,undefined,2017,September,Autumn (Bhadra–Asoj),128.6,14.9,67,Late Monsoon Retreat,Adequate soil moisture for grain filling
parbat,undefined,2017,October,Autumn (Asoj–Karthik),31.5,8.3,60,Post-Monsoon Autumn,Good window for harvesting paddy and sowing winter crops
baglung,undefined,2017,November,Autumn (Karthik–Mangsir),10.4,3.5,55,Post-Monsoon Dry,Residual moisture decreasing; prepare wheat sowing
myagdi,undefined,2017,December,Winter (Mangsir–Poush),10.2,-0.1,49,Early Winter Dry Period,First irrigation for germinating wheat & potato
mustang,undefined,2018,January,Winter (Poush–Magh),24.5,-1.6,59,Winter Dry Period,Critical: Supplemental irrigation required for wheat & mustard
manang,undefined,2018,February,Winter (Magh–Falgun),24.4,2.6,45,Late Winter Dry,Moderate irrigation for winter crops
rupandehi,undefined,2018,March,Spring (Falgun–Chaitra),33.0,7.0,40,Pre-Monsoon Initiation,Light irrigation for spring maize & vegetables
kapilvastu,undefined,2018,April,Spring (Chaitra–Baisakh),69.0,10.8,37,Pre-Monsoon Sporadic,Irrigation required for dry season cultivation
nawalparasi west,undefined,2018,May,Spring (Baisakh–Jestha),83.3,12.5,51,Pre-Monsoon Thunderstorms,Prepare soil for paddy nurseries; thunder showers likely
palpa,undefined,2018,June,Monsoon (Jestha–Asar),160.4,18.0,71,Monsoon Onset Phase,Transplant main season paddy; abundant rain
gulmi,undefined,2018,July,Monsoon (Asar–Shrawan),221.9,17.8,74,Peak Monsoon Phase,No irrigation needed; maintain field drainage
arghakhanchi,undefined,2018,August,Monsoon (Shrawan–Bhadra),174.5,17.4,70,Peak Monsoon Phase,High rainfall; manage field overflow and weeding
dang,undefined,2018,September,Autumn (Bhadra–Asoj),112.5,12.8,72,Late Monsoon Retreat,Adequate soil moisture for grain filling
pyuthan,undefined,2018,October,Autumn (Asoj–Karthik),44.5,7.4,50,Post-Monsoon Autumn,Good window for harvesting paddy and sowing winter crops
rolpa,undefined,2018,November,Autumn (Karthik–Mangsir),8.8,4.0,52,Post-Monsoon Dry,Residual moisture decreasing; prepare wheat sowing
rukum east,undefined,2018,December,Winter (Mangsir–Poush),9.3,-0.2,51,Early Winter Dry Period,First irrigation for germinating wheat & potato
banke,undefined,2019,January,Winter (Poush–Magh),25.4,-4.3,48,Winter Dry Period,Critical: Supplemental irrigation required for wheat & mustard
bardiya,undefined,2019,February,Winter (Magh–Falgun),28.9,0.9,54,Late Winter Dry,Moderate irrigation for winter crops
surkhet,undefined,2019,March,Spring (Falgun–Chaitra),34.4,7.0,42,Pre-Monsoon Initiation,Light irrigation for spring maize & vegetables
dailekh,undefined,2019,April,Spring (Chaitra–Baisakh),43.7,8.8,40,Pre-Monsoon Sporadic,Irrigation required for dry season cultivation
jajarkot,undefined,2019,May,Spring (Baisakh–Jestha),92.4,14.6,48,Pre-Monsoon Thunderstorms,Prepare soil for paddy nurseries; thunder showers likely
rukum west,undefined,2019,June,Monsoon (Jestha–Asar),182.2,16.6,65,Monsoon Onset Phase,Transplant main season paddy; abundant rain
jumla,undefined,2019,July,Monsoon (Asar–Shrawan),245.4,18.9,87,Peak Monsoon Phase,No irrigation needed; maintain field drainage
kalikot,undefined,2019,August,Monsoon (Shrawan–Bhadra),236.1,18.4,73,Peak Monsoon Phase,High rainfall; manage field overflow and weeding
mugu,undefined,2019,September,Autumn (Bhadra–Asoj),101.5,14.1,70,Late Monsoon Retreat,Adequate soil moisture for grain filling
humla,undefined,2019,October,Autumn (Asoj–Karthik),29.3,8.8,59,Post-Monsoon Autumn,Good window for harvesting paddy and sowing winter crops
dolpa,undefined,2019,November,Autumn (Karthik–Mangsir),9.5,4.6,53,Post-Monsoon Dry,Residual moisture decreasing; prepare wheat sowing
kailali,undefined,2019,December,Winter (Mangsir–Poush),9.2,-0.6,45,Early Winter Dry Period,First irrigation for germinating wheat & potato
kanchanpur,undefined,2020,January,Winter (Poush–Magh),27.9,-2.0,49,Winter Dry Period,Critical: Supplemental irrigation required for wheat & mustard
doti,undefined,2020,February,Winter (Magh–Falgun),24.1,5.5,43,Late Winter Dry,Moderate irrigation for winter crops
achham,undefined,2020,March,Spring (Falgun–Chaitra),35.6,7.5,42,Pre-Monsoon Initiation,Light irrigation for spring maize & vegetables
dadeldhura,undefined,2020,April,Spring (Chaitra–Baisakh),54.9,13.2,44,Pre-Monsoon Sporadic,Irrigation required for dry season cultivation
baitadi,undefined,2020,May,Spring (Baisakh–Jestha),67.3,14.7,53,Pre-Monsoon Thunderstorms,Prepare soil for paddy nurseries; thunder showers likely
bajhang,undefined,2020,June,Monsoon (Jestha–Asar),209.6,15.3,72,Monsoon Onset Phase,Transplant main season paddy; abundant rain
bajura,undefined,2020,July,Monsoon (Asar–Shrawan),246.5,19.0,77,Peak Monsoon Phase,No irrigation needed; maintain field drainage
darchula,undefined,2020,August,Monsoon (Shrawan–Bhadra),183.5,17.9,78,Peak Monsoon Phase,High rainfall; manage field overflow and weeding
jhapa,undefined,2020,September,Autumn (Bhadra–Asoj),137.5,14.0,67,Late Monsoon Retreat,Adequate soil moisture for grain filling
morang,undefined,2020,October,Autumn (Asoj–Karthik),26.8,10.0,59,Post-Monsoon Autumn,Good window for harvesting paddy and sowing winter crops
sunsari,undefined,2020,November,Autumn (Karthik–Mangsir),7.7,3.4,50,Post-Monsoon Dry,Residual moisture decreasing; prepare wheat sowing
ilam,undefined,2020,December,Winter (Mangsir–Poush),7.8,-1.0,45,Early Winter Dry Period,First irrigation for germinating wheat & potato
panchthar,undefined,2021,January,Winter (Poush–Magh),20.6,-2.9,43,Winter Dry Period,Critical: Supplemental irrigation required for wheat & mustard
taplejung,undefined,2021,February,Winter (Magh–Falgun),36.5,3.5,44,Late Winter Dry,Moderate irrigation for winter crops
dhankuta,undefined,2021,March,Spring (Falgun–Chaitra),39.6,7.5,44,Pre-Monsoon Initiation,Light irrigation for spring maize & vegetables
bhojpur,undefined,2021,April,Spring (Chaitra–Baisakh),42.1,12.3,39,Pre-Monsoon Sporadic,Irrigation required for dry season cultivation
terhathum,undefined,2021,May,Spring (Baisakh–Jestha),64.0,15.9,57,Pre-Monsoon Thunderstorms,Prepare soil for paddy nurseries; thunder showers likely
sankhuwasabha,undefined,2021,June,Monsoon (Jestha–Asar),222.1,15.6,70,Monsoon Onset Phase,Transplant main season paddy; abundant rain
solukhumbu,undefined,2021,July,Monsoon (Asar–Shrawan),225.2,18.9,72,Peak Monsoon Phase,No irrigation needed; maintain field drainage
khotang,undefined,2021,August,Monsoon (Shrawan–Bhadra),170.2,16.1,76,Peak Monsoon Phase,High rainfall; manage field overflow and weeding
okhaldhunga,undefined,2021,September,Autumn (Bhadra–Asoj),108.5,14.8,74,Late Monsoon Retreat,Adequate soil moisture for grain filling
udayapur,undefined,2021,October,Autumn (Asoj–Karthik),38.1,10.9,59,Post-Monsoon Autumn,Good window for harvesting paddy and sowing winter crops
saptari,undefined,2021,November,Autumn (Karthik–Mangsir),7.4,5.6,49,Post-Monsoon Dry,Residual moisture decreasing; prepare wheat sowing
siraha,undefined,2021,December,Winter (Mangsir–Poush),11.4,1.9,51,Early Winter Dry Period,First irrigation for germinating wheat & potato
dhanusha,undefined,2022,January,Winter (Poush–Magh),17.1,-3.1,55,Winter Dry Period,Critical: Supplemental irrigation required for wheat & mustard
mahottari,undefined,2022,February,Winter (Magh–Falgun),27.3,2.1,51,Late Winter Dry,Moderate irrigation for winter crops
sarlahi,undefined,2022,March,Spring (Falgun–Chaitra),42.0,7.3,39,Pre-Monsoon Initiation,Light irrigation for spring maize & vegetables
rautahat,undefined,2022,April,Spring (Chaitra–Baisakh),45.7,12.0,44,Pre-Monsoon Sporadic,Irrigation required for dry season cultivation
bara,undefined,2022,May,Spring (Baisakh–Jestha),76.9,16.3,51,Pre-Monsoon Thunderstorms,Prepare soil for paddy nurseries; thunder showers likely
parsa,undefined,2022,June,Monsoon (Jestha–Asar),139.6,16.1,64,Monsoon Onset Phase,Transplant main season paddy; abundant rain
chitwan,undefined,2022,July,Monsoon (Asar–Shrawan),230.2,19.5,74,Peak Monsoon Phase,No irrigation needed; maintain field drainage
kathmandu,undefined,2022,August,Monsoon (Shrawan–Bhadra),215.9,16.2,74,Peak Monsoon Phase,High rainfall; manage field overflow and weeding
lalitpur,undefined,2022,September,Autumn (Bhadra–Asoj),92.8,13.7,69,Late Monsoon Retreat,Adequate soil moisture for grain filling
bhaktapur,undefined,2022,October,Autumn (Asoj–Karthik),37.8,9.3,53,Post-Monsoon Autumn,Good window for harvesting paddy and sowing winter crops
kavrepalanchok,undefined,2022,November,Autumn (Karthik–Mangsir),10.5,4.3,52,Post-Monsoon Dry,Residual moisture decreasing; prepare wheat sowing
dhading,undefined,2022,December,Winter (Mangsir–Poush),10.0,-0.6,50,Early Winter Dry Period,First irrigation for germinating wheat & potato
nuwakot,undefined,2023,January,Winter (Poush–Magh),23.6,-4.1,47,Winter Dry Period,Critical: Supplemental irrigation required for wheat & mustard
makwanpur,undefined,2023,February,Winter (Magh–Falgun),26.9,2.3,52,Late Winter Dry,Moderate irrigation for winter crops
sindhupalchok,undefined,2023,March,Spring (Falgun–Chaitra),33.6,6.4,37,Pre-Monsoon Initiation,Light irrigation for spring maize & vegetables
dolakha,undefined,2023,April,Spring (Chaitra–Baisakh),42.2,10.6,45,Pre-Monsoon Sporadic,Irrigation required for dry season cultivation
ramechhap,undefined,2023,May,Spring (Baisakh–Jestha),67.4,15.5,45,Pre-Monsoon Thunderstorms,Prepare soil for paddy nurseries; thunder showers likely
sindhuli,undefined,2023,June,Monsoon (Jestha–Asar),146.5,16.6,74,Monsoon Onset Phase,Transplant main season paddy; abundant rain
rasuwa,undefined,2023,July,Monsoon (Asar–Shrawan),230.1,15.4,70,Peak Monsoon Phase,No irrigation needed; maintain field drainage
gorkha,undefined,2023,August,Monsoon (Shrawan–Bhadra),211.1,17.7,77,Peak Monsoon Phase,High rainfall; manage field overflow and weeding
kaski,undefined,2023,September,Autumn (Bhadra–Asoj),123.0,15.4,67,Late Monsoon Retreat,Adequate soil moisture for grain filling
tanahun,undefined,2023,October,Autumn (Asoj–Karthik),39.7,7.0,54,Post-Monsoon Autumn,Good window for harvesting paddy and sowing winter crops
syangja,undefined,2023,November,Autumn (Karthik–Mangsir),6.6,3.7,51,Post-Monsoon Dry,Residual moisture decreasing; prepare wheat sowing
lamjung,undefined,2023,December,Winter (Mangsir–Poush),10.2,0.1,46,Early Winter Dry Period,First irrigation for germinating wheat & potato
nawalpur,undefined,2024,January,Winter (Poush–Magh),21.4,-3.8,55,Winter Dry Period,Critical: Supplemental irrigation required for wheat & mustard
parbat,undefined,2024,February,Winter (Magh–Falgun),26.7,1.4,54,Late Winter Dry,Moderate irrigation for winter crops
baglung,undefined,2024,March,Spring (Falgun–Chaitra),30.9,5.6,35,Pre-Monsoon Initiation,Light irrigation for spring maize & vegetables
myagdi,undefined,2024,April,Spring (Chaitra–Baisakh),47.5,11.5,44,Pre-Monsoon Sporadic,Irrigation required for dry season cultivation
mustang,undefined,2024,May,Spring (Baisakh–Jestha),110.9,12.3,54,Pre-Monsoon Thunderstorms,Prepare soil for paddy nurseries; thunder showers likely
manang,undefined,2024,June,Monsoon (Jestha–Asar),146.6,16.3,65,Monsoon Onset Phase,Transplant main season paddy; abundant rain
rupandehi,undefined,2024,July,Monsoon (Asar–Shrawan),207.3,20.0,81,Peak Monsoon Phase,No irrigation needed; maintain field drainage
kapilvastu,undefined,2024,August,Monsoon (Shrawan–Bhadra),210.7,18.6,69,Peak Monsoon Phase,High rainfall; manage field overflow and weeding
nawalparasi west,undefined,2024,September,Autumn (Bhadra–Asoj),96.0,11.4,67,Late Monsoon Retreat,Adequate soil moisture for grain filling
palpa,undefined,2024,October,Autumn (Asoj–Karthik),35.8,9.1,58,Post-Monsoon Autumn,Good window for harvesting paddy and sowing winter crops
gulmi,undefined,2024,November,Autumn (Karthik–Mangsir),7.1,5.0,52,Post-Monsoon Dry,Residual moisture decreasing; prepare wheat sowing
arghakhanchi,undefined,2024,December,Winter (Mangsir–Poush),11.1,-2.3,51,Early Winter Dry Period,First irrigation for germinating wheat & potato
dang,undefined,1995,January,Winter (Poush–Magh),18.1,-2.5,52,Winter Dry Period,Critical: Supplemental irrigation required for wheat & mustard
pyuthan,undefined,1995,February,Winter (Magh–Falgun),28.4,1.0,48,Late Winter Dry,Moderate irrigation for winter crops
rolpa,undefined,1995,March,Spring (Falgun–Chaitra),29.3,8.4,39,Pre-Monsoon Initiation,Light irrigation for spring maize & vegetables
rukum east,undefined,1995,April,Spring (Chaitra–Baisakh),56.1,10.4,39,Pre-Monsoon Sporadic,Irrigation required for dry season cultivation
banke,undefined,1995,May,Spring (Baisakh–Jestha),70.8,16.1,49,Pre-Monsoon Thunderstorms,Prepare soil for paddy nurseries; thunder showers likely
bardiya,undefined,1995,June,Monsoon (Jestha–Asar),175.5,16.5,60,Monsoon Onset Phase,Transplant main season paddy; abundant rain
surkhet,undefined,1995,July,Monsoon (Asar–Shrawan),219.5,16.6,78,Peak Monsoon Phase,No irrigation needed; maintain field drainage
dailekh,undefined,1995,August,Monsoon (Shrawan–Bhadra),172.5,18.1,75,Peak Monsoon Phase,High rainfall; manage field overflow and weeding
jajarkot,undefined,1995,September,Autumn (Bhadra–Asoj),116.8,14.8,73,Late Monsoon Retreat,Adequate soil moisture for grain filling
rukum west,undefined,1995,October,Autumn (Asoj–Karthik),34.9,8.1,50,Post-Monsoon Autumn,Good window for harvesting paddy and sowing winter crops
jumla,undefined,1995,November,Autumn (Karthik–Mangsir),8.1,3.3,52,Post-Monsoon Dry,Residual moisture decreasing; prepare wheat sowing
kalikot,undefined,1995,December,Winter (Mangsir–Poush),9.5,0.8,47,Early Winter Dry Period,First irrigation for germinating wheat & potato
mugu,undefined,1996,January,Winter (Poush–Magh),21.8,-0.6,51,Winter Dry Period,Critical: Supplemental irrigation required for wheat & mustard
humla,undefined,1996,February,Winter (Magh–Falgun),27.7,1.3,45,Late Winter Dry,Moderate irrigation for winter crops
dolpa,undefined,1996,March,Spring (Falgun–Chaitra),33.2,6.4,43,Pre-Monsoon Initiation,Light irrigation for spring maize & vegetables
kailali,undefined,1996,April,Spring (Chaitra–Baisakh),46.4,9.4,49,Pre-Monsoon Sporadic,Irrigation required for dry season cultivation
kanchanpur,undefined,1996,May,Spring (Baisakh–Jestha),83.8,13.3,50,Pre-Monsoon Thunderstorms,Prepare soil for paddy nurseries; thunder showers likely
doti,undefined,1996,June,Monsoon (Jestha–Asar),162.7,19.0,63,Monsoon Onset Phase,Transplant main season paddy; abundant rain
achham,undefined,1996,July,Monsoon (Asar–Shrawan),275.1,19.7,75,Peak Monsoon Phase,No irrigation needed; maintain field drainage
dadeldhura,undefined,1996,August,Monsoon (Shrawan–Bhadra),201.3,15.8,75,Peak Monsoon Phase,High rainfall; manage field overflow and weeding
baitadi,undefined,1996,September,Autumn (Bhadra–Asoj),119.3,14.8,74,Late Monsoon Retreat,Adequate soil moisture for grain filling
bajhang,undefined,1996,October,Autumn (Asoj–Karthik),31.1,6.6,57,Post-Monsoon Autumn,Good window for harvesting paddy and sowing winter crops
bajura,undefined,1996,November,Autumn (Karthik–Mangsir),9.4,4.3,50,Post-Monsoon Dry,Residual moisture decreasing; prepare wheat sowing
darchula,undefined,1996,December,Winter (Mangsir–Poush),10.2,1.8,51,Early Winter Dry Period,First irrigation for germinating wheat & potato
jhapa,undefined,1997,January,Winter (Poush–Magh),20.8,-2.6,49,Winter Dry Period,Critical: Supplemental irrigation required for wheat & mustard
morang,undefined,1997,February,Winter (Magh–Falgun),34.9,1.8,47,Late Winter Dry,Moderate irrigation for winter crops
sunsari,undefined,1997,March,Spring (Falgun–Chaitra),35.3,8.3,47,Pre-Monsoon Initiation,Light irrigation for spring maize & vegetables
ilam,undefined,1997,April,Spring (Chaitra–Baisakh),51.2,11.1,42,Pre-Monsoon Sporadic,Irrigation required for dry season cultivation
panchthar,undefined,1997,May,Spring (Baisakh–Jestha),51.4,15.9,52,Pre-Monsoon Thunderstorms,Prepare soil for paddy nurseries; thunder showers likely
taplejung,undefined,1997,June,Monsoon (Jestha–Asar),170.3,16.1,66,Monsoon Onset Phase,Transplant main season paddy; abundant rain
dhankuta,undefined,1997,July,Monsoon (Asar–Shrawan),225.2,19.2,76,Peak Monsoon Phase,No irrigation needed; maintain field drainage
bhojpur,undefined,1997,August,Monsoon (Shrawan–Bhadra),275.6,17.5,70,Peak Monsoon Phase,High rainfall; manage field overflow and weeding
terhathum,undefined,1997,September,Autumn (Bhadra–Asoj),117.7,13.2,61,Late Monsoon Retreat,Adequate soil moisture for grain filling
sankhuwasabha,undefined,1997,October,Autumn (Asoj–Karthik),43.4,9.8,60,Post-Monsoon Autumn,Good window for harvesting paddy and sowing winter crops
solukhumbu,undefined,1997,November,Autumn (Karthik–Mangsir),9.2,2.3,50,Post-Monsoon Dry,Residual moisture decreasing; prepare wheat sowing
khotang,undefined,1997,December,Winter (Mangsir–Poush),11.3,-1.3,39,Early Winter Dry Period,First irrigation for germinating wheat & potato
okhaldhunga,undefined,1998,January,Winter (Poush–Magh),21.3,-2.2,50,Winter Dry Period,Critical: Supplemental irrigation required for wheat & mustard
udayapur,undefined,1998,February,Winter (Magh–Falgun),31.1,2.8,49,Late Winter Dry,Moderate irrigation for winter crops
saptari,undefined,1998,March,Spring (Falgun–Chaitra),44.8,5.2,42,Pre-Monsoon Initiation,Light irrigation for spring maize & vegetables
siraha,undefined,1998,April,Spring (Chaitra–Baisakh),52.5,9.5,35,Pre-Monsoon Sporadic,Irrigation required for dry season cultivation
dhanusha,undefined,1998,May,Spring (Baisakh–Jestha),71.0,14.2,55,Pre-Monsoon Thunderstorms,Prepare soil for paddy nurseries; thunder showers likely
mahottari,undefined,1998,June,Monsoon (Jestha–Asar),145.3,16.0,65,Monsoon Onset Phase,Transplant main season paddy; abundant rain
sarlahi,undefined,1998,July,Monsoon (Asar–Shrawan),280.3,18.0,77,Peak Monsoon Phase,No irrigation needed; maintain field drainage
rautahat,undefined,1998,August,Monsoon (Shrawan–Bhadra),206.5,18.6,73,Peak Monsoon Phase,High rainfall; manage field overflow and weeding
bara,undefined,1998,September,Autumn (Bhadra–Asoj),143.7,14.3,69,Late Monsoon Retreat,Adequate soil moisture for grain filling
parsa,undefined,1998,October,Autumn (Asoj–Karthik),48.1,7.7,56,Post-Monsoon Autumn,Good window for harvesting paddy and sowing winter crops
chitwan,undefined,1998,November,Autumn (Karthik–Mangsir),7.3,5.1,58,Post-Monsoon Dry,Residual moisture decreasing; prepare wheat sowing
kathmandu,undefined,1998,December,Winter (Mangsir–Poush),12.5,1.5,49,Early Winter Dry Period,First irrigation for germinating wheat & potato
lalitpur,undefined,1999,January,Winter (Poush–Magh),20.8,-4.0,58,Winter Dry Period,Critical: Supplemental irrigation required for wheat & mustard
bhaktapur,undefined,1999,February,Winter (Magh–Falgun),30.0,1.4,53,Late Winter Dry,Moderate irrigation for winter crops
kavrepalanchok,undefined,1999,March,Spring (Falgun–Chaitra),32.5,7.5,39,Pre-Monsoon Initiation,Light irrigation for spring maize & vegetables
dhading,undefined,1999,April,Spring (Chaitra–Baisakh),52.6,10.9,36,Pre-Monsoon Sporadic,Irrigation required for dry season cultivation
nuwakot,undefined,1999,May,Spring (Baisakh–Jestha),80.9,16.3,51,Pre-Monsoon Thunderstorms,Prepare soil for paddy nurseries; thunder showers likely
makwanpur,undefined,1999,June,Monsoon (Jestha–Asar),178.6,15.7,67,Monsoon Onset Phase,Transplant main season paddy; abundant rain
sindhupalchok,undefined,1999,July,Monsoon (Asar–Shrawan),217.5,18.9,78,Peak Monsoon Phase,No irrigation needed; maintain field drainage
dolakha,undefined,1999,August,Monsoon (Shrawan–Bhadra),231.7,18.3,78,Peak Monsoon Phase,High rainfall; manage field overflow and weeding
ramechhap,undefined,1999,September,Autumn (Bhadra–Asoj),124.9,12.8,69,Late Monsoon Retreat,Adequate soil moisture for grain filling
sindhuli,undefined,1999,October,Autumn (Asoj–Karthik),32.2,8.6,56,Post-Monsoon Autumn,Good window for harvesting paddy and sowing winter crops
rasuwa,undefined,1999,November,Autumn (Karthik–Mangsir),7.7,1.7,49,Post-Monsoon Dry,Residual moisture decreasing; prepare wheat sowing
gorkha,undefined,1999,December,Winter (Mangsir–Poush),10.3,-1.6,50,Early Winter Dry Period,First irrigation for germinating wheat & potato
kaski,undefined,2000,January,Winter (Poush–Magh),28.3,-0.8,56,Winter Dry Period,Critical: Supplemental irrigation required for wheat & mustard
tanahun,undefined,2000,February,Winter (Magh–Falgun),29.6,3.4,45,Late Winter Dry,Moderate irrigation for winter crops
syangja,undefined,2000,March,Spring (Falgun–Chaitra),34.3,3.7,44,Pre-Monsoon Initiation,Light irrigation for spring maize & vegetables
lamjung,undefined,2000,April,Spring (Chaitra–Baisakh),59.1,10.3,40,Pre-Monsoon Sporadic,Irrigation required for dry season cultivation
nawalpur,undefined,2000,May,Spring (Baisakh–Jestha),71.0,15.5,56,Pre-Monsoon Thunderstorms,Prepare soil for paddy nurseries; thunder showers likely
parbat,undefined,2000,June,Monsoon (Jestha–Asar),118.2,17.5,66,Monsoon Onset Phase,Transplant main season paddy; abundant rain
baglung,undefined,2000,July,Monsoon (Asar–Shrawan),244.1,18.6,77,Peak Monsoon Phase,No irrigation needed; maintain field drainage
myagdi,undefined,2000,August,Monsoon (Shrawan–Bhadra),206.7,16.7,79,Peak Monsoon Phase,High rainfall; manage field overflow and weeding
mustang,undefined,2000,September,Autumn (Bhadra–Asoj),127.5,14.3,64,Late Monsoon Retreat,Adequate soil moisture for grain filling
manang,undefined,2000,October,Autumn (Asoj–Karthik),33.0,10.1,58,Post-Monsoon Autumn,Good window for harvesting paddy and sowing winter crops
rupandehi,undefined,2000,November,Autumn (Karthik–Mangsir),9.9,6.1,56,Post-Monsoon Dry,Residual moisture decreasing; prepare wheat sowing
kapilvastu,undefined,2000,December,Winter (Mangsir–Poush),10.1,-0.6,39,Early Winter Dry Period,First irrigation for germinating wheat & potato
nawalparasi west,undefined,2001,January,Winter (Poush–Magh),21.4,-2.4,51,Winter Dry Period,Critical: Supplemental irrigation required for wheat & mustard
palpa,undefined,2001,February,Winter (Magh–Falgun),27.4,1.6,40,Late Winter Dry,Moderate irrigation for winter crops
gulmi,undefined,2001,March,Spring (Falgun–Chaitra),32.6,7.6,46,Pre-Monsoon Initiation,Light irrigation for spring maize & vegetables
arghakhanchi,undefined,2001,April,Spring (Chaitra–Baisakh),47.3,11.4,45,Pre-Monsoon Sporadic,Irrigation required for dry season cultivation
dang,undefined,2001,May,Spring (Baisakh–Jestha),70.3,15.4,49,Pre-Monsoon Thunderstorms,Prepare soil for paddy nurseries; thunder showers likely
pyuthan,undefined,2001,June,Monsoon (Jestha–Asar),180.8,17.2,69,Monsoon Onset Phase,Transplant main season paddy; abundant rain
rolpa,undefined,2001,July,Monsoon (Asar–Shrawan),211.8,18.8,86,Peak Monsoon Phase,No irrigation needed; maintain field drainage
rukum east,undefined,2001,August,Monsoon (Shrawan–Bhadra),178.3,16.6,76,Peak Monsoon Phase,High rainfall; manage field overflow and weeding
banke,undefined,2001,September,Autumn (Bhadra–Asoj),134.2,13.3,58,Late Monsoon Retreat,Adequate soil moisture for grain filling
bardiya,undefined,2001,October,Autumn (Asoj–Karthik),42.1,9.9,51,Post-Monsoon Autumn,Good window for harvesting paddy and sowing winter crops
surkhet,undefined,2001,November,Autumn (Karthik–Mangsir),8.2,5.9,57,Post-Monsoon Dry,Residual moisture decreasing; prepare wheat sowing
dailekh,undefined,2001,December,Winter (Mangsir–Poush),11.4,-0.2,50,Early Winter Dry Period,First irrigation for germinating wheat & potato
jajarkot,undefined,2002,January,Winter (Poush–Magh),21.6,-0.6,46,Winter Dry Period,Critical: Supplemental irrigation required for wheat & mustard
rukum west,undefined,2002,February,Winter (Magh–Falgun),24.6,3.2,47,Late Winter Dry,Moderate irrigation for winter crops
jumla,undefined,2002,March,Spring (Falgun–Chaitra),45.9,6.2,39,Pre-Monsoon Initiation,Light irrigation for spring maize & vegetables
kalikot,undefined,2002,April,Spring (Chaitra–Baisakh),41.4,11.0,36,Pre-Monsoon Sporadic,Irrigation required for dry season cultivation
mugu,undefined,2002,May,Spring (Baisakh–Jestha),74.1,13.3,54,Pre-Monsoon Thunderstorms,Prepare soil for paddy nurseries; thunder showers likely
humla,undefined,2002,June,Monsoon (Jestha–Asar),177.2,14.9,73,Monsoon Onset Phase,Transplant main season paddy; abundant rain
dolpa,undefined,2002,July,Monsoon (Asar–Shrawan),329.9,18.1,75,Peak Monsoon Phase,No irrigation needed; maintain field drainage
kailali,undefined,2002,August,Monsoon (Shrawan–Bhadra),299.0,15.4,76,Peak Monsoon Phase,High rainfall; manage field overflow and weeding
kanchanpur,undefined,2002,September,Autumn (Bhadra–Asoj),123.2,15.6,71,Late Monsoon Retreat,Adequate soil moisture for grain filling
doti,undefined,2002,October,Autumn (Asoj–Karthik),32.4,7.9,56,Post-Monsoon Autumn,Good window for harvesting paddy and sowing winter crops
achham,undefined,2002,November,Autumn (Karthik–Mangsir),7.6,4.1,49,Post-Monsoon Dry,Residual moisture decreasing; prepare wheat sowing
dadeldhura,undefined,2002,December,Winter (Mangsir–Poush),7.8,1.5,48,Early Winter Dry Period,First irrigation for germinating wheat & potato
baitadi,undefined,2003,January,Winter (Poush–Magh),17.8,-2.2,50,Winter Dry Period,Critical: Supplemental irrigation required for wheat & mustard
bajhang,undefined,2003,February,Winter (Magh–Falgun),20.7,2.4,43,Late Winter Dry,Moderate irrigation for winter crops
bajura,undefined,2003,March,Spring (Falgun–Chaitra),47.8,7.6,38,Pre-Monsoon Initiation,Light irrigation for spring maize & vegetables
darchula,undefined,2003,April,Spring (Chaitra–Baisakh),42.6,10.9,44,Pre-Monsoon Sporadic,Irrigation required for dry season cultivation
jhapa,undefined,2003,May,Spring (Baisakh–Jestha),79.7,14.7,52,Pre-Monsoon Thunderstorms,Prepare soil for paddy nurseries; thunder showers likely
morang,undefined,2003,June,Monsoon (Jestha–Asar),145.5,16.6,59,Monsoon Onset Phase,Transplant main season paddy; abundant rain
sunsari,undefined,2003,July,Monsoon (Asar–Shrawan),275.1,18.4,74,Peak Monsoon Phase,No irrigation needed; maintain field drainage
ilam,undefined,2003,August,Monsoon (Shrawan–Bhadra),269.8,17.1,71,Peak Monsoon Phase,High rainfall; manage field overflow and weeding
panchthar,undefined,2003,September,Autumn (Bhadra–Asoj),135.4,14.5,71,Late Monsoon Retreat,Adequate soil moisture for grain filling
taplejung,undefined,2003,October,Autumn (Asoj–Karthik),32.8,9.5,56,Post-Monsoon Autumn,Good window for harvesting paddy and sowing winter crops
dhankuta,undefined,2003,November,Autumn (Karthik–Mangsir),9.8,1.7,50,Post-Monsoon Dry,Residual moisture decreasing; prepare wheat sowing
bhojpur,undefined,2003,December,Winter (Mangsir–Poush),12.6,-0.9,47,Early Winter Dry Period,First irrigation for germinating wheat & potato
terhathum,undefined,2004,January,Winter (Poush–Magh),20.5,-3.5,41,Winter Dry Period,Critical: Supplemental irrigation required for wheat & mustard
sankhuwasabha,undefined,2004,February,Winter (Magh–Falgun),27.0,2.2,47,Late Winter Dry,Moderate irrigation for winter crops
solukhumbu,undefined,2004,March,Spring (Falgun–Chaitra),37.2,7.1,44,Pre-Monsoon Initiation,Light irrigation for spring maize & vegetables
khotang,undefined,2004,April,Spring (Chaitra–Baisakh),46.6,10.3,40,Pre-Monsoon Sporadic,Irrigation required for dry season cultivation
okhaldhunga,undefined,2004,May,Spring (Baisakh–Jestha),87.0,16.7,49,Pre-Monsoon Thunderstorms,Prepare soil for paddy nurseries; thunder showers likely
udayapur,undefined,2004,June,Monsoon (Jestha–Asar),162.4,17.4,64,Monsoon Onset Phase,Transplant main season paddy; abundant rain
saptari,undefined,2004,July,Monsoon (Asar–Shrawan),240.7,16.2,70,Peak Monsoon Phase,No irrigation needed; maintain field drainage
siraha,undefined,2004,August,Monsoon (Shrawan–Bhadra),221.6,16.5,76,Peak Monsoon Phase,High rainfall; manage field overflow and weeding
dhanusha,undefined,2004,September,Autumn (Bhadra–Asoj),119.7,12.8,69,Late Monsoon Retreat,Adequate soil moisture for grain filling
mahottari,undefined,2004,October,Autumn (Asoj–Karthik),28.5,10.7,52,Post-Monsoon Autumn,Good window for harvesting paddy and sowing winter crops
sarlahi,undefined,2004,November,Autumn (Karthik–Mangsir),8.7,2.7,54,Post-Monsoon Dry,Residual moisture decreasing; prepare wheat sowing
rautahat,undefined,2004,December,Winter (Mangsir–Poush),9.5,-0.6,53,Early Winter Dry Period,First irrigation for germinating wheat & potato
bara,undefined,2005,January,Winter (Poush–Magh),22.1,-1.4,46,Winter Dry Period,Critical: Supplemental irrigation required for wheat & mustard
parsa,undefined,2005,February,Winter (Magh–Falgun),22.1,2.1,46,Late Winter Dry,Moderate irrigation for winter crops
chitwan,undefined,2005,March,Spring (Falgun–Chaitra),41.6,6.9,40,Pre-Monsoon Initiation,Light irrigation for spring maize & vegetables
kathmandu,undefined,2005,April,Spring (Chaitra–Baisakh),36.3,13.3,41,Pre-Monsoon Sporadic,Irrigation required for dry season cultivation
lalitpur,undefined,2005,May,Spring (Baisakh–Jestha),88.4,14.0,53,Pre-Monsoon Thunderstorms,Prepare soil for paddy nurseries; thunder showers likely
bhaktapur,undefined,2005,June,Monsoon (Jestha–Asar),128.7,17.5,66,Monsoon Onset Phase,Transplant main season paddy; abundant rain
kavrepalanchok,undefined,2005,July,Monsoon (Asar–Shrawan),241.1,18.8,73,Peak Monsoon Phase,No irrigation needed; maintain field drainage
dhading,undefined,2005,August,Monsoon (Shrawan–Bhadra),188.4,17.5,84,Peak Monsoon Phase,High rainfall; manage field overflow and weeding
nuwakot,undefined,2005,September,Autumn (Bhadra–Asoj),117.5,14.7,69,Late Monsoon Retreat,Adequate soil moisture for grain filling
makwanpur,undefined,2005,October,Autumn (Asoj–Karthik),45.2,6.9,58,Post-Monsoon Autumn,Good window for harvesting paddy and sowing winter crops
sindhupalchok,undefined,2005,November,Autumn (Karthik–Mangsir),6.8,1.0,53,Post-Monsoon Dry,Residual moisture decreasing; prepare wheat sowing
dolakha,undefined,2005,December,Winter (Mangsir–Poush),10.2,-0.3,49,Early Winter Dry Period,First irrigation for germinating wheat & potato
ramechhap,undefined,2006,January,Winter (Poush–Magh),32.2,-2.3,52,Winter Dry Period,Critical: Supplemental irrigation required for wheat & mustard
sindhuli,undefined,2006,February,Winter (Magh–Falgun),25.3,2.4,47,Late Winter Dry,Moderate irrigation for winter crops
rasuwa,undefined,2006,March,Spring (Falgun–Chaitra),35.7,9.2,44,Pre-Monsoon Initiation,Light irrigation for spring maize & vegetables
gorkha,undefined,2006,April,Spring (Chaitra–Baisakh),49.0,8.2,40,Pre-Monsoon Sporadic,Irrigation required for dry season cultivation
kaski,undefined,2006,May,Spring (Baisakh–Jestha),112.4,14.7,56,Pre-Monsoon Thunderstorms,Prepare soil for paddy nurseries; thunder showers likely
tanahun,undefined,2006,June,Monsoon (Jestha–Asar),194.6,17.3,64,Monsoon Onset Phase,Transplant main season paddy; abundant rain
syangja,undefined,2006,July,Monsoon (Asar–Shrawan),152.3,18.8,74,Peak Monsoon Phase,No irrigation needed; maintain field drainage
lamjung,undefined,2006,August,Monsoon (Shrawan–Bhadra),215.5,15.5,74,Peak Monsoon Phase,High rainfall; manage field overflow and weeding
nawalpur,undefined,2006,September,Autumn (Bhadra–Asoj),120.6,14.3,65,Late Monsoon Retreat,Adequate soil moisture for grain filling
parbat,undefined,2006,October,Autumn (Asoj–Karthik),41.3,8.3,51,Post-Monsoon Autumn,Good window for harvesting paddy and sowing winter crops
baglung,undefined,2006,November,Autumn (Karthik–Mangsir),8.9,4.0,52,Post-Monsoon Dry,Residual moisture decreasing; prepare wheat sowing
myagdi,undefined,2006,December,Winter (Mangsir–Poush),12.0,-0.3,49,Early Winter Dry Period,First irrigation for germinating wheat & potato
mustang,undefined,2007,January,Winter (Poush–Magh),18.4,-1.0,50,Winter Dry Period,Critical: Supplemental irrigation required for wheat & mustard
manang,undefined,2007,February,Winter (Magh–Falgun),26.2,-0.3,53,Late Winter Dry,Moderate irrigation for winter crops
rupandehi,undefined,2007,March,Spring (Falgun–Chaitra),31.0,6.3,41,Pre-Monsoon Initiation,Light irrigation for spring maize & vegetables
kapilvastu,undefined,2007,April,Spring (Chaitra–Baisakh),39.4,9.2,33,Pre-Monsoon Sporadic,Irrigation required for dry season cultivation
nawalparasi west,undefined,2007,May,Spring (Baisakh–Jestha),88.7,14.3,63,Pre-Monsoon Thunderstorms,Prepare soil for paddy nurseries; thunder showers likely
palpa,undefined,2007,June,Monsoon (Jestha–Asar),136.1,15.9,65,Monsoon Onset Phase,Transplant main season paddy; abundant rain
gulmi,undefined,2007,July,Monsoon (Asar–Shrawan),248.8,17.4,80,Peak Monsoon Phase,No irrigation needed; maintain field drainage
arghakhanchi,undefined,2007,August,Monsoon (Shrawan–Bhadra),179.2,15.3,68,Peak Monsoon Phase,High rainfall; manage field overflow and weeding
dang,undefined,2007,September,Autumn (Bhadra–Asoj),80.0,13.4,68,Late Monsoon Retreat,Adequate soil moisture for grain filling
pyuthan,undefined,2007,October,Autumn (Asoj–Karthik),31.7,10.5,62,Post-Monsoon Autumn,Good window for harvesting paddy and sowing winter crops
rolpa,undefined,2007,November,Autumn (Karthik–Mangsir),8.5,1.8,49,Post-Monsoon Dry,Residual moisture decreasing; prepare wheat sowing
rukum east,undefined,2007,December,Winter (Mangsir–Poush),9.1,-0.8,47,Early Winter Dry Period,First irrigation for germinating wheat & potato
banke,undefined,2008,January,Winter (Poush–Magh),19.8,-2.5,47,Winter Dry Period,Critical: Supplemental irrigation required for wheat & mustard
bardiya,undefined,2008,February,Winter (Magh–Falgun),28.9,2.4,44,Late Winter Dry,Moderate irrigation for winter crops
surkhet,undefined,2008,March,Spring (Falgun–Chaitra),45.2,5.8,33,Pre-Monsoon Initiation,Light irrigation for spring maize & vegetables
dailekh,undefined,2008,April,Spring (Chaitra–Baisakh),50.7,10.0,43,Pre-Monsoon Sporadic,Irrigation required for dry season cultivation
jajarkot,undefined,2008,May,Spring (Baisakh–Jestha),51.2,16.7,54,Pre-Monsoon Thunderstorms,Prepare soil for paddy nurseries; thunder showers likely
rukum west,undefined,2008,June,Monsoon (Jestha–Asar),124.0,15.2,74,Monsoon Onset Phase,Transplant main season paddy; abundant rain
jumla,undefined,2008,July,Monsoon (Asar–Shrawan),213.5,17.0,68,Peak Monsoon Phase,No irrigation needed; maintain field drainage
kalikot,undefined,2008,August,Monsoon (Shrawan–Bhadra),199.0,16.7,78,Peak Monsoon Phase,High rainfall; manage field overflow and weeding
mugu,undefined,2008,September,Autumn (Bhadra–Asoj),94.8,12.2,71,Late Monsoon Retreat,Adequate soil moisture for grain filling
humla,undefined,2008,October,Autumn (Asoj–Karthik),40.3,7.1,62,Post-Monsoon Autumn,Good window for harvesting paddy and sowing winter crops
dolpa,undefined,2008,November,Autumn (Karthik–Mangsir),9.1,5.3,51,Post-Monsoon Dry,Residual moisture decreasing; prepare wheat sowing
kailali,undefined,2008,December,Winter (Mangsir–Poush),6.2,-0.2,54,Early Winter Dry Period,First irrigation for germinating wheat & potato
kanchanpur,undefined,2009,January,Winter (Poush–Magh),19.1,-2.5,49,Winter Dry Period,Critical: Supplemental irrigation required for wheat & mustard
doti,undefined,2009,February,Winter (Magh–Falgun),15.8,4.0,44,Late Winter Dry,Moderate irrigation for winter crops
achham,undefined,2009,March,Spring (Falgun–Chaitra),40.9,6.9,45,Pre-Monsoon Initiation,Light irrigation for spring maize & vegetables
dadeldhura,undefined,2009,April,Spring (Chaitra–Baisakh),50.9,10.7,38,Pre-Monsoon Sporadic,Irrigation required for dry season cultivation
baitadi,undefined,2009,May,Spring (Baisakh–Jestha),89.6,12.8,54,Pre-Monsoon Thunderstorms,Prepare soil for paddy nurseries; thunder showers likely
bajhang,undefined,2009,June,Monsoon (Jestha–Asar),133.6,18.5,68,Monsoon Onset Phase,Transplant main season paddy; abundant rain
bajura,undefined,2009,July,Monsoon (Asar–Shrawan),263.2,18.1,70,Peak Monsoon Phase,No irrigation needed; maintain field drainage
darchula,undefined,2009,August,Monsoon (Shrawan–Bhadra),182.9,17.8,76,Peak Monsoon Phase,High rainfall; manage field overflow and weeding
jhapa,undefined,2009,September,Autumn (Bhadra–Asoj),141.3,14.5,66,Late Monsoon Retreat,Adequate soil moisture for grain filling
morang,undefined,2009,October,Autumn (Asoj–Karthik),30.8,9.1,48,Post-Monsoon Autumn,Good window for harvesting paddy and sowing winter crops
sunsari,undefined,2009,November,Autumn (Karthik–Mangsir),11.3,4.5,56,Post-Monsoon Dry,Residual moisture decreasing; prepare wheat sowing
ilam,undefined,2009,December,Winter (Mangsir–Poush),7.6,1.5,58,Early Winter Dry Period,First irrigation for germinating wheat & potato
panchthar,undefined,2010,January,Winter (Poush–Magh),17.6,-1.1,50,Winter Dry Period,Critical: Supplemental irrigation required for wheat & mustard
taplejung,undefined,2010,February,Winter (Magh–Falgun),21.5,2.6,51,Late Winter Dry,Moderate irrigation for winter crops
dhankuta,undefined,2010,March,Spring (Falgun–Chaitra),34.6,8.4,33,Pre-Monsoon Initiation,Light irrigation for spring maize & vegetables
bhojpur,undefined,2010,April,Spring (Chaitra–Baisakh),37.2,11.2,42,Pre-Monsoon Sporadic,Irrigation required for dry season cultivation
terhathum,undefined,2010,May,Spring (Baisakh–Jestha),71.4,16.0,54,Pre-Monsoon Thunderstorms,Prepare soil for paddy nurseries; thunder showers likely
sankhuwasabha,undefined,2010,June,Monsoon (Jestha–Asar),180.6,16.9,70,Monsoon Onset Phase,Transplant main season paddy; abundant rain
solukhumbu,undefined,2010,July,Monsoon (Asar–Shrawan),224.0,20.5,74,Peak Monsoon Phase,No irrigation needed; maintain field drainage
khotang,undefined,2010,August,Monsoon (Shrawan–Bhadra),276.3,17.0,70,Peak Monsoon Phase,High rainfall; manage field overflow and weeding
okhaldhunga,undefined,2010,September,Autumn (Bhadra–Asoj),144.6,14.2,73,Late Monsoon Retreat,Adequate soil moisture for grain filling
udayapur,undefined,2010,October,Autumn (Asoj–Karthik),41.4,9.4,55,Post-Monsoon Autumn,Good window for harvesting paddy and sowing winter crops
saptari,undefined,2010,November,Autumn (Karthik–Mangsir),10.3,4.0,54,Post-Monsoon Dry,Residual moisture decreasing; prepare wheat sowing
siraha,undefined,2010,December,Winter (Mangsir–Poush),6.8,0.5,47,Early Winter Dry Period,First irrigation for germinating wheat & potato
dhanusha,undefined,2011,January,Winter (Poush–Magh),27.5,-1.3,50,Winter Dry Period,Critical: Supplemental irrigation required for wheat & mustard
mahottari,undefined,2011,February,Winter (Magh–Falgun),30.0,0.8,54,Late Winter Dry,Moderate irrigation for winter crops
sarlahi,undefined,2011,March,Spring (Falgun–Chaitra),49.4,7.5,46,Pre-Monsoon Initiation,Light irrigation for spring maize & vegetables
rautahat,undefined,2011,April,Spring (Chaitra–Baisakh),43.9,10.0,42,Pre-Monsoon Sporadic,Irrigation required for dry season cultivation
bara,undefined,2011,May,Spring (Baisakh–Jestha),85.2,14.5,54,Pre-Monsoon Thunderstorms,Prepare soil for paddy nurseries; thunder showers likely
parsa,undefined,2011,June,Monsoon (Jestha–Asar),167.4,15.8,70,Monsoon Onset Phase,Transplant main season paddy; abundant rain
chitwan,undefined,2011,July,Monsoon (Asar–Shrawan),271.1,18.2,82,Peak Monsoon Phase,No irrigation needed; maintain field drainage
kathmandu,undefined,2011,August,Monsoon (Shrawan–Bhadra),171.7,17.6,71,Peak Monsoon Phase,High rainfall; manage field overflow and weeding
lalitpur,undefined,2011,September,Autumn (Bhadra–Asoj),99.9,13.2,66,Late Monsoon Retreat,Adequate soil moisture for grain filling
bhaktapur,undefined,2011,October,Autumn (Asoj–Karthik),32.1,8.7,61,Post-Monsoon Autumn,Good window for harvesting paddy and sowing winter crops
kavrepalanchok,undefined,2011,November,Autumn (Karthik–Mangsir),8.6,2.1,56,Post-Monsoon Dry,Residual moisture decreasing; prepare wheat sowing
dhading,undefined,2011,December,Winter (Mangsir–Poush),8.7,-0.1,51,Early Winter Dry Period,First irrigation for germinating wheat & potato
nuwakot,undefined,2012,January,Winter (Poush–Magh),22.7,-0.7,51,Winter Dry Period,Critical: Supplemental irrigation required for wheat & mustard
makwanpur,undefined,2012,February,Winter (Magh–Falgun),24.4,4.6,48,Late Winter Dry,Moderate irrigation for winter crops
sindhupalchok,undefined,2012,March,Spring (Falgun–Chaitra),37.2,8.2,40,Pre-Monsoon Initiation,Light irrigation for spring maize & vegetables
dolakha,undefined,2012,April,Spring (Chaitra–Baisakh),50.9,14.0,40,Pre-Monsoon Sporadic,Irrigation required for dry season cultivation
ramechhap,undefined,2012,May,Spring (Baisakh–Jestha),76.2,15.1,56,Pre-Monsoon Thunderstorms,Prepare soil for paddy nurseries; thunder showers likely
sindhuli,undefined,2012,June,Monsoon (Jestha–Asar),123.8,14.6,65,Monsoon Onset Phase,Transplant main season paddy; abundant rain
rasuwa,undefined,2012,July,Monsoon (Asar–Shrawan),181.2,17.5,80,Peak Monsoon Phase,No irrigation needed; maintain field drainage
gorkha,undefined,2012,August,Monsoon (Shrawan–Bhadra),181.9,15.3,76,Peak Monsoon Phase,High rainfall; manage field overflow and weeding
kaski,undefined,2012,September,Autumn (Bhadra–Asoj),135.5,12.0,73,Late Monsoon Retreat,Adequate soil moisture for grain filling
tanahun,undefined,2012,October,Autumn (Asoj–Karthik),39.3,10.1,62,Post-Monsoon Autumn,Good window for harvesting paddy and sowing winter crops
syangja,undefined,2012,November,Autumn (Karthik–Mangsir),12.0,3.6,52,Post-Monsoon Dry,Residual moisture decreasing; prepare wheat sowing
lamjung,undefined,2012,December,Winter (Mangsir–Poush),9.4,0.0,56,Early Winter Dry Period,First irrigation for germinating wheat & potato
nawalpur,undefined,2013,January,Winter (Poush–Magh),17.6,-3.0,55,Winter Dry Period,Critical: Supplemental irrigation required for wheat & mustard
parbat,undefined,2013,February,Winter (Magh–Falgun),32.3,1.6,51,Late Winter Dry,Moderate irrigation for winter crops
baglung,undefined,2013,March,Spring (Falgun–Chaitra),39.9,8.8,40,Pre-Monsoon Initiation,Light irrigation for spring maize & vegetables
myagdi,undefined,2013,April,Spring (Chaitra–Baisakh),55.4,14.2,44,Pre-Monsoon Sporadic,Irrigation required for dry season cultivation
mustang,undefined,2013,May,Spring (Baisakh–Jestha),80.6,15.9,50,Pre-Monsoon Thunderstorms,Prepare soil for paddy nurseries; thunder showers likely
manang,undefined,2013,June,Monsoon (Jestha–Asar),217.3,17.2,66,Monsoon Onset Phase,Transplant main season paddy; abundant rain
rupandehi,undefined,2013,July,Monsoon (Asar–Shrawan),209.9,19.3,81,Peak Monsoon Phase,No irrigation needed; maintain field drainage
kapilvastu,undefined,2013,August,Monsoon (Shrawan–Bhadra),194.3,17.7,69,Peak Monsoon Phase,High rainfall; manage field overflow and weeding
nawalparasi west,undefined,2013,September,Autumn (Bhadra–Asoj),123.3,14.5,76,Late Monsoon Retreat,Adequate soil moisture for grain filling
palpa,undefined,2013,October,Autumn (Asoj–Karthik),31.0,7.5,54,Post-Monsoon Autumn,Good window for harvesting paddy and sowing winter crops
gulmi,undefined,2013,November,Autumn (Karthik–Mangsir),7.2,5.6,58,Post-Monsoon Dry,Residual moisture decreasing; prepare wheat sowing
arghakhanchi,undefined,2013,December,Winter (Mangsir–Poush),10.5,1.5,50,Early Winter Dry Period,First irrigation for germinating wheat & potato
dang,undefined,2014,January,Winter (Poush–Magh),21.7,-2.4,48,Winter Dry Period,Critical: Supplemental irrigation required for wheat & mustard
pyuthan,undefined,2014,February,Winter (Magh–Falgun),21.5,2.3,47,Late Winter Dry,Moderate irrigation for winter crops
rolpa,undefined,2014,March,Spring (Falgun–Chaitra),42.2,7.1,39,Pre-Monsoon Initiation,Light irrigation for spring maize & vegetables
rukum east,undefined,2014,April,Spring (Chaitra–Baisakh),41.7,11.1,44,Pre-Monsoon Sporadic,Irrigation required for dry season cultivation
banke,undefined,2014,May,Spring (Baisakh–Jestha),66.3,15.1,52,Pre-Monsoon Thunderstorms,Prepare soil for paddy nurseries; thunder showers likely
bardiya,undefined,2014,June,Monsoon (Jestha–Asar),142.8,16.3,68,Monsoon Onset Phase,Transplant main season paddy; abundant rain
surkhet,undefined,2014,July,Monsoon (Asar–Shrawan),199.2,18.4,74,Peak Monsoon Phase,No irrigation needed; maintain field drainage
dailekh,undefined,2014,August,Monsoon (Shrawan–Bhadra),243.5,19.8,72,Peak Monsoon Phase,High rainfall; manage field overflow and weeding
jajarkot,undefined,2014,September,Autumn (Bhadra–Asoj),129.6,13.1,74,Late Monsoon Retreat,Adequate soil moisture for grain filling
rukum west,undefined,2014,October,Autumn (Asoj–Karthik),28.4,9.6,54,Post-Monsoon Autumn,Good window for harvesting paddy and sowing winter crops
jumla,undefined,2014,November,Autumn (Karthik–Mangsir),8.7,2.8,55,Post-Monsoon Dry,Residual moisture decreasing; prepare wheat sowing
kalikot,undefined,2014,December,Winter (Mangsir–Poush),8.7,0.7,48,Early Winter Dry Period,First irrigation for germinating wheat & potato
mugu,undefined,2015,January,Winter (Poush–Magh),21.6,-1.8,46,Winter Dry Period,Critical: Supplemental irrigation required for wheat & mustard
humla,undefined,2015,February,Winter (Magh–Falgun),28.9,3.8,44,Late Winter Dry,Moderate irrigation for winter crops
dolpa,undefined,2015,March,Spring (Falgun–Chaitra),44.7,8.8,36,Pre-Monsoon Initiation,Light irrigation for spring maize & vegetables
kailali,undefined,2015,April,Spring (Chaitra–Baisakh),37.5,11.4,39,Pre-Monsoon Sporadic,Irrigation required for dry season cultivation
kanchanpur,undefined,2015,May,Spring (Baisakh–Jestha),102.4,15.0,48,Pre-Monsoon Thunderstorms,Prepare soil for paddy nurseries; thunder showers likely
doti,undefined,2015,June,Monsoon (Jestha–Asar),132.5,18.3,65,Monsoon Onset Phase,Transplant main season paddy; abundant rain
achham,undefined,2015,July,Monsoon (Asar–Shrawan),241.6,19.1,76,Peak Monsoon Phase,No irrigation needed; maintain field drainage
dadeldhura,undefined,2015,August,Monsoon (Shrawan–Bhadra),208.6,17.0,78,Peak Monsoon Phase,High rainfall; manage field overflow and weeding
baitadi,undefined,2015,September,Autumn (Bhadra–Asoj),130.6,13.7,70,Late Monsoon Retreat,Adequate soil moisture for grain filling
bajhang,undefined,2015,October,Autumn (Asoj–Karthik),33.0,7.2,59,Post-Monsoon Autumn,Good window for harvesting paddy and sowing winter crops
bajura,undefined,2015,November,Autumn (Karthik–Mangsir),11.6,2.9,48,Post-Monsoon Dry,Residual moisture decreasing; prepare wheat sowing
darchula,undefined,2015,December,Winter (Mangsir–Poush),8.7,0.9,51,Early Winter Dry Period,First irrigation for germinating wheat & potato
jhapa,undefined,2016,January,Winter (Poush–Magh),21.5,-3.1,50,Winter Dry Period,Critical: Supplemental irrigation required for wheat & mustard
morang,undefined,2016,February,Winter (Magh–Falgun),21.4,2.2,51,Late Winter Dry,Moderate irrigation for winter crops
sunsari,undefined,2016,March,Spring (Falgun–Chaitra),30.9,5.2,46,Pre-Monsoon Initiation,Light irrigation for spring maize & vegetables
ilam,undefined,2016,April,Spring (Chaitra–Baisakh),43.6,12.4,41,Pre-Monsoon Sporadic,Irrigation required for dry season cultivation
panchthar,undefined,2016,May,Spring (Baisakh–Jestha),78.1,15.5,48,Pre-Monsoon Thunderstorms,Prepare soil for paddy nurseries; thunder showers likely
taplejung,undefined,2016,June,Monsoon (Jestha–Asar),163.2,16.5,62,Monsoon Onset Phase,Transplant main season paddy; abundant rain
dhankuta,undefined,2016,July,Monsoon (Asar–Shrawan),252.1,17.7,77,Peak Monsoon Phase,No irrigation needed; maintain field drainage
bhojpur,undefined,2016,August,Monsoon (Shrawan–Bhadra),171.9,18.9,79,Peak Monsoon Phase,High rainfall; manage field overflow and weeding
terhathum,undefined,2016,September,Autumn (Bhadra–Asoj),137.4,13.6,63,Late Monsoon Retreat,Adequate soil moisture for grain filling
sankhuwasabha,undefined,2016,October,Autumn (Asoj–Karthik),45.3,8.9,55,Post-Monsoon Autumn,Good window for harvesting paddy and sowing winter crops
solukhumbu,undefined,2016,November,Autumn (Karthik–Mangsir),9.6,5.4,51,Post-Monsoon Dry,Residual moisture decreasing; prepare wheat sowing
khotang,undefined,2016,December,Winter (Mangsir–Poush),11.9,1.3,45,Early Winter Dry Period,First irrigation for germinating wheat & potato
okhaldhunga,undefined,2017,January,Winter (Poush–Magh),19.8,-0.9,39,Winter Dry Period,Critical: Supplemental irrigation required for wheat & mustard
udayapur,undefined,2017,February,Winter (Magh–Falgun),27.4,0.3,46,Late Winter Dry,Moderate irrigation for winter crops
saptari,undefined,2017,March,Spring (Falgun–Chaitra),36.3,6.6,37,Pre-Monsoon Initiation,Light irrigation for spring maize & vegetables
siraha,undefined,2017,April,Spring (Chaitra–Baisakh),40.1,13.8,49,Pre-Monsoon Sporadic,Irrigation required for dry season cultivation
dhanusha,undefined,2017,May,Spring (Baisakh–Jestha),66.1,16.9,50,Pre-Monsoon Thunderstorms,Prepare soil for paddy nurseries; thunder showers likely
mahottari,undefined,2017,June,Monsoon (Jestha–Asar),163.1,16.9,65,Monsoon Onset Phase,Transplant main season paddy; abundant rain
sarlahi,undefined,2017,July,Monsoon (Asar–Shrawan),275.4,18.2,76,Peak Monsoon Phase,No irrigation needed; maintain field drainage
rautahat,undefined,2017,August,Monsoon (Shrawan–Bhadra),168.9,15.9,69,Peak Monsoon Phase,High rainfall; manage field overflow and weeding
bara,undefined,2017,September,Autumn (Bhadra–Asoj),120.2,12.6,68,Late Monsoon Retreat,Adequate soil moisture for grain filling
parsa,undefined,2017,October,Autumn (Asoj–Karthik),42.2,10.4,57,Post-Monsoon Autumn,Good window for harvesting paddy and sowing winter crops
chitwan,undefined,2017,November,Autumn (Karthik–Mangsir),8.9,6.3,54,Post-Monsoon Dry,Residual moisture decreasing; prepare wheat sowing
kathmandu,undefined,2017,December,Winter (Mangsir–Poush),9.5,-1.7,51,Early Winter Dry Period,First irrigation for germinating wheat & potato
lalitpur,undefined,2018,January,Winter (Poush–Magh),24.7,-2.8,51,Winter Dry Period,Critical: Supplemental irrigation required for wheat & mustard
bhaktapur,undefined,2018,February,Winter (Magh–Falgun),26.5,1.8,38,Late Winter Dry,Moderate irrigation for winter crops
kavrepalanchok,undefined,2018,March,Spring (Falgun–Chaitra),36.7,8.2,37,Pre-Monsoon Initiation,Light irrigation for spring maize & vegetables
dhading,undefined,2018,April,Spring (Chaitra–Baisakh),48.4,10.1,43,Pre-Monsoon Sporadic,Irrigation required for dry season cultivation
nuwakot,undefined,2018,May,Spring (Baisakh–Jestha),77.4,13.9,57,Pre-Monsoon Thunderstorms,Prepare soil for paddy nurseries; thunder showers likely
makwanpur,undefined,2018,June,Monsoon (Jestha–Asar),182.3,16.3,69,Monsoon Onset Phase,Transplant main season paddy; abundant rain
sindhupalchok,undefined,2018,July,Monsoon (Asar–Shrawan),259.3,18.8,71,Peak Monsoon Phase,No irrigation needed; maintain field drainage
dolakha,undefined,2018,August,Monsoon (Shrawan–Bhadra),241.7,16.3,74,Peak Monsoon Phase,High rainfall; manage field overflow and weeding
ramechhap,undefined,2018,September,Autumn (Bhadra–Asoj),167.5,14.4,68,Late Monsoon Retreat,Adequate soil moisture for grain filling
sindhuli,undefined,2018,October,Autumn (Asoj–Karthik),23.4,10.7,52,Post-Monsoon Autumn,Good window for harvesting paddy and sowing winter crops
rasuwa,undefined,2018,November,Autumn (Karthik–Mangsir),7.6,3.6,57,Post-Monsoon Dry,Residual moisture decreasing; prepare wheat sowing
gorkha,undefined,2018,December,Winter (Mangsir–Poush),11.2,-0.2,51,Early Winter Dry Period,First irrigation for germinating wheat & potato
kaski,undefined,2019,January,Winter (Poush–Magh),20.0,-1.8,50,Winter Dry Period,Critical: Supplemental irrigation required for wheat & mustard
tanahun,undefined,2019,February,Winter (Magh–Falgun),32.1,3.2,49,Late Winter Dry,Moderate irrigation for winter crops
syangja,undefined,2019,March,Spring (Falgun–Chaitra),35.9,7.9,39,Pre-Monsoon Initiation,Light irrigation for spring maize & vegetables
lamjung,undefined,2019,April,Spring (Chaitra–Baisakh),40.2,10.5,42,Pre-Monsoon Sporadic,Irrigation required for dry season cultivation
nawalpur,undefined,2019,May,Spring (Baisakh–Jestha),90.9,14.8,47,Pre-Monsoon Thunderstorms,Prepare soil for paddy nurseries; thunder showers likely
parbat,undefined,2019,June,Monsoon (Jestha–Asar),161.4,17.1,68,Monsoon Onset Phase,Transplant main season paddy; abundant rain
baglung,undefined,2019,July,Monsoon (Asar–Shrawan),273.1,19.2,75,Peak Monsoon Phase,No irrigation needed; maintain field drainage
myagdi,undefined,2019,August,Monsoon (Shrawan–Bhadra),190.6,15.8,78,Peak Monsoon Phase,High rainfall; manage field overflow and weeding
mustang,undefined,2019,September,Autumn (Bhadra–Asoj),146.1,13.6,69,Late Monsoon Retreat,Adequate soil moisture for grain filling
manang,undefined,2019,October,Autumn (Asoj–Karthik),42.7,9.6,59,Post-Monsoon Autumn,Good window for harvesting paddy and sowing winter crops
rupandehi,undefined,2019,November,Autumn (Karthik–Mangsir),7.4,4.8,48,Post-Monsoon Dry,Residual moisture decreasing; prepare wheat sowing
kapilvastu,undefined,2019,December,Winter (Mangsir–Poush),8.3,-0.4,47,Early Winter Dry Period,First irrigation for germinating wheat & potato
nawalparasi west,undefined,2020,January,Winter (Poush–Magh),21.3,-3.7,53,Winter Dry Period,Critical: Supplemental irrigation required for wheat & mustard
palpa,undefined,2020,February,Winter (Magh–Falgun),32.7,-0.3,51,Late Winter Dry,Moderate irrigation for winter crops
gulmi,undefined,2020,March,Spring (Falgun–Chaitra),33.4,8.0,39,Pre-Monsoon Initiation,Light irrigation for spring maize & vegetables
arghakhanchi,undefined,2020,April,Spring (Chaitra–Baisakh),48.2,10.8,46,Pre-Monsoon Sporadic,Irrigation required for dry season cultivation
dang,undefined,2020,May,Spring (Baisakh–Jestha),65.1,15.7,56,Pre-Monsoon Thunderstorms,Prepare soil for paddy nurseries; thunder showers likely
pyuthan,undefined,2020,June,Monsoon (Jestha–Asar),177.2,19.8,65,Monsoon Onset Phase,Transplant main season paddy; abundant rain
rolpa,undefined,2020,July,Monsoon (Asar–Shrawan),274.5,17.9,82,Peak Monsoon Phase,No irrigation needed; maintain field drainage
rukum east,undefined,2020,August,Monsoon (Shrawan–Bhadra),209.8,16.5,81,Peak Monsoon Phase,High rainfall; manage field overflow and weeding
banke,undefined,2020,September,Autumn (Bhadra–Asoj),111.2,12.3,67,Late Monsoon Retreat,Adequate soil moisture for grain filling
bardiya,undefined,2020,October,Autumn (Asoj–Karthik),38.2,10.7,58,Post-Monsoon Autumn,Good window for harvesting paddy and sowing winter crops
surkhet,undefined,2020,November,Autumn (Karthik–Mangsir),10.8,2.4,50,Post-Monsoon Dry,Residual moisture decreasing; prepare wheat sowing
dailekh,undefined,2020,December,Winter (Mangsir–Poush),9.6,-0.1,50,Early Winter Dry Period,First irrigation for germinating wheat & potato
jajarkot,undefined,2021,January,Winter (Poush–Magh),24.3,-2.5,50,Winter Dry Period,Critical: Supplemental irrigation required for wheat & mustard
rukum west,undefined,2021,February,Winter (Magh–Falgun),27.8,0.9,47,Late Winter Dry,Moderate irrigation for winter crops
jumla,undefined,2021,March,Spring (Falgun–Chaitra),37.2,6.8,40,Pre-Monsoon Initiation,Light irrigation for spring maize & vegetables
kalikot,undefined,2021,April,Spring (Chaitra–Baisakh),48.5,10.5,47,Pre-Monsoon Sporadic,Irrigation required for dry season cultivation
mugu,undefined,2021,May,Spring (Baisakh–Jestha),66.0,14.1,63,Pre-Monsoon Thunderstorms,Prepare soil for paddy nurseries; thunder showers likely
humla,undefined,2021,June,Monsoon (Jestha–Asar),135.1,15.4,70,Monsoon Onset Phase,Transplant main season paddy; abundant rain
dolpa,undefined,2021,July,Monsoon (Asar–Shrawan),165.2,17.7,86,Peak Monsoon Phase,No irrigation needed; maintain field drainage
kailali,undefined,2021,August,Monsoon (Shrawan–Bhadra),161.3,14.6,70,Peak Monsoon Phase,High rainfall; manage field overflow and weeding
kanchanpur,undefined,2021,September,Autumn (Bhadra–Asoj),136.2,15.3,67,Late Monsoon Retreat,Adequate soil moisture for grain filling
doti,undefined,2021,October,Autumn (Asoj–Karthik),38.6,10.7,65,Post-Monsoon Autumn,Good window for harvesting paddy and sowing winter crops
achham,undefined,2021,November,Autumn (Karthik–Mangsir),8.7,1.2,48,Post-Monsoon Dry,Residual moisture decreasing; prepare wheat sowing
dadeldhura,undefined,2021,December,Winter (Mangsir–Poush),9.4,-0.3,49,Early Winter Dry Period,First irrigation for germinating wheat & potato
baitadi,undefined,2022,January,Winter (Poush–Magh),25.7,-0.5,49,Winter Dry Period,Critical: Supplemental irrigation required for wheat & mustard
bajhang,undefined,2022,February,Winter (Magh–Falgun),32.6,2.4,48,Late Winter Dry,Moderate irrigation for winter crops
bajura,undefined,2022,March,Spring (Falgun–Chaitra),43.2,7.1,48,Pre-Monsoon Initiation,Light irrigation for spring maize & vegetables
darchula,undefined,2022,April,Spring (Chaitra–Baisakh),37.6,10.4,41,Pre-Monsoon Sporadic,Irrigation required for dry season cultivation
jhapa,undefined,2022,May,Spring (Baisakh–Jestha),85.3,16.5,51,Pre-Monsoon Thunderstorms,Prepare soil for paddy nurseries; thunder showers likely
morang,undefined,2022,June,Monsoon (Jestha–Asar),125.9,18.0,71,Monsoon Onset Phase,Transplant main season paddy; abundant rain
sunsari,undefined,2022,July,Monsoon (Asar–Shrawan),170.1,18.0,71,Peak Monsoon Phase,No irrigation needed; maintain field drainage
ilam,undefined,2022,August,Monsoon (Shrawan–Bhadra),189.1,15.9,79,Peak Monsoon Phase,High rainfall; manage field overflow and weeding
panchthar,undefined,2022,September,Autumn (Bhadra–Asoj),122.1,12.5,73,Late Monsoon Retreat,Adequate soil moisture for grain filling
taplejung,undefined,2022,October,Autumn (Asoj–Karthik),27.5,9.4,54,Post-Monsoon Autumn,Good window for harvesting paddy and sowing winter crops
dhankuta,undefined,2022,November,Autumn (Karthik–Mangsir),8.5,4.6,54,Post-Monsoon Dry,Residual moisture decreasing; prepare wheat sowing
bhojpur,undefined,2022,December,Winter (Mangsir–Poush),12.0,-0.1,51,Early Winter Dry Period,First irrigation for germinating wheat & potato
terhathum,undefined,2023,January,Winter (Poush–Magh),20.6,-1.8,51,Winter Dry Period,Critical: Supplemental irrigation required for wheat & mustard
sankhuwasabha,undefined,2023,February,Winter (Magh–Falgun),27.6,-0.2,49,Late Winter Dry,Moderate irrigation for winter crops
solukhumbu,undefined,2023,March,Spring (Falgun–Chaitra),40.1,6.2,34,Pre-Monsoon Initiation,Light irrigation for spring maize & vegetables
khotang,undefined,2023,April,Spring (Chaitra–Baisakh),58.6,11.6,41,Pre-Monsoon Sporadic,Irrigation required for dry season cultivation
okhaldhunga,undefined,2023,May,Spring (Baisakh–Jestha),66.4,14.0,57,Pre-Monsoon Thunderstorms,Prepare soil for paddy nurseries; thunder showers likely
udayapur,undefined,2023,June,Monsoon (Jestha–Asar),163.3,16.3,70,Monsoon Onset Phase,Transplant main season paddy; abundant rain
saptari,undefined,2023,July,Monsoon (Asar–Shrawan),210.7,19.8,83,Peak Monsoon Phase,No irrigation needed; maintain field drainage
siraha,undefined,2023,August,Monsoon (Shrawan–Bhadra),195.3,16.2,65,Peak Monsoon Phase,High rainfall; manage field overflow and weeding
dhanusha,undefined,2023,September,Autumn (Bhadra–Asoj),93.3,12.4,70,Late Monsoon Retreat,Adequate soil moisture for grain filling
mahottari,undefined,2023,October,Autumn (Asoj–Karthik),33.3,7.4,56,Post-Monsoon Autumn,Good window for harvesting paddy and sowing winter crops
sarlahi,undefined,2023,November,Autumn (Karthik–Mangsir),9.7,4.6,44,Post-Monsoon Dry,Residual moisture decreasing; prepare wheat sowing
rautahat,undefined,2023,December,Winter (Mangsir–Poush),9.8,-1.7,53,Early Winter Dry Period,First irrigation for germinating wheat & potato
bara,undefined,2024,January,Winter (Poush–Magh),24.6,-3.1,46,Winter Dry Period,Critical: Supplemental irrigation required for wheat & mustard
parsa,undefined,2024,February,Winter (Magh–Falgun),26.1,-0.7,49,Late Winter Dry,Moderate irrigation for winter crops
chitwan,undefined,2024,March,Spring (Falgun–Chaitra),36.4,8.2,35,Pre-Monsoon Initiation,Light irrigation for spring maize & vegetables
kathmandu,undefined,2024,April,Spring (Chaitra–Baisakh),43.5,9.2,37,Pre-Monsoon Sporadic,Irrigation required for dry season cultivation
lalitpur,undefined,2024,May,Spring (Baisakh–Jestha),65.8,16.2,49,Pre-Monsoon Thunderstorms,Prepare soil for paddy nurseries; thunder showers likely
bhaktapur,undefined,2024,June,Monsoon (Jestha–Asar),163.0,16.5,62,Monsoon Onset Phase,Transplant main season paddy; abundant rain
kavrepalanchok,undefined,2024,July,Monsoon (Asar–Shrawan),233.9,18.7,73,Peak Monsoon Phase,No irrigation needed; maintain field drainage
dhading,undefined,2024,August,Monsoon (Shrawan–Bhadra),235.5,16.0,74,Peak Monsoon Phase,High rainfall; manage field overflow and weeding
nuwakot,undefined,2024,September,Autumn (Bhadra–Asoj),129.6,13.2,70,Late Monsoon Retreat,Adequate soil moisture for grain filling
makwanpur,undefined,2024,October,Autumn (Asoj–Karthik),33.3,9.2,48,Post-Monsoon Autumn,Good window for harvesting paddy and sowing winter crops
sindhupalchok,undefined,2024,November,Autumn (Karthik–Mangsir),6.5,4.7,56,Post-Monsoon Dry,Residual moisture decreasing; prepare wheat sowing
dolakha,undefined,2024,December,Winter (Mangsir–Poush),8.6,-0.3,51,Early Winter Dry Period,First irrigation for germinating wheat & potato
ramechhap,undefined,1995,January,Winter (Poush–Magh),24.3,-4.4,46,Winter Dry Period,Critical: Supplemental irrigation required for wheat & mustard
sindhuli,undefined,1995,February,Winter (Magh–Falgun),26.6,2.8,57,Late Winter Dry,Moderate irrigation for winter crops
rasuwa,undefined,1995,March,Spring (Falgun–Chaitra),36.7,5.3,41,Pre-Monsoon Initiation,Light irrigation for spring maize & vegetables
gorkha,undefined,1995,April,Spring (Chaitra–Baisakh),57.5,11.1,38,Pre-Monsoon Sporadic,Irrigation required for dry season cultivation
kaski,undefined,1995,May,Spring (Baisakh–Jestha),91.5,15.8,47,Pre-Monsoon Thunderstorms,Prepare soil for paddy nurseries; thunder showers likely
tanahun,undefined,1995,June,Monsoon (Jestha–Asar),169.2,18.2,72,Monsoon Onset Phase,Transplant main season paddy; abundant rain
syangja,undefined,1995,July,Monsoon (Asar–Shrawan),237.6,17.6,82,Peak Monsoon Phase,No irrigation needed; maintain field drainage
lamjung,undefined,1995,August,Monsoon (Shrawan–Bhadra),171.9,17.5,70,Peak Monsoon Phase,High rainfall; manage field overflow and weeding
nawalpur,undefined,1995,September,Autumn (Bhadra–Asoj),139.2,13.7,75,Late Monsoon Retreat,Adequate soil moisture for grain filling
parbat,undefined,1995,October,Autumn (Asoj–Karthik),37.6,7.5,63,Post-Monsoon Autumn,Good window for harvesting paddy and sowing winter crops
baglung,undefined,1995,November,Autumn (Karthik–Mangsir),11.1,5.1,48,Post-Monsoon Dry,Residual moisture decreasing; prepare wheat sowing
myagdi,undefined,1995,December,Winter (Mangsir–Poush),9.5,0.2,47,Early Winter Dry Period,First irrigation for germinating wheat & potato
mustang,undefined,1996,January,Winter (Poush–Magh),27.6,-1.8,39,Winter Dry Period,Critical: Supplemental irrigation required for wheat & mustard
manang,undefined,1996,February,Winter (Magh–Falgun),29.4,1.6,47,Late Winter Dry,Moderate irrigation for winter crops
rupandehi,undefined,1996,March,Spring (Falgun–Chaitra),35.9,8.0,44,Pre-Monsoon Initiation,Light irrigation for spring maize & vegetables
kapilvastu,undefined,1996,April,Spring (Chaitra–Baisakh),50.0,10.6,41,Pre-Monsoon Sporadic,Irrigation required for dry season cultivation
nawalparasi west,undefined,1996,May,Spring (Baisakh–Jestha),80.2,14.0,54,Pre-Monsoon Thunderstorms,Prepare soil for paddy nurseries; thunder showers likely
palpa,undefined,1996,June,Monsoon (Jestha–Asar),171.0,18.8,73,Monsoon Onset Phase,Transplant main season paddy; abundant rain
gulmi,undefined,1996,July,Monsoon (Asar–Shrawan),215.3,19.0,74,Peak Monsoon Phase,No irrigation needed; maintain field drainage
arghakhanchi,undefined,1996,August,Monsoon (Shrawan–Bhadra),231.9,16.4,71,Peak Monsoon Phase,High rainfall; manage field overflow and weeding
dang,undefined,1996,September,Autumn (Bhadra–Asoj),125.0,10.8,62,Late Monsoon Retreat,Adequate soil moisture for grain filling
pyuthan,undefined,1996,October,Autumn (Asoj–Karthik),34.1,9.1,56,Post-Monsoon Autumn,Good window for harvesting paddy and sowing winter crops
rolpa,undefined,1996,November,Autumn (Karthik–Mangsir),6.9,3.0,53,Post-Monsoon Dry,Residual moisture decreasing; prepare wheat sowing
rukum east,undefined,1996,December,Winter (Mangsir–Poush),10.9,-0.0,54,Early Winter Dry Period,First irrigation for germinating wheat & potato
banke,undefined,1997,January,Winter (Poush–Magh),23.3,-2.9,48,Winter Dry Period,Critical: Supplemental irrigation required for wheat & mustard
bardiya,undefined,1997,February,Winter (Magh–Falgun),22.1,1.9,52,Late Winter Dry,Moderate irrigation for winter crops
surkhet,undefined,1997,March,Spring (Falgun–Chaitra),41.9,8.7,38,Pre-Monsoon Initiation,Light irrigation for spring maize & vegetables
dailekh,undefined,1997,April,Spring (Chaitra–Baisakh),57.7,10.8,47,Pre-Monsoon Sporadic,Irrigation required for dry season cultivation
jajarkot,undefined,1997,May,Spring (Baisakh–Jestha),79.7,15.8,57,Pre-Monsoon Thunderstorms,Prepare soil for paddy nurseries; thunder showers likely
rukum west,undefined,1997,June,Monsoon (Jestha–Asar),155.4,17.3,73,Monsoon Onset Phase,Transplant main season paddy; abundant rain
jumla,undefined,1997,July,Monsoon (Asar–Shrawan),235.2,16.4,86,Peak Monsoon Phase,No irrigation needed; maintain field drainage
kalikot,undefined,1997,August,Monsoon (Shrawan–Bhadra),195.2,17.2,80,Peak Monsoon Phase,High rainfall; manage field overflow and weeding
mugu,undefined,1997,September,Autumn (Bhadra–Asoj),109.0,12.8,71,Late Monsoon Retreat,Adequate soil moisture for grain filling
humla,undefined,1997,October,Autumn (Asoj–Karthik),25.6,8.7,58,Post-Monsoon Autumn,Good window for harvesting paddy and sowing winter crops
dolpa,undefined,1997,November,Autumn (Karthik–Mangsir),8.6,2.1,58,Post-Monsoon Dry,Residual moisture decreasing; prepare wheat sowing
kailali,undefined,1997,December,Winter (Mangsir–Poush),10.2,1.7,48,Early Winter Dry Period,First irrigation for germinating wheat & potato
kanchanpur,undefined,1998,January,Winter (Poush–Magh),19.1,-1.7,49,Winter Dry Period,Critical: Supplemental irrigation required for wheat & mustard
doti,undefined,1998,February,Winter (Magh–Falgun),23.1,3.8,45,Late Winter Dry,Moderate irrigation for winter crops
achham,undefined,1998,March,Spring (Falgun–Chaitra),27.5,8.6,37,Pre-Monsoon Initiation,Light irrigation for spring maize & vegetables
dadeldhura,undefined,1998,April,Spring (Chaitra–Baisakh),43.6,8.9,48,Pre-Monsoon Sporadic,Irrigation required for dry season cultivation
baitadi,undefined,1998,May,Spring (Baisakh–Jestha),64.5,15.1,55,Pre-Monsoon Thunderstorms,Prepare soil for paddy nurseries; thunder showers likely
bajhang,undefined,1998,June,Monsoon (Jestha–Asar),170.1,16.9,61,Monsoon Onset Phase,Transplant main season paddy; abundant rain
bajura,undefined,1998,July,Monsoon (Asar–Shrawan),210.8,18.2,74,Peak Monsoon Phase,No irrigation needed; maintain field drainage
darchula,undefined,1998,August,Monsoon (Shrawan–Bhadra),216.4,17.8,79,Peak Monsoon Phase,High rainfall; manage field overflow and weeding
jhapa,undefined,1998,September,Autumn (Bhadra–Asoj),97.9,16.6,73,Late Monsoon Retreat,Adequate soil moisture for grain filling
morang,undefined,1998,October,Autumn (Asoj–Karthik),35.0,10.3,67,Post-Monsoon Autumn,Good window for harvesting paddy and sowing winter crops
sunsari,undefined,1998,November,Autumn (Karthik–Mangsir),7.1,3.7,42,Post-Monsoon Dry,Residual moisture decreasing; prepare wheat sowing
ilam,undefined,1998,December,Winter (Mangsir–Poush),10.3,0.4,49,Early Winter Dry Period,First irrigation for germinating wheat & potato
panchthar,undefined,1999,January,Winter (Poush–Magh),19.8,-4.5,51,Winter Dry Period,Critical: Supplemental irrigation required for wheat & mustard
taplejung,undefined,1999,February,Winter (Magh–Falgun),34.1,1.3,49,Late Winter Dry,Moderate irrigation for winter crops
dhankuta,undefined,1999,March,Spring (Falgun–Chaitra),29.1,7.5,38,Pre-Monsoon Initiation,Light irrigation for spring maize & vegetables
bhojpur,undefined,1999,April,Spring (Chaitra–Baisakh),42.5,10.1,40,Pre-Monsoon Sporadic,Irrigation required for dry season cultivation
terhathum,undefined,1999,May,Spring (Baisakh–Jestha),84.6,13.4,50,Pre-Monsoon Thunderstorms,Prepare soil for paddy nurseries; thunder showers likely
sankhuwasabha,undefined,1999,June,Monsoon (Jestha–Asar),159.0,15.7,75,Monsoon Onset Phase,Transplant main season paddy; abundant rain
solukhumbu,undefined,1999,July,Monsoon (Asar–Shrawan),209.3,17.2,74,Peak Monsoon Phase,No irrigation needed; maintain field drainage
khotang,undefined,1999,August,Monsoon (Shrawan–Bhadra),266.7,17.7,72,Peak Monsoon Phase,High rainfall; manage field overflow and weeding
okhaldhunga,undefined,1999,September,Autumn (Bhadra–Asoj),139.9,14.2,71,Late Monsoon Retreat,Adequate soil moisture for grain filling
udayapur,undefined,1999,October,Autumn (Asoj–Karthik),33.2,8.1,59,Post-Monsoon Autumn,Good window for harvesting paddy and sowing winter crops
saptari,undefined,1999,November,Autumn (Karthik–Mangsir),8.3,6.2,46,Post-Monsoon Dry,Residual moisture decreasing; prepare wheat sowing
siraha,undefined,1999,December,Winter (Mangsir–Poush),12.3,-0.1,51,Early Winter Dry Period,First irrigation for germinating wheat & potato
dhanusha,undefined,2000,January,Winter (Poush–Magh),24.7,-2.8,53,Winter Dry Period,Critical: Supplemental irrigation required for wheat & mustard
mahottari,undefined,2000,February,Winter (Magh–Falgun),16.6,1.1,44,Late Winter Dry,Moderate irrigation for winter crops
sarlahi,undefined,2000,March,Spring (Falgun–Chaitra),30.9,6.7,41,Pre-Monsoon Initiation,Light irrigation for spring maize & vegetables
rautahat,undefined,2000,April,Spring (Chaitra–Baisakh),53.1,11.3,39,Pre-Monsoon Sporadic,Irrigation required for dry season cultivation
bara,undefined,2000,May,Spring (Baisakh–Jestha),84.4,15.1,55,Pre-Monsoon Thunderstorms,Prepare soil for paddy nurseries; thunder showers likely
parsa,undefined,2000,June,Monsoon (Jestha–Asar),178.6,17.0,64,Monsoon Onset Phase,Transplant main season paddy; abundant rain
chitwan,undefined,2000,July,Monsoon (Asar–Shrawan),216.5,17.3,76,Peak Monsoon Phase,No irrigation needed; maintain field drainage
kathmandu,undefined,2000,August,Monsoon (Shrawan–Bhadra),218.4,17.9,75,Peak Monsoon Phase,High rainfall; manage field overflow and weeding
lalitpur,undefined,2000,September,Autumn (Bhadra–Asoj),120.3,14.2,67,Late Monsoon Retreat,Adequate soil moisture for grain filling
bhaktapur,undefined,2000,October,Autumn (Asoj–Karthik),30.1,6.9,55,Post-Monsoon Autumn,Good window for harvesting paddy and sowing winter crops
kavrepalanchok,undefined,2000,November,Autumn (Karthik–Mangsir),9.6,3.2,51,Post-Monsoon Dry,Residual moisture decreasing; prepare wheat sowing
dhading,undefined,2000,December,Winter (Mangsir–Poush),10.7,0.6,45,Early Winter Dry Period,First irrigation for germinating wheat & potato
nuwakot,undefined,2001,January,Winter (Poush–Magh),25.3,-0.6,45,Winter Dry Period,Critical: Supplemental irrigation required for wheat & mustard
makwanpur,undefined,2001,February,Winter (Magh–Falgun),24.5,3.4,47,Late Winter Dry,Moderate irrigation for winter crops
sindhupalchok,undefined,2001,March,Spring (Falgun–Chaitra),25.3,5.3,39,Pre-Monsoon Initiation,Light irrigation for spring maize & vegetables
dolakha,undefined,2001,April,Spring (Chaitra–Baisakh),39.6,10.5,42,Pre-Monsoon Sporadic,Irrigation required for dry season cultivation
ramechhap,undefined,2001,May,Spring (Baisakh–Jestha),97.5,14.7,56,Pre-Monsoon Thunderstorms,Prepare soil for paddy nurseries; thunder showers likely
sindhuli,undefined,2001,June,Monsoon (Jestha–Asar),194.3,18.7,69,Monsoon Onset Phase,Transplant main season paddy; abundant rain
rasuwa,undefined,2001,July,Monsoon (Asar–Shrawan),169.3,18.6,82,Peak Monsoon Phase,No irrigation needed; maintain field drainage
gorkha,undefined,2001,August,Monsoon (Shrawan–Bhadra),207.4,19.1,79,Peak Monsoon Phase,High rainfall; manage field overflow and weeding
kaski,undefined,2001,September,Autumn (Bhadra–Asoj),130.2,15.3,71,Late Monsoon Retreat,Adequate soil moisture for grain filling
tanahun,undefined,2001,October,Autumn (Asoj–Karthik),21.9,8.4,62,Post-Monsoon Autumn,Good window for harvesting paddy and sowing winter crops
syangja,undefined,2001,November,Autumn (Karthik–Mangsir),7.9,3.7,47,Post-Monsoon Dry,Residual moisture decreasing; prepare wheat sowing
lamjung,undefined,2001,December,Winter (Mangsir–Poush),12.7,2.0,46,Early Winter Dry Period,First irrigation for germinating wheat & potato
nawalpur,undefined,2002,January,Winter (Poush–Magh),22.5,-2.8,52,Winter Dry Period,Critical: Supplemental irrigation required for wheat & mustard
parbat,undefined,2002,February,Winter (Magh–Falgun),30.1,3.0,49,Late Winter Dry,Moderate irrigation for winter crops
baglung,undefined,2002,March,Spring (Falgun–Chaitra),54.7,5.8,33,Pre-Monsoon Initiation,Light irrigation for spring maize & vegetables
myagdi,undefined,2002,April,Spring (Chaitra–Baisakh),45.2,9.1,36,Pre-Monsoon Sporadic,Irrigation required for dry season cultivation
mustang,undefined,2002,May,Spring (Baisakh–Jestha),68.0,13.9,48,Pre-Monsoon Thunderstorms,Prepare soil for paddy nurseries; thunder showers likely
manang,undefined,2002,June,Monsoon (Jestha–Asar),172.4,16.4,67,Monsoon Onset Phase,Transplant main season paddy; abundant rain
rupandehi,undefined,2002,July,Monsoon (Asar–Shrawan),272.2,17.1,76,Peak Monsoon Phase,No irrigation needed; maintain field drainage
kapilvastu,undefined,2002,August,Monsoon (Shrawan–Bhadra),221.5,14.7,66,Peak Monsoon Phase,High rainfall; manage field overflow and weeding
nawalparasi west,undefined,2002,September,Autumn (Bhadra–Asoj),126.2,14.6,78,Late Monsoon Retreat,Adequate soil moisture for grain filling
palpa,undefined,2002,October,Autumn (Asoj–Karthik),35.8,10.0,57,Post-Monsoon Autumn,Good window for harvesting paddy and sowing winter crops
gulmi,undefined,2002,November,Autumn (Karthik–Mangsir),9.4,6.0,43,Post-Monsoon Dry,Residual moisture decreasing; prepare wheat sowing
arghakhanchi,undefined,2002,December,Winter (Mangsir–Poush),10.6,2.6,51,Early Winter Dry Period,First irrigation for germinating wheat & potato
dang,undefined,2003,January,Winter (Poush–Magh),27.4,-2.8,49,Winter Dry Period,Critical: Supplemental irrigation required for wheat & mustard
pyuthan,undefined,2003,February,Winter (Magh–Falgun),28.1,-0.7,43,Late Winter Dry,Moderate irrigation for winter crops
rolpa,undefined,2003,March,Spring (Falgun–Chaitra),31.7,8.0,43,Pre-Monsoon Initiation,Light irrigation for spring maize & vegetables
rukum east,undefined,2003,April,Spring (Chaitra–Baisakh),50.3,12.0,41,Pre-Monsoon Sporadic,Irrigation required for dry season cultivation
banke,undefined,2003,May,Spring (Baisakh–Jestha),94.4,15.0,52,Pre-Monsoon Thunderstorms,Prepare soil for paddy nurseries; thunder showers likely
bardiya,undefined,2003,June,Monsoon (Jestha–Asar),153.6,17.8,66,Monsoon Onset Phase,Transplant main season paddy; abundant rain
surkhet,undefined,2003,July,Monsoon (Asar–Shrawan),275.2,16.6,73,Peak Monsoon Phase,No irrigation needed; maintain field drainage
dailekh,undefined,2003,August,Monsoon (Shrawan–Bhadra),231.7,16.9,74,Peak Monsoon Phase,High rainfall; manage field overflow and weeding
jajarkot,undefined,2003,September,Autumn (Bhadra–Asoj),136.0,13.3,69,Late Monsoon Retreat,Adequate soil moisture for grain filling
rukum west,undefined,2003,October,Autumn (Asoj–Karthik),42.3,10.8,64,Post-Monsoon Autumn,Good window for harvesting paddy and sowing winter crops
jumla,undefined,2003,November,Autumn (Karthik–Mangsir),8.6,5.5,48,Post-Monsoon Dry,Residual moisture decreasing; prepare wheat sowing
kalikot,undefined,2003,December,Winter (Mangsir–Poush),8.6,-2.8,56,Early Winter Dry Period,First irrigation for germinating wheat & potato
mugu,undefined,2004,January,Winter (Poush–Magh),19.1,-2.2,46,Winter Dry Period,Critical: Supplemental irrigation required for wheat & mustard
humla,undefined,2004,February,Winter (Magh–Falgun),30.9,1.5,42,Late Winter Dry,Moderate irrigation for winter crops
dolpa,undefined,2004,March,Spring (Falgun–Chaitra),40.5,5.3,36,Pre-Monsoon Initiation,Light irrigation for spring maize & vegetables
kailali,undefined,2004,April,Spring (Chaitra–Baisakh),32.8,9.3,42,Pre-Monsoon Sporadic,Irrigation required for dry season cultivation
kanchanpur,undefined,2004,May,Spring (Baisakh–Jestha),56.4,13.2,51,Pre-Monsoon Thunderstorms,Prepare soil for paddy nurseries; thunder showers likely
doti,undefined,2004,June,Monsoon (Jestha–Asar),147.0,19.4,75,Monsoon Onset Phase,Transplant main season paddy; abundant rain
achham,undefined,2004,July,Monsoon (Asar–Shrawan),208.8,18.7,80,Peak Monsoon Phase,No irrigation needed; maintain field drainage
dadeldhura,undefined,2004,August,Monsoon (Shrawan–Bhadra),191.2,15.2,75,Peak Monsoon Phase,High rainfall; manage field overflow and weeding
baitadi,undefined,2004,September,Autumn (Bhadra–Asoj),116.9,13.5,71,Late Monsoon Retreat,Adequate soil moisture for grain filling
bajhang,undefined,2004,October,Autumn (Asoj–Karthik),31.1,7.6,58,Post-Monsoon Autumn,Good window for harvesting paddy and sowing winter crops
bajura,undefined,2004,November,Autumn (Karthik–Mangsir),9.5,2.6,55,Post-Monsoon Dry,Residual moisture decreasing; prepare wheat sowing
darchula,undefined,2004,December,Winter (Mangsir–Poush),7.3,-0.7,48,Early Winter Dry Period,First irrigation for germinating wheat & potato
