district,zone,crop_name,soil_texture,soil_ph,current_nitrogen_mg_kg,current_phosphorus_mg_kg,current_potassium_mg_kg,recommended_urea_kg_ha,recommended_dap_kg_ha,recommended_mop_kg_ha,recommended_fym_tons_ha,lime_requirement_tons_ha,prescribed_organic_plan
jhapa,undefined,Paddy (Barkhe),Calcareous Gravel,7.13,36,68,93,140,68,26,13.6,0.0,Standard FYM + Azotobacter Biofertilizer
morang,undefined,Paddy (Chaite),Calcareous Gravel,4.69,97,55,106,103,75,21,10.2,2.0,Neem Cake + Vermicompost (2 t/ha)
sunsari,undefined,Wheat,Silt Loam,6.88,104,10,139,99,97,10,14.9,0.0,Standard FYM + Azotobacter Biofertilizer
ilam,undefined,Maize,Silt Loam,6.23,58,31,95,127,87,26,11.1,0.0,Standard FYM + Azotobacter Biofertilizer
panchthar,undefined,Finger Millet,Sandy Loam,7.71,40,16,96,58,64,25,13.1,0.0,Standard FYM + Azotobacter Biofertilizer
taplejung,undefined,Barley,Sandy Loam,6.45,24,55,44,67,45,46,10.5,0.0,Standard FYM + Azotobacter Biofertilizer
dhankuta,undefined,Buckwheat,Sandy Loam,7.61,70,38,26,40,53,53,11.8,0.0,Standard FYM + Azotobacter Biofertilizer
bhojpur,undefined,Potato,Sandy Loam,5.95,30,47,28,94,79,72,17.3,0.0,Standard FYM + Azotobacter Biofertilizer
terhathum,undefined,Mustard,Sandy Loam,5.1,87,41,48,29,52,44,14.5,1.26,Neem Cake + Vermicompost (2 t/ha)
sankhuwasabha,undefined,Soybean,Red Clay,7.7,89,80,127,28,32,13,14.8,0.0,Standard FYM + Azotobacter Biofertilizer
solukhumbu,undefined,Lentil (Musuro),Calcareous Gravel,4.79,37,13,62,59,66,39,13.1,1.82,Neem Cake + Vermicompost (2 t/ha)
khotang,undefined,Chickpea,Silt Loam,6.28,72,82,94,38,31,26,12.2,0.0,Standard FYM + Azotobacter Biofertilizer
okhaldhunga,undefined,Pea,Red Clay,7.15,26,84,113,66,30,18,11.6,0.0,Standard FYM + Azotobacter Biofertilizer
udayapur,undefined,Blackgram,Calcareous Gravel,7.19,83,64,113,32,40,18,10.6,0.0,Standard FYM + Azotobacter Biofertilizer
saptari,undefined,Mungbean,Calcareous Gravel,6.65,102,73,76,20,36,33,10.8,0.0,Standard FYM + Azotobacter Biofertilizer
siraha,undefined,Tomato,Calcareous Gravel,5.53,49,64,98,82,40,24,17.1,0.49,Neem Cake + Vermicompost (2 t/ha)
dhanusha,undefined,Cauliflower,Alluvial Loam,5.76,107,73,107,47,36,21,11.9,0.07,Neem Cake + Vermicompost (2 t/ha)
mahottari,undefined,Cabbage,Humus Acidic Loam,6.13,67,42,27,41,51,53,10.9,0.0,Standard FYM + Azotobacter Biofertilizer
sarlahi,undefined,Onion,Calcareous Gravel,7.46,62,52,104,44,46,22,11.1,0.0,Standard FYM + Azotobacter Biofertilizer
rautahat,undefined,Garlic,Calcareous Gravel,5.85,87,27,33,29,59,50,12.3,0.0,Standard FYM + Azotobacter Biofertilizer
bara,undefined,Radish,Humus Acidic Loam,7.41,76,32,37,36,56,49,13.7,0.0,Standard FYM + Azotobacter Biofertilizer
parsa,undefined,Ginger,Sandy Loam,5.12,100,50,117,22,47,17,17.2,1.22,Neem Cake + Vermicompost (2 t/ha)
chitwan,undefined,Cardamom,Calcareous Gravel,7.49,44,58,25,55,43,54,12.8,0.0,Standard FYM + Azotobacter Biofertilizer
kathmandu,undefined,Tea,Clay Loam,4.52,65,41,50,43,52,64,11.0,2.3,Neem Cake + Vermicompost (2 t/ha)
lalitpur,undefined,Coffee,Sandy Loam,5.31,35,26,89,61,59,28,13.2,0.88,Neem Cake + Vermicompost (2 t/ha)
bhaktapur,undefined,Sugarcane,Humus Acidic Loam,7.71,106,28,82,98,58,51,12.4,0.0,Standard FYM + Azotobacter Biofertilizer
kavrepalanchok,undefined,Jute,Alluvial Loam,7.79,44,83,72,55,31,35,10.3,0.0,Standard FYM + Azotobacter Biofertilizer
dhading,undefined,Apple,Alluvial Loam,6.59,81,49,76,33,48,33,14.4,0.0,Standard FYM + Azotobacter Biofertilizer
nuwakot,undefined,Orange/Citrus,Calcareous Gravel,6.72,88,27,108,29,59,20,12.9,0.0,Standard FYM + Azotobacter Biofertilizer
makwanpur,undefined,Banana,Sandy Loam,7.75,55,71,116,49,37,37,11.2,0.0,Standard FYM + Azotobacter Biofertilizer
sindhupalchok,undefined,Mango,Clay Loam,5.12,23,54,102,68,45,23,10.1,1.22,Neem Cake + Vermicompost (2 t/ha)
dolakha,undefined,Paddy (Barkhe),Clay Loam,7.17,51,17,133,131,94,10,13.2,0.0,Standard FYM + Azotobacter Biofertilizer
ramechhap,undefined,Paddy (Chaite),Calcareous Gravel,7.59,32,35,38,142,85,48,17.4,0.0,Standard FYM + Azotobacter Biofertilizer
sindhuli,undefined,Wheat,Humus Acidic Loam,6.8,40,23,137,138,91,10,14.1,0.0,Standard FYM + Azotobacter Biofertilizer
rasuwa,undefined,Maize,Alluvial Loam,5.3,28,77,128,145,64,12,15.1,0.9,Neem Cake + Vermicompost (2 t/ha)
gorkha,undefined,Finger Millet,Alluvial Loam,5.42,83,73,123,32,36,14,13.2,0.68,Neem Cake + Vermicompost (2 t/ha)
kaski,undefined,Barley,Alluvial Loam,6.62,27,22,128,65,61,12,14.9,0.0,Standard FYM + Azotobacter Biofertilizer
tanahun,undefined,Buckwheat,Clay Loam,5.73,104,83,57,20,31,41,12.4,0.13,Neem Cake + Vermicompost (2 t/ha)
syangja,undefined,Potato,Silt Loam,6.78,78,26,106,65,89,41,11.9,0.0,Standard FYM + Azotobacter Biofertilizer
lamjung,undefined,Mustard,Red Clay,5.09,52,65,107,50,40,21,12.5,1.28,Neem Cake + Vermicompost (2 t/ha)
nawalpur,undefined,Soybean,Sandy Loam,6.18,77,28,92,35,58,27,17.8,0.0,Standard FYM + Azotobacter Biofertilizer
parbat,undefined,Lentil (Musuro),Clay Loam,7.44,76,69,82,36,38,31,14.6,0.0,Standard FYM + Azotobacter Biofertilizer
baglung,undefined,Chickpea,Alluvial Loam,5.14,85,31,27,31,57,53,15.2,1.19,Neem Cake + Vermicompost (2 t/ha)
myagdi,undefined,Pea,Alluvial Loam,7.78,62,30,126,44,57,13,16.0,0.0,Standard FYM + Azotobacter Biofertilizer
mustang,undefined,Blackgram,Red Clay,7.56,58,82,135,47,31,10,16.8,0.0,Standard FYM + Azotobacter Biofertilizer
manang,undefined,Mungbean,Calcareous Gravel,5.51,37,30,80,59,57,32,13.0,0.52,Neem Cake + Vermicompost (2 t/ha)
rupandehi,undefined,Tomato,Silt Loam,7.59,82,52,36,62,46,49,14.9,0.0,Standard FYM + Azotobacter Biofertilizer
kapilvastu,undefined,Cauliflower,Humus Acidic Loam,5.68,42,32,62,86,56,39,16.8,0.22,Neem Cake + Vermicompost (2 t/ha)
nawalparasi west,undefined,Cabbage,Alluvial Loam,6.82,52,32,118,50,56,16,16.5,0.0,Standard FYM + Azotobacter Biofertilizer
palpa,undefined,Onion,Alluvial Loam,6.52,27,10,97,65,67,25,11.6,0.0,Standard FYM + Azotobacter Biofertilizer
gulmi,undefined,Garlic,Humus Acidic Loam,7.13,100,35,68,22,55,36,10.8,0.0,Standard FYM + Azotobacter Biofertilizer
arghakhanchi,undefined,Radish,Calcareous Gravel,6.72,49,21,137,52,62,10,16.7,0.0,Standard FYM + Azotobacter Biofertilizer
dang,undefined,Ginger,Silt Loam,4.6,23,71,66,68,37,37,11.0,2.16,Neem Cake + Vermicompost (2 t/ha)
pyuthan,undefined,Cardamom,Alluvial Loam,7.23,44,82,77,55,31,33,16.7,0.0,Standard FYM + Azotobacter Biofertilizer
rolpa,undefined,Tea,Sandy Loam,5.86,82,20,40,32,62,68,17.8,0.0,Standard FYM + Azotobacter Biofertilizer
rukum east,undefined,Coffee,Silt Loam,5.57,91,30,75,27,57,34,10.6,0.41,Neem Cake + Vermicompost (2 t/ha)
banke,undefined,Sugarcane,Red Clay,5.11,27,42,104,145,51,42,10.5,1.24,Neem Cake + Vermicompost (2 t/ha)
bardiya,undefined,Jute,Silt Loam,5.02,42,51,107,56,47,21,15.3,1.4,Neem Cake + Vermicompost (2 t/ha)
surkhet,undefined,Apple,Red Clay,6.61,66,59,75,42,43,34,15.8,0.0,Standard FYM + Azotobacter Biofertilizer
dailekh,undefined,Orange/Citrus,Clay Loam,5.32,52,66,26,50,39,53,10.9,0.86,Neem Cake + Vermicompost (2 t/ha)
jajarkot,undefined,Banana,Red Clay,4.81,48,83,45,53,31,66,10.1,1.78,Neem Cake + Vermicompost (2 t/ha)
rukum west,undefined,Mango,Silt Loam,6.12,62,22,74,44,61,34,13.2,0.0,Standard FYM + Azotobacter Biofertilizer
jumla,undefined,Paddy (Barkhe),Silt Loam,7.63,99,29,26,102,88,53,17.5,0.0,Standard FYM + Azotobacter Biofertilizer
kalikot,undefined,Paddy (Chaite),Alluvial Loam,6.28,81,56,133,113,74,10,17.6,0.0,Standard FYM + Azotobacter Biofertilizer
mugu,undefined,Wheat,Sandy Loam,6.43,104,53,69,99,76,36,15.1,0.0,Standard FYM + Azotobacter Biofertilizer
humla,undefined,Maize,Alluvial Loam,7.18,93,56,119,106,74,16,15.2,0.0,Standard FYM + Azotobacter Biofertilizer
dolpa,undefined,Finger Millet,Clay Loam,5.15,26,17,27,66,64,53,10.8,1.17,Neem Cake + Vermicompost (2 t/ha)
kailali,undefined,Barley,Clay Loam,5.61,79,38,103,34,53,22,12.7,0.34,Neem Cake + Vermicompost (2 t/ha)
kanchanpur,undefined,Buckwheat,Clay Loam,5.43,30,62,97,64,41,25,17.0,0.67,Neem Cake + Vermicompost (2 t/ha)
doti,undefined,Potato,Sandy Loam,5.88,107,51,73,47,77,54,14.5,0.0,Standard FYM + Azotobacter Biofertilizer
achham,undefined,Mustard,Clay Loam,7.77,57,37,114,47,54,18,12.7,0.0,Standard FYM + Azotobacter Biofertilizer
dadeldhura,undefined,Soybean,Humus Acidic Loam,6.35,41,60,110,57,42,20,11.9,0.0,Standard FYM + Azotobacter Biofertilizer
baitadi,undefined,Lentil (Musuro),Humus Acidic Loam,7.48,65,71,61,43,37,39,17.2,0.0,Standard FYM + Azotobacter Biofertilizer
bajhang,undefined,Chickpea,Alluvial Loam,4.68,106,73,65,20,36,38,17.7,2.02,Neem Cake + Vermicompost (2 t/ha)
bajura,undefined,Pea,Calcareous Gravel,7.64,71,57,76,39,44,33,12.3,0.0,Standard FYM + Azotobacter Biofertilizer
darchula,undefined,Blackgram,Alluvial Loam,6.33,39,80,114,58,32,18,10.9,0.0,Standard FYM + Azotobacter Biofertilizer
jhapa,undefined,Mungbean,Red Clay,6.13,25,51,75,67,47,34,17.1,0.0,Standard FYM + Azotobacter Biofertilizer
morang,undefined,Tomato,Clay Loam,6.83,107,61,121,47,42,15,16.9,0.0,Standard FYM + Azotobacter Biofertilizer
sunsari,undefined,Cauliflower,Humus Acidic Loam,4.78,83,15,119,62,65,16,15.6,1.84,Neem Cake + Vermicompost (2 t/ha)
ilam,undefined,Cabbage,Red Clay,6.19,40,53,124,58,46,14,17.0,0.0,Standard FYM + Azotobacter Biofertilizer
panchthar,undefined,Onion,Alluvial Loam,7.63,108,66,68,20,39,36,10.7,0.0,Standard FYM + Azotobacter Biofertilizer
taplejung,undefined,Garlic,Red Clay,5.75,83,28,62,32,58,39,13.5,0.09,Neem Cake + Vermicompost (2 t/ha)
dhankuta,undefined,Radish,Red Clay,4.54,62,14,38,44,65,48,10.9,2.27,Neem Cake + Vermicompost (2 t/ha)
bhojpur,undefined,Ginger,Alluvial Loam,6.96,81,27,71,33,59,35,13.8,0.0,Standard FYM + Azotobacter Biofertilizer
terhathum,undefined,Cardamom,Alluvial Loam,7.37,40,82,26,58,31,53,17.8,0.0,Standard FYM + Azotobacter Biofertilizer
sankhuwasabha,undefined,Tea,Red Clay,5.56,23,79,130,68,33,32,12.0,0.43,Neem Cake + Vermicompost (2 t/ha)
solukhumbu,undefined,Coffee,Clay Loam,7.7,67,57,105,41,44,22,13.6,0.0,Standard FYM + Azotobacter Biofertilizer
khotang,undefined,Sugarcane,Red Clay,6.8,54,65,130,129,40,32,17.7,0.0,Standard FYM + Azotobacter Biofertilizer
okhaldhunga,undefined,Jute,Humus Acidic Loam,6.0,75,30,46,37,57,45,13.7,0.0,Standard FYM + Azotobacter Biofertilizer
udayapur,undefined,Apple,Silt Loam,5.26,43,37,54,56,54,42,13.6,0.97,Neem Cake + Vermicompost (2 t/ha)
saptari,undefined,Orange/Citrus,Calcareous Gravel,6.27,47,71,103,53,37,22,11.3,0.0,Standard FYM + Azotobacter Biofertilizer
siraha,undefined,Banana,Humus Acidic Loam,4.75,104,41,91,20,52,47,17.4,1.89,Neem Cake + Vermicompost (2 t/ha)
dhanusha,undefined,Mango,Silt Loam,7.58,97,13,28,23,66,52,13.0,0.0,Standard FYM + Azotobacter Biofertilizer
mahottari,undefined,Paddy (Barkhe),Alluvial Loam,6.09,108,38,111,97,83,19,13.1,0.0,Standard FYM + Azotobacter Biofertilizer
sarlahi,undefined,Paddy (Chaite),Clay Loam,7.28,95,45,72,105,80,35,12.2,0.0,Standard FYM + Azotobacter Biofertilizer
rautahat,undefined,Wheat,Calcareous Gravel,7.35,93,84,139,106,60,10,14.4,0.0,Standard FYM + Azotobacter Biofertilizer
bara,undefined,Maize,Red Clay,6.9,88,38,52,109,83,43,11.6,0.0,Standard FYM + Azotobacter Biofertilizer
parsa,undefined,Finger Millet,Alluvial Loam,7.65,74,27,102,37,59,23,14.9,0.0,Standard FYM + Azotobacter Biofertilizer
chitwan,undefined,Barley,Sandy Loam,5.39,21,47,79,69,49,32,16.7,0.74,Neem Cake + Vermicompost (2 t/ha)
kathmandu,undefined,Buckwheat,Silt Loam,7.31,69,52,125,40,46,14,13.2,0.0,Standard FYM + Azotobacter Biofertilizer
lalitpur,undefined,Potato,Calcareous Gravel,4.59,87,56,105,59,74,42,11.7,2.18,Neem Cake + Vermicompost (2 t/ha)
bhaktapur,undefined,Mustard,Humus Acidic Loam,6.54,108,55,98,20,45,24,14.4,0.0,Standard FYM + Azotobacter Biofertilizer
kavrepalanchok,undefined,Soybean,Clay Loam,7.48,51,48,115,51,48,18,13.2,0.0,Standard FYM + Azotobacter Biofertilizer
dhading,undefined,Lentil (Musuro),Calcareous Gravel,6.23,82,69,77,32,38,33,16.7,0.0,Standard FYM + Azotobacter Biofertilizer
nuwakot,undefined,Chickpea,Alluvial Loam,5.35,61,83,81,45,31,31,12.6,0.81,Neem Cake + Vermicompost (2 t/ha)
makwanpur,undefined,Pea,Clay Loam,6.41,50,50,77,52,47,33,14.7,0.0,Standard FYM + Azotobacter Biofertilizer
sindhupalchok,undefined,Blackgram,Clay Loam,4.96,77,23,64,35,61,38,17.2,1.51,Neem Cake + Vermicompost (2 t/ha)
dolakha,undefined,Mungbean,Clay Loam,6.2,107,55,50,20,45,44,16.6,0.0,Standard FYM + Azotobacter Biofertilizer
ramechhap,undefined,Tomato,Silt Loam,5.42,35,16,38,91,64,48,13.7,0.68,Neem Cake + Vermicompost (2 t/ha)
sindhuli,undefined,Cauliflower,Silt Loam,7.45,31,34,61,93,55,39,10.7,0.0,Standard FYM + Azotobacter Biofertilizer
rasuwa,undefined,Cabbage,Calcareous Gravel,6.57,27,75,130,65,35,12,10.5,0.0,Standard FYM + Azotobacter Biofertilizer
gorkha,undefined,Onion,Silt Loam,7.37,27,54,138,65,45,10,14.3,0.0,Standard FYM + Azotobacter Biofertilizer
kaski,undefined,Garlic,Humus Acidic Loam,5.28,88,49,107,29,48,21,10.5,0.94,Neem Cake + Vermicompost (2 t/ha)
tanahun,undefined,Radish,Clay Loam,5.33,84,77,83,31,34,30,14.3,0.85,Neem Cake + Vermicompost (2 t/ha)
syangja,undefined,Ginger,Red Clay,7.36,51,39,37,51,53,49,15.9,0.0,Standard FYM + Azotobacter Biofertilizer
lamjung,undefined,Cardamom,Sandy Loam,4.57,48,25,62,53,60,39,11.0,2.21,Neem Cake + Vermicompost (2 t/ha)
nawalpur,undefined,Tea,Alluvial Loam,5.63,62,36,99,44,54,44,13.8,0.31,Neem Cake + Vermicompost (2 t/ha)
parbat,undefined,Coffee,Sandy Loam,6.27,72,65,74,38,40,34,11.0,0.0,Standard FYM + Azotobacter Biofertilizer
baglung,undefined,Sugarcane,Alluvial Loam,5.61,100,55,53,102,45,62,14.0,0.34,Neem Cake + Vermicompost (2 t/ha)
myagdi,undefined,Jute,Humus Acidic Loam,6.5,41,17,42,57,64,47,12.0,0.0,Standard FYM + Azotobacter Biofertilizer
mustang,undefined,Apple,Sandy Loam,7.31,27,70,31,65,37,51,16.7,0.0,Standard FYM + Azotobacter Biofertilizer
manang,undefined,Orange/Citrus,Clay Loam,6.23,56,83,37,48,31,49,13.2,0.0,Standard FYM + Azotobacter Biofertilizer
rupandehi,undefined,Banana,Sandy Loam,7.53,20,83,81,70,31,51,15.8,0.0,Standard FYM + Azotobacter Biofertilizer
kapilvastu,undefined,Mango,Humus Acidic Loam,7.57,70,52,57,40,46,41,16.2,0.0,Standard FYM + Azotobacter Biofertilizer
nawalparasi west,undefined,Paddy (Barkhe),Humus Acidic Loam,7.69,83,24,109,112,90,20,14.2,0.0,Standard FYM + Azotobacter Biofertilizer
palpa,undefined,Paddy (Chaite),Alluvial Loam,6.52,45,53,42,135,76,47,13.8,0.0,Standard FYM + Azotobacter Biofertilizer
gulmi,undefined,Wheat,Clay Loam,6.46,53,44,88,130,80,28,14.4,0.0,Standard FYM + Azotobacter Biofertilizer
arghakhanchi,undefined,Maize,Silt Loam,5.56,92,29,103,106,88,22,16.1,0.43,Neem Cake + Vermicompost (2 t/ha)
dang,undefined,Finger Millet,Clay Loam,6.06,74,69,37,37,38,49,16.8,0.0,Standard FYM + Azotobacter Biofertilizer
pyuthan,undefined,Barley,Sandy Loam,7.68,31,64,132,63,40,11,11.4,0.0,Standard FYM + Azotobacter Biofertilizer
rolpa,undefined,Buckwheat,Clay Loam,7.56,84,13,114,31,66,18,16.6,0.0,Standard FYM + Azotobacter Biofertilizer
rukum east,undefined,Potato,Red Clay,5.17,34,22,118,91,91,36,15.3,1.13,Neem Cake + Vermicompost (2 t/ha)
banke,undefined,Mustard,Silt Loam,7.5,48,54,103,53,45,22,13.6,0.0,Standard FYM + Azotobacter Biofertilizer
bardiya,undefined,Soybean,Humus Acidic Loam,7.47,76,50,75,36,47,34,14.6,0.0,Standard FYM + Azotobacter Biofertilizer
surkhet,undefined,Lentil (Musuro),Alluvial Loam,7.47,54,50,129,49,47,12,15.0,0.0,Standard FYM + Azotobacter Biofertilizer
dailekh,undefined,Chickpea,Clay Loam,5.92,49,64,104,52,40,22,11.3,0.0,Standard FYM + Azotobacter Biofertilizer
jajarkot,undefined,Pea,Calcareous Gravel,6.55,68,77,115,41,34,18,11.2,0.0,Standard FYM + Azotobacter Biofertilizer
rukum west,undefined,Blackgram,Alluvial Loam,6.83,90,20,48,28,62,44,15.7,0.0,Standard FYM + Azotobacter Biofertilizer
jumla,undefined,Mungbean,Red Clay,7.39,50,71,37,52,37,49,16.8,0.0,Standard FYM + Azotobacter Biofertilizer
kalikot,undefined,Tomato,Sandy Loam,5.81,91,21,51,57,62,43,15.8,0.0,Standard FYM + Azotobacter Biofertilizer
mugu,undefined,Cauliflower,Silt Loam,4.54,73,52,107,68,46,21,14.8,2.27,Neem Cake + Vermicompost (2 t/ha)
humla,undefined,Cabbage,Sandy Loam,5.1,101,53,71,21,46,35,13.7,1.26,Neem Cake + Vermicompost (2 t/ha)
dolpa,undefined,Onion,Humus Acidic Loam,6.53,102,20,36,20,62,49,12.0,0.0,Standard FYM + Azotobacter Biofertilizer
kailali,undefined,Garlic,Sandy Loam,6.46,29,78,115,64,33,18,10.2,0.0,Standard FYM + Azotobacter Biofertilizer
kanchanpur,undefined,Radish,Calcareous Gravel,5.0,71,55,73,39,45,34,15.9,1.44,Neem Cake + Vermicompost (2 t/ha)
doti,undefined,Ginger,Alluvial Loam,7.55,60,18,138,46,63,10,16.7,0.0,Standard FYM + Azotobacter Biofertilizer
achham,undefined,Cardamom,Humus Acidic Loam,7.26,49,33,51,52,56,43,14.9,0.0,Standard FYM + Azotobacter Biofertilizer
dadeldhura,undefined,Tea,Calcareous Gravel,4.68,50,70,25,52,37,74,12.7,2.02,Neem Cake + Vermicompost (2 t/ha)
baitadi,undefined,Coffee,Calcareous Gravel,5.87,97,79,78,23,33,32,13.8,0.0,Standard FYM + Azotobacter Biofertilizer
bajhang,undefined,Sugarcane,Clay Loam,5.99,40,43,41,138,51,67,11.4,0.0,Standard FYM + Azotobacter Biofertilizer
bajura,undefined,Jute,Calcareous Gravel,5.05,23,33,114,68,56,18,12.2,1.35,Neem Cake + Vermicompost (2 t/ha)
darchula,undefined,Apple,Silt Loam,4.54,79,23,135,34,61,10,11.2,2.27,Neem Cake + Vermicompost (2 t/ha)
jhapa,undefined,Orange/Citrus,Humus Acidic Loam,7.34,68,23,59,41,61,40,12.5,0.0,Standard FYM + Azotobacter Biofertilizer
morang,undefined,Banana,Humus Acidic Loam,6.97,38,77,48,59,34,64,11.5,0.0,Standard FYM + Azotobacter Biofertilizer
sunsari,undefined,Mango,Red Clay,5.75,95,54,58,25,45,40,15.7,0.09,Neem Cake + Vermicompost (2 t/ha)
ilam,undefined,Paddy (Barkhe),Silt Loam,6.23,59,40,89,126,82,28,11.2,0.0,Standard FYM + Azotobacter Biofertilizer
panchthar,undefined,Paddy (Chaite),Alluvial Loam,5.6,26,66,56,146,69,41,17.2,0.36,Neem Cake + Vermicompost (2 t/ha)
taplejung,undefined,Wheat,Silt Loam,5.85,22,21,107,148,92,21,15.3,0.0,Standard FYM + Azotobacter Biofertilizer
dhankuta,undefined,Maize,Alluvial Loam,6.32,42,24,83,136,90,30,14.8,0.0,Standard FYM + Azotobacter Biofertilizer
bhojpur,undefined,Finger Millet,Alluvial Loam,7.14,36,58,52,60,43,43,10.8,0.0,Standard FYM + Azotobacter Biofertilizer
terhathum,undefined,Barley,Humus Acidic Loam,6.49,92,82,133,26,31,10,11.1,0.0,Standard FYM + Azotobacter Biofertilizer
sankhuwasabha,undefined,Buckwheat,Humus Acidic Loam,5.47,100,10,34,22,67,50,11.7,0.59,Neem Cake + Vermicompost (2 t/ha)
solukhumbu,undefined,Potato,Clay Loam,4.91,98,58,105,53,73,42,17.3,1.6,Neem Cake + Vermicompost (2 t/ha)
khotang,undefined,Mustard,Red Clay,5.63,43,38,92,56,53,27,12.1,0.31,Neem Cake + Vermicompost (2 t/ha)
okhaldhunga,undefined,Soybean,Red Clay,5.64,89,37,124,28,54,14,11.8,0.29,Neem Cake + Vermicompost (2 t/ha)
udayapur,undefined,Lentil (Musuro),Silt Loam,7.02,32,75,81,62,35,31,17.2,0.0,Standard FYM + Azotobacter Biofertilizer
saptari,undefined,Chickpea,Alluvial Loam,6.1,66,65,105,42,40,22,13.2,0.0,Standard FYM + Azotobacter Biofertilizer
siraha,undefined,Pea,Alluvial Loam,4.96,95,83,85,25,31,30,11.4,1.51,Neem Cake + Vermicompost (2 t/ha)
dhanusha,undefined,Blackgram,Calcareous Gravel,6.75,94,49,118,25,48,16,14.0,0.0,Standard FYM + Azotobacter Biofertilizer
mahottari,undefined,Mungbean,Silt Loam,6.33,78,72,48,35,36,44,10.1,0.0,Standard FYM + Azotobacter Biofertilizer
sarlahi,undefined,Tomato,Red Clay,5.37,43,64,53,86,40,42,15.1,0.77,Neem Cake + Vermicompost (2 t/ha)
rautahat,undefined,Cauliflower,Red Clay,5.08,102,41,69,50,52,36,14.2,1.3,Neem Cake + Vermicompost (2 t/ha)
bara,undefined,Cabbage,Silt Loam,5.05,86,16,94,30,64,26,12.0,1.35,Neem Cake + Vermicompost (2 t/ha)
parsa,undefined,Onion,Red Clay,7.26,59,78,107,46,33,21,14.9,0.0,Standard FYM + Azotobacter Biofertilizer
chitwan,undefined,Garlic,Humus Acidic Loam,6.07,79,80,109,34,32,20,11.7,0.0,Standard FYM + Azotobacter Biofertilizer
kathmandu,undefined,Radish,Sandy Loam,6.28,34,73,122,61,36,15,17.6,0.0,Standard FYM + Azotobacter Biofertilizer
lalitpur,undefined,Ginger,Clay Loam,5.6,89,17,33,28,64,50,15.8,0.36,Neem Cake + Vermicompost (2 t/ha)
bhaktapur,undefined,Cardamom,Alluvial Loam,6.83,73,44,33,38,50,50,10.6,0.0,Standard FYM + Azotobacter Biofertilizer
kavrepalanchok,undefined,Tea,Sandy Loam,6.79,44,54,66,55,45,57,10.7,0.0,Standard FYM + Azotobacter Biofertilizer
dhading,undefined,Coffee,Clay Loam,7.67,91,61,84,27,42,30,10.7,0.0,Standard FYM + Azotobacter Biofertilizer
nuwakot,undefined,Sugarcane,Clay Loam,6.92,92,59,104,106,43,42,16.8,0.0,Standard FYM + Azotobacter Biofertilizer
makwanpur,undefined,Jute,Alluvial Loam,7.48,78,61,30,35,42,52,15.4,0.0,Standard FYM + Azotobacter Biofertilizer
sindhupalchok,undefined,Apple,Silt Loam,6.44,109,51,79,20,47,32,12.5,0.0,Standard FYM + Azotobacter Biofertilizer
dolakha,undefined,Orange/Citrus,Calcareous Gravel,6.8,46,79,136,54,33,10,17.6,0.0,Standard FYM + Azotobacter Biofertilizer
ramechhap,undefined,Banana,Silt Loam,6.96,24,44,85,67,50,50,15.2,0.0,Standard FYM + Azotobacter Biofertilizer
sindhuli,undefined,Mango,Humus Acidic Loam,6.47,40,19,33,58,63,50,15.6,0.0,Standard FYM + Azotobacter Biofertilizer
rasuwa,undefined,Paddy (Barkhe),Silt Loam,6.89,25,33,87,147,86,29,16.3,0.0,Standard FYM + Azotobacter Biofertilizer
gorkha,undefined,Paddy (Chaite),Alluvial Loam,6.93,66,42,125,122,81,14,13.3,0.0,Standard FYM + Azotobacter Biofertilizer
kaski,undefined,Wheat,Clay Loam,7.37,21,75,85,149,65,30,17.5,0.0,Standard FYM + Azotobacter Biofertilizer
tanahun,undefined,Maize,Clay Loam,4.73,20,13,35,150,96,50,10.3,1.93,Neem Cake + Vermicompost (2 t/ha)
syangja,undefined,Finger Millet,Sandy Loam,6.57,98,83,113,23,31,18,13.3,0.0,Standard FYM + Azotobacter Biofertilizer
lamjung,undefined,Barley,Calcareous Gravel,6.22,85,10,78,31,67,32,12.4,0.0,Standard FYM + Azotobacter Biofertilizer
nawalpur,undefined,Buckwheat,Silt Loam,5.48,41,13,27,57,66,53,17.9,0.58,Neem Cake + Vermicompost (2 t/ha)
parbat,undefined,Potato,Alluvial Loam,4.86,55,19,134,79,93,30,16.4,1.69,Neem Cake + Vermicompost (2 t/ha)
baglung,undefined,Mustard,Red Clay,4.8,57,75,133,47,35,10,13.7,1.8,Neem Cake + Vermicompost (2 t/ha)
myagdi,undefined,Soybean,Red Clay,7.76,86,14,71,30,65,35,16.7,0.0,Standard FYM + Azotobacter Biofertilizer
mustang,undefined,Lentil (Musuro),Humus Acidic Loam,6.51,66,27,45,42,59,46,11.8,0.0,Standard FYM + Azotobacter Biofertilizer
manang,undefined,Chickpea,Alluvial Loam,7.66,94,70,97,25,37,25,11.7,0.0,Standard FYM + Azotobacter Biofertilizer
rupandehi,undefined,Pea,Alluvial Loam,7.56,109,23,70,20,61,36,16.1,0.0,Standard FYM + Azotobacter Biofertilizer
kapilvastu,undefined,Blackgram,Humus Acidic Loam,7.79,100,44,96,22,50,25,16.0,0.0,Standard FYM + Azotobacter Biofertilizer
nawalparasi west,undefined,Mungbean,Alluvial Loam,6.46,72,16,125,38,64,14,12.1,0.0,Standard FYM + Azotobacter Biofertilizer
palpa,undefined,Tomato,Sandy Loam,6.07,23,73,29,98,36,52,12.6,0.0,Standard FYM + Azotobacter Biofertilizer
gulmi,undefined,Cauliflower,Alluvial Loam,6.32,27,40,67,95,52,37,12.1,0.0,Standard FYM + Azotobacter Biofertilizer
arghakhanchi,undefined,Cabbage,Red Clay,4.66,67,82,37,41,31,49,17.2,2.05,Neem Cake + Vermicompost (2 t/ha)
dang,undefined,Onion,Red Clay,7.31,64,46,93,43,49,26,16.6,0.0,Standard FYM + Azotobacter Biofertilizer
pyuthan,undefined,Garlic,Silt Loam,6.29,97,65,84,23,40,30,16.9,0.0,Standard FYM + Azotobacter Biofertilizer
rolpa,undefined,Radish,Sandy Loam,7.31,98,63,121,23,41,15,15.6,0.0,Standard FYM + Azotobacter Biofertilizer
rukum east,undefined,Ginger,Silt Loam,4.85,82,24,126,32,60,13,17.7,1.71,Neem Cake + Vermicompost (2 t/ha)
banke,undefined,Cardamom,Alluvial Loam,4.6,94,19,63,25,63,38,15.9,2.16,Neem Cake + Vermicompost (2 t/ha)
bardiya,undefined,Tea,Calcareous Gravel,4.5,70,66,54,40,39,62,11.5,2.34,Neem Cake + Vermicompost (2 t/ha)
surkhet,undefined,Coffee,Red Clay,6.54,108,57,54,20,44,42,15.1,0.0,Standard FYM + Azotobacter Biofertilizer
dailekh,undefined,Sugarcane,Red Clay,7.07,29,67,87,144,39,49,17.7,0.0,Standard FYM + Azotobacter Biofertilizer
jajarkot,undefined,Jute,Calcareous Gravel,5.79,36,66,115,60,39,18,11.4,0.02,Neem Cake + Vermicompost (2 t/ha)
rukum west,undefined,Apple,Sandy Loam,4.72,47,63,32,53,41,51,14.7,1.94,Neem Cake + Vermicompost (2 t/ha)
jumla,undefined,Orange/Citrus,Alluvial Loam,4.69,26,73,138,66,36,10,15.4,2.0,Neem Cake + Vermicompost (2 t/ha)
kalikot,undefined,Banana,Sandy Loam,6.97,31,66,27,63,39,73,10.2,0.0,Standard FYM + Azotobacter Biofertilizer
mugu,undefined,Mango,Humus Acidic Loam,5.73,93,28,25,26,58,54,11.3,0.13,Neem Cake + Vermicompost (2 t/ha)
humla,undefined,Paddy (Barkhe),Silt Loam,7.79,58,43,43,127,81,46,16.4,0.0,Standard FYM + Azotobacter Biofertilizer
dolpa,undefined,Paddy (Chaite),Red Clay,5.48,95,67,51,105,69,43,11.1,0.58,Neem Cake + Vermicompost (2 t/ha)
kailali,undefined,Wheat,Clay Loam,7.64,33,42,133,142,81,10,13.4,0.0,Standard FYM + Azotobacter Biofertilizer
kanchanpur,undefined,Maize,Clay Loam,7.68,88,43,60,109,81,40,12.6,0.0,Standard FYM + Azotobacter Biofertilizer
doti,undefined,Finger Millet,Humus Acidic Loam,5.26,39,12,99,58,66,24,12.9,0.97,Neem Cake + Vermicompost (2 t/ha)
achham,undefined,Barley,Calcareous Gravel,6.06,68,21,48,41,62,44,10.7,0.0,Standard FYM + Azotobacter Biofertilizer
dadeldhura,undefined,Buckwheat,Calcareous Gravel,6.0,67,11,116,41,67,17,12.4,0.0,Standard FYM + Azotobacter Biofertilizer
baitadi,undefined,Potato,Sandy Loam,7.69,36,44,25,90,80,74,14.8,0.0,Standard FYM + Azotobacter Biofertilizer
bajhang,undefined,Mustard,Humus Acidic Loam,6.76,58,25,81,47,60,31,10.5,0.0,Standard FYM + Azotobacter Biofertilizer
bajura,undefined,Soybean,Humus Acidic Loam,5.58,73,42,138,38,51,10,11.2,0.4,Neem Cake + Vermicompost (2 t/ha)
darchula,undefined,Lentil (Musuro),Red Clay,4.74,55,45,94,49,50,26,12.3,1.91,Neem Cake + Vermicompost (2 t/ha)
jhapa,undefined,Chickpea,Red Clay,7.0,105,78,108,20,33,20,16.0,0.0,Standard FYM + Azotobacter Biofertilizer
morang,undefined,Pea,Alluvial Loam,5.3,108,20,82,20,62,31,14.9,0.9,Neem Cake + Vermicompost (2 t/ha)
sunsari,undefined,Blackgram,Sandy Loam,5.64,89,80,33,28,32,50,14.3,0.29,Neem Cake + Vermicompost (2 t/ha)
ilam,undefined,Mungbean,Alluvial Loam,5.66,22,15,70,68,65,36,11.1,0.25,Neem Cake + Vermicompost (2 t/ha)
panchthar,undefined,Tomato,Calcareous Gravel,5.16,82,71,29,62,37,52,15.4,1.15,Neem Cake + Vermicompost (2 t/ha)
taplejung,undefined,Cauliflower,Clay Loam,4.91,100,54,95,52,45,26,14.9,1.6,Neem Cake + Vermicompost (2 t/ha)
dhankuta,undefined,Cabbage,Alluvial Loam,6.84,98,63,117,23,41,17,12.7,0.0,Standard FYM + Azotobacter Biofertilizer
bhojpur,undefined,Onion,Clay Loam,6.1,79,51,93,34,47,26,16.3,0.0,Standard FYM + Azotobacter Biofertilizer
terhathum,undefined,Garlic,Calcareous Gravel,6.62,67,64,34,41,40,50,10.5,0.0,Standard FYM + Azotobacter Biofertilizer
sankhuwasabha,undefined,Radish,Calcareous Gravel,6.65,63,56,62,44,44,39,13.8,0.0,Standard FYM + Azotobacter Biofertilizer
solukhumbu,undefined,Ginger,Red Clay,5.1,91,59,82,27,43,31,14.4,1.26,Neem Cake + Vermicompost (2 t/ha)
khotang,undefined,Cardamom,Silt Loam,6.66,49,50,81,52,47,31,10.7,0.0,Standard FYM + Azotobacter Biofertilizer
okhaldhunga,undefined,Tea,Clay Loam,6.74,26,12,54,66,66,62,13.7,0.0,Standard FYM + Azotobacter Biofertilizer
udayapur,undefined,Coffee,Humus Acidic Loam,7.67,57,73,97,47,36,25,15.9,0.0,Standard FYM + Azotobacter Biofertilizer
saptari,undefined,Sugarcane,Humus Acidic Loam,7.76,23,75,91,148,35,47,13.5,0.0,Standard FYM + Azotobacter Biofertilizer
siraha,undefined,Jute,Red Clay,5.81,74,54,116,37,45,17,15.2,0.0,Standard FYM + Azotobacter Biofertilizer
dhanusha,undefined,Apple,Clay Loam,6.45,102,25,96,20,60,25,15.1,0.0,Standard FYM + Azotobacter Biofertilizer
mahottari,undefined,Orange/Citrus,Calcareous Gravel,5.28,89,40,94,28,52,26,15.1,0.94,Neem Cake + Vermicompost (2 t/ha)
sarlahi,undefined,Banana,Humus Acidic Loam,7.71,36,74,81,60,35,51,12.0,0.0,Standard FYM + Azotobacter Biofertilizer
rautahat,undefined,Mango,Sandy Loam,5.84,73,53,101,38,46,23,10.8,0.0,Standard FYM + Azotobacter Biofertilizer
bara,undefined,Paddy (Barkhe),Alluvial Loam,5.79,107,29,100,97,88,24,12.6,0.02,Neem Cake + Vermicompost (2 t/ha)
parsa,undefined,Paddy (Chaite),Sandy Loam,4.93,107,44,52,97,80,43,10.6,1.57,Neem Cake + Vermicompost (2 t/ha)
chitwan,undefined,Wheat,Humus Acidic Loam,5.59,60,60,41,126,72,47,13.6,0.38,Neem Cake + Vermicompost (2 t/ha)
kathmandu,undefined,Maize,Clay Loam,7.63,42,36,68,136,84,36,14.8,0.0,Standard FYM + Azotobacter Biofertilizer
lalitpur,undefined,Finger Millet,Calcareous Gravel,6.69,62,73,117,44,36,17,14.7,0.0,Standard FYM + Azotobacter Biofertilizer
bhaktapur,undefined,Barley,Calcareous Gravel,6.34,68,12,138,41,66,10,11.0,0.0,Standard FYM + Azotobacter Biofertilizer
kavrepalanchok,undefined,Buckwheat,Red Clay,7.59,23,19,77,68,63,33,17.5,0.0,Standard FYM + Azotobacter Biofertilizer
dhading,undefined,Potato,Red Clay,4.84,72,61,70,68,72,56,13.8,1.73,Neem Cake + Vermicompost (2 t/ha)
nuwakot,undefined,Mustard,Clay Loam,4.52,105,57,124,20,44,14,13.6,2.3,Neem Cake + Vermicompost (2 t/ha)
makwanpur,undefined,Soybean,Calcareous Gravel,6.22,50,49,39,52,48,48,11.1,0.0,Standard FYM + Azotobacter Biofertilizer
sindhupalchok,undefined,Lentil (Musuro),Sandy Loam,6.83,38,60,136,59,42,10,10.8,0.0,Standard FYM + Azotobacter Biofertilizer
dolakha,undefined,Chickpea,Red Clay,5.96,98,23,104,23,61,22,16.7,0.0,Standard FYM + Azotobacter Biofertilizer
ramechhap,undefined,Pea,Silt Loam,5.74,21,28,120,69,58,16,16.9,0.11,Neem Cake + Vermicompost (2 t/ha)
sindhuli,undefined,Blackgram,Alluvial Loam,4.6,103,61,102,20,42,23,11.7,2.16,Neem Cake + Vermicompost (2 t/ha)
rasuwa,undefined,Mungbean,Humus Acidic Loam,5.8,78,17,100,35,64,24,18.0,0.0,Standard FYM + Azotobacter Biofertilizer
gorkha,undefined,Tomato,Humus Acidic Loam,5.55,97,84,111,53,30,19,10.7,0.45,Neem Cake + Vermicompost (2 t/ha)
kaski,undefined,Cauliflower,Calcareous Gravel,6.94,99,40,62,52,52,39,15.3,0.0,Standard FYM + Azotobacter Biofertilizer
tanahun,undefined,Cabbage,Humus Acidic Loam,7.47,99,33,124,22,56,14,13.0,0.0,Standard FYM + Azotobacter Biofertilizer
syangja,undefined,Onion,Humus Acidic Loam,6.3,20,34,67,70,55,37,13.2,0.0,Standard FYM + Azotobacter Biofertilizer
lamjung,undefined,Garlic,Red Clay,5.76,69,54,87,40,45,29,13.6,0.07,Neem Cake + Vermicompost (2 t/ha)
nawalpur,undefined,Radish,Humus Acidic Loam,4.74,74,60,96,37,42,25,13.7,1.91,Neem Cake + Vermicompost (2 t/ha)
parbat,undefined,Ginger,Clay Loam,6.29,105,73,130,20,36,12,16.5,0.0,Standard FYM + Azotobacter Biofertilizer
baglung,undefined,Cardamom,Alluvial Loam,5.75,55,53,86,49,46,29,14.9,0.09,Neem Cake + Vermicompost (2 t/ha)
myagdi,undefined,Tea,Calcareous Gravel,7.18,84,81,27,31,32,73,11.6,0.0,Standard FYM + Azotobacter Biofertilizer
mustang,undefined,Coffee,Calcareous Gravel,7.46,26,81,100,66,32,24,13.0,0.0,Standard FYM + Azotobacter Biofertilizer
manang,undefined,Sugarcane,Sandy Loam,7.58,51,17,80,131,64,52,12.1,0.0,Standard FYM + Azotobacter Biofertilizer
rupandehi,undefined,Jute,Sandy Loam,6.71,103,49,91,20,48,27,10.7,0.0,Standard FYM + Azotobacter Biofertilizer
kapilvastu,undefined,Apple,Humus Acidic Loam,6.86,44,41,39,55,52,48,11.4,0.0,Standard FYM + Azotobacter Biofertilizer
nawalparasi west,undefined,Orange/Citrus,Calcareous Gravel,7.34,91,23,58,27,61,40,16.3,0.0,Standard FYM + Azotobacter Biofertilizer
palpa,undefined,Banana,Red Clay,5.35,106,46,117,20,49,37,14.4,0.81,Neem Cake + Vermicompost (2 t/ha)
gulmi,undefined,Mango,Red Clay,6.59,105,55,119,20,45,16,17.1,0.0,Standard FYM + Azotobacter Biofertilizer
arghakhanchi,undefined,Paddy (Barkhe),Alluvial Loam,7.12,78,23,66,115,91,37,17.2,0.0,Standard FYM + Azotobacter Biofertilizer
dang,undefined,Paddy (Chaite),Alluvial Loam,5.28,90,30,119,108,87,16,13.4,0.94,Neem Cake + Vermicompost (2 t/ha)
pyuthan,undefined,Wheat,Silt Loam,7.17,88,21,73,109,92,34,11.2,0.0,Standard FYM + Azotobacter Biofertilizer
rolpa,undefined,Maize,Alluvial Loam,6.93,97,26,36,103,89,49,10.2,0.0,Standard FYM + Azotobacter Biofertilizer
rukum east,undefined,Finger Millet,Calcareous Gravel,5.26,38,57,54,59,44,42,15.1,0.97,Neem Cake + Vermicompost (2 t/ha)
banke,undefined,Barley,Alluvial Loam,6.14,108,20,104,20,62,22,13.2,0.0,Standard FYM + Azotobacter Biofertilizer
bardiya,undefined,Buckwheat,Humus Acidic Loam,5.97,85,11,64,31,67,38,16.5,0.0,Standard FYM + Azotobacter Biofertilizer
surkhet,undefined,Potato,Sandy Loam,6.89,72,30,34,68,87,70,10.7,0.0,Standard FYM + Azotobacter Biofertilizer
dailekh,undefined,Mustard,Alluvial Loam,6.47,56,37,64,48,54,38,14.9,0.0,Standard FYM + Azotobacter Biofertilizer
jajarkot,undefined,Soybean,Red Clay,6.21,26,70,51,66,37,43,14.3,0.0,Standard FYM + Azotobacter Biofertilizer
rukum west,undefined,Lentil (Musuro),Humus Acidic Loam,6.46,81,27,77,33,59,33,11.5,0.0,Standard FYM + Azotobacter Biofertilizer
jumla,undefined,Chickpea,Silt Loam,7.78,79,51,109,34,47,20,13.7,0.0,Standard FYM + Azotobacter Biofertilizer
kalikot,undefined,Pea,Humus Acidic Loam,6.36,106,23,104,20,61,22,11.6,0.0,Standard FYM + Azotobacter Biofertilizer
mugu,undefined,Blackgram,Silt Loam,4.82,60,66,64,46,39,38,15.3,1.76,Neem Cake + Vermicompost (2 t/ha)
humla,undefined,Mungbean,Sandy Loam,6.07,54,18,137,49,63,10,10.2,0.0,Standard FYM + Azotobacter Biofertilizer
dolpa,undefined,Tomato,Sandy Loam,7.56,68,73,84,71,36,30,15.0,0.0,Standard FYM + Azotobacter Biofertilizer
kailali,undefined,Cauliflower,Silt Loam,7.1,97,55,83,53,45,30,11.3,0.0,Standard FYM + Azotobacter Biofertilizer
kanchanpur,undefined,Cabbage,Red Clay,4.62,47,29,66,53,58,37,10.7,2.12,Neem Cake + Vermicompost (2 t/ha)
doti,undefined,Onion,Clay Loam,5.29,65,71,57,43,37,41,17.5,0.92,Neem Cake + Vermicompost (2 t/ha)
achham,undefined,Garlic,Silt Loam,6.2,102,47,139,20,49,10,16.8,0.0,Standard FYM + Azotobacter Biofertilizer
dadeldhura,undefined,Radish,Silt Loam,6.15,55,50,97,49,47,25,15.4,0.0,Standard FYM + Azotobacter Biofertilizer
baitadi,undefined,Ginger,Silt Loam,7.36,92,69,60,26,38,40,10.6,0.0,Standard FYM + Azotobacter Biofertilizer
bajhang,undefined,Cardamom,Red Clay,4.58,33,26,135,62,59,10,14.6,2.2,Neem Cake + Vermicompost (2 t/ha)
bajura,undefined,Tea,Silt Loam,7.21,31,74,131,63,35,31,13.9,0.0,Standard FYM + Azotobacter Biofertilizer
darchula,undefined,Coffee,Humus Acidic Loam,7.46,94,33,134,25,56,10,16.6,0.0,Standard FYM + Azotobacter Biofertilizer
jhapa,undefined,Sugarcane,Red Clay,5.71,26,11,40,146,67,68,17.7,0.16,Neem Cake + Vermicompost (2 t/ha)
morang,undefined,Jute,Sandy Loam,7.06,30,54,132,64,45,11,17.0,0.0,Standard FYM + Azotobacter Biofertilizer
sunsari,undefined,Apple,Red Clay,4.85,77,26,96,35,59,25,15.2,1.71,Neem Cake + Vermicompost (2 t/ha)
ilam,undefined,Orange/Citrus,Clay Loam,5.78,70,24,49,40,60,44,13.9,0.04,Neem Cake + Vermicompost (2 t/ha)
panchthar,undefined,Banana,Silt Loam,4.69,82,83,52,32,31,63,11.1,2.0,Neem Cake + Vermicompost (2 t/ha)
taplejung,undefined,Mango,Alluvial Loam,7.08,43,23,104,56,61,22,14.9,0.0,Standard FYM + Azotobacter Biofertilizer
dhankuta,undefined,Paddy (Barkhe),Sandy Loam,7.79,93,56,60,106,74,40,15.0,0.0,Standard FYM + Azotobacter Biofertilizer
bhojpur,undefined,Paddy (Chaite),Sandy Loam,7.3,85,69,71,111,68,35,15.2,0.0,Standard FYM + Azotobacter Biofertilizer
terhathum,undefined,Wheat,Clay Loam,5.71,57,72,109,127,66,20,16.2,0.16,Neem Cake + Vermicompost (2 t/ha)
sankhuwasabha,undefined,Maize,Humus Acidic Loam,5.32,32,41,115,142,82,18,14.7,0.86,Neem Cake + Vermicompost (2 t/ha)
solukhumbu,undefined,Finger Millet,Calcareous Gravel,4.95,68,26,26,41,59,53,11.9,1.53,Neem Cake + Vermicompost (2 t/ha)
khotang,undefined,Barley,Red Clay,5.16,25,13,67,67,66,37,12.1,1.15,Neem Cake + Vermicompost (2 t/ha)
okhaldhunga,undefined,Buckwheat,Clay Loam,6.0,95,17,81,25,64,31,11.2,0.0,Standard FYM + Azotobacter Biofertilizer
udayapur,undefined,Potato,Sandy Loam,5.3,78,70,95,65,67,46,16.9,0.9,Neem Cake + Vermicompost (2 t/ha)
saptari,undefined,Mustard,Silt Loam,7.09,100,81,115,22,32,18,12.5,0.0,Standard FYM + Azotobacter Biofertilizer
siraha,undefined,Soybean,Alluvial Loam,7.17,26,30,131,66,57,11,12.0,0.0,Standard FYM + Azotobacter Biofertilizer
dhanusha,undefined,Lentil (Musuro),Red Clay,7.22,64,38,76,43,53,33,11.8,0.0,Standard FYM + Azotobacter Biofertilizer
mahottari,undefined,Chickpea,Alluvial Loam,4.72,66,21,109,42,62,20,14.1,1.94,Neem Cake + Vermicompost (2 t/ha)
sarlahi,undefined,Pea,Red Clay,4.66,23,65,100,68,40,24,16.4,2.05,Neem Cake + Vermicompost (2 t/ha)
rautahat,undefined,Blackgram,Clay Loam,4.54,106,65,65,20,40,38,12.4,2.27,Neem Cake + Vermicompost (2 t/ha)
bara,undefined,Mungbean,Clay Loam,7.7,104,68,65,20,38,38,13.3,0.0,Standard FYM + Azotobacter Biofertilizer
parsa,undefined,Tomato,Red Clay,6.68,88,29,27,59,58,53,10.7,0.0,Standard FYM + Azotobacter Biofertilizer
chitwan,undefined,Cauliflower,Sandy Loam,7.47,90,27,137,58,59,10,15.3,0.0,Standard FYM + Azotobacter Biofertilizer
kathmandu,undefined,Cabbage,Clay Loam,4.9,75,68,99,37,38,24,14.2,1.62,Neem Cake + Vermicompost (2 t/ha)
lalitpur,undefined,Onion,Humus Acidic Loam,7.46,48,19,79,53,63,32,10.9,0.0,Standard FYM + Azotobacter Biofertilizer
bhaktapur,undefined,Garlic,Red Clay,6.42,87,70,100,29,37,24,11.0,0.0,Standard FYM + Azotobacter Biofertilizer
kavrepalanchok,undefined,Radish,Calcareous Gravel,4.87,73,17,68,38,64,36,14.4,1.67,Neem Cake + Vermicompost (2 t/ha)
dhading,undefined,Ginger,Silt Loam,6.52,104,28,38,20,58,48,11.6,0.0,Standard FYM + Azotobacter Biofertilizer
nuwakot,undefined,Cardamom,Humus Acidic Loam,4.54,109,60,61,20,42,39,17.0,2.27,Neem Cake + Vermicompost (2 t/ha)
makwanpur,undefined,Tea,Sandy Loam,7.53,42,66,77,56,39,53,16.7,0.0,Standard FYM + Azotobacter Biofertilizer
sindhupalchok,undefined,Coffee,Humus Acidic Loam,7.06,79,23,87,34,61,29,17.9,0.0,Standard FYM + Azotobacter Biofertilizer
dolakha,undefined,Sugarcane,Humus Acidic Loam,6.28,85,18,103,111,63,42,10.7,0.0,Standard FYM + Azotobacter Biofertilizer
ramechhap,undefined,Jute,Silt Loam,5.2,65,73,109,43,36,20,14.3,1.08,Neem Cake + Vermicompost (2 t/ha)
sindhuli,undefined,Apple,Red Clay,6.95,75,17,42,37,64,47,10.8,0.0,Standard FYM + Azotobacter Biofertilizer
rasuwa,undefined,Orange/Citrus,Sandy Loam,6.6,88,22,78,29,61,32,10.1,0.0,Standard FYM + Azotobacter Biofertilizer
gorkha,undefined,Banana,Alluvial Loam,6.95,99,30,47,22,57,65,17.0,0.0,Standard FYM + Azotobacter Biofertilizer
kaski,undefined,Mango,Silt Loam,5.17,69,64,95,40,40,26,11.5,1.13,Neem Cake + Vermicompost (2 t/ha)
tanahun,undefined,Paddy (Barkhe),Alluvial Loam,5.74,68,49,122,121,78,15,16.7,0.11,Neem Cake + Vermicompost (2 t/ha)
syangja,undefined,Paddy (Chaite),Sandy Loam,6.96,38,81,67,139,62,37,12.6,0.0,Standard FYM + Azotobacter Biofertilizer
lamjung,undefined,Wheat,Clay Loam,7.28,62,47,39,124,79,48,13.1,0.0,Standard FYM + Azotobacter Biofertilizer
nawalpur,undefined,Maize,Sandy Loam,6.88,99,54,70,102,75,36,13.3,0.0,Standard FYM + Azotobacter Biofertilizer
parbat,undefined,Finger Millet,Calcareous Gravel,4.51,75,36,116,37,54,17,10.7,2.32,Neem Cake + Vermicompost (2 t/ha)
baglung,undefined,Barley,Calcareous Gravel,7.39,65,64,36,43,40,49,11.8,0.0,Standard FYM + Azotobacter Biofertilizer
myagdi,undefined,Buckwheat,Sandy Loam,6.35,74,60,117,37,42,17,12.2,0.0,Standard FYM + Azotobacter Biofertilizer
mustang,undefined,Potato,Sandy Loam,5.56,77,21,104,65,92,42,16.0,0.43,Neem Cake + Vermicompost (2 t/ha)
manang,undefined,Mustard,Silt Loam,6.84,90,48,75,28,48,34,11.2,0.0,Standard FYM + Azotobacter Biofertilizer
rupandehi,undefined,Soybean,Calcareous Gravel,6.93,41,37,32,57,54,51,16.4,0.0,Standard FYM + Azotobacter Biofertilizer
kapilvastu,undefined,Lentil (Musuro),Calcareous Gravel,7.79,103,58,73,20,43,34,15.1,0.0,Standard FYM + Azotobacter Biofertilizer
nawalparasi west,undefined,Chickpea,Calcareous Gravel,4.89,56,72,69,48,36,36,14.6,1.64,Neem Cake + Vermicompost (2 t/ha)
palpa,undefined,Pea,Red Clay,5.11,52,35,28,50,55,52,10.2,1.24,Neem Cake + Vermicompost (2 t/ha)
gulmi,undefined,Blackgram,Humus Acidic Loam,6.44,82,79,114,32,33,18,10.4,0.0,Standard FYM + Azotobacter Biofertilizer
arghakhanchi,undefined,Mungbean,Clay Loam,5.92,98,73,46,23,36,45,16.4,0.0,Standard FYM + Azotobacter Biofertilizer
dang,undefined,Tomato,Silt Loam,7.59,83,57,30,62,44,52,17.2,0.0,Standard FYM + Azotobacter Biofertilizer
pyuthan,undefined,Cauliflower,Clay Loam,5.94,85,67,43,61,39,46,14.9,0.0,Standard FYM + Azotobacter Biofertilizer
rolpa,undefined,Cabbage,Sandy Loam,5.82,103,45,26,20,50,53,12.3,0.0,Standard FYM + Azotobacter Biofertilizer
rukum east,undefined,Onion,Silt Loam,5.43,43,28,129,56,58,12,12.0,0.67,Neem Cake + Vermicompost (2 t/ha)
banke,undefined,Garlic,Humus Acidic Loam,5.92,96,30,42,24,57,47,16.8,0.0,Standard FYM + Azotobacter Biofertilizer
bardiya,undefined,Radish,Clay Loam,4.71,101,20,86,21,62,29,13.3,1.96,Neem Cake + Vermicompost (2 t/ha)
surkhet,undefined,Ginger,Calcareous Gravel,4.79,41,64,88,57,40,28,11.0,1.82,Neem Cake + Vermicompost (2 t/ha)
dailekh,undefined,Cardamom,Calcareous Gravel,5.8,94,69,96,25,38,25,14.0,0.0,Standard FYM + Azotobacter Biofertilizer
jajarkot,undefined,Tea,Red Clay,5.35,78,24,90,35,60,48,13.7,0.81,Neem Cake + Vermicompost (2 t/ha)
rukum west,undefined,Coffee,Alluvial Loam,7.63,107,23,27,20,61,53,15.8,0.0,Standard FYM + Azotobacter Biofertilizer
jumla,undefined,Sugarcane,Calcareous Gravel,5.33,96,52,85,104,46,50,10.9,0.85,Neem Cake + Vermicompost (2 t/ha)
kalikot,undefined,Jute,Silt Loam,5.83,68,69,88,41,38,28,14.9,0.0,Standard FYM + Azotobacter Biofertilizer
mugu,undefined,Apple,Humus Acidic Loam,6.01,63,22,133,44,61,10,16.8,0.0,Standard FYM + Azotobacter Biofertilizer
humla,undefined,Orange/Citrus,Silt Loam,4.82,97,44,111,23,50,19,12.3,1.76,Neem Cake + Vermicompost (2 t/ha)
dolpa,undefined,Banana,Calcareous Gravel,6.19,92,44,30,26,50,72,16.3,0.0,Standard FYM + Azotobacter Biofertilizer
kailali,undefined,Mango,Calcareous Gravel,7.38,69,66,111,40,39,19,10.1,0.0,Standard FYM + Azotobacter Biofertilizer
kanchanpur,undefined,Paddy (Barkhe),Red Clay,6.68,34,29,133,141,88,10,14.5,0.0,Standard FYM + Azotobacter Biofertilizer
doti,undefined,Paddy (Chaite),Sandy Loam,7.05,22,14,78,148,95,32,17.3,0.0,Standard FYM + Azotobacter Biofertilizer
achham,undefined,Wheat,Alluvial Loam,5.79,91,37,76,107,84,33,13.2,0.02,Neem Cake + Vermicompost (2 t/ha)
dadeldhura,undefined,Maize,Clay Loam,7.06,106,25,85,98,90,30,12.3,0.0,Standard FYM + Azotobacter Biofertilizer
baitadi,undefined,Finger Millet,Sandy Loam,7.0,44,33,98,55,56,24,11.6,0.0,Standard FYM + Azotobacter Biofertilizer
bajhang,undefined,Barley,Humus Acidic Loam,6.26,34,62,116,61,41,17,12.5,0.0,Standard FYM + Azotobacter Biofertilizer
bajura,undefined,Buckwheat,Clay Loam,5.7,100,22,83,22,61,30,14.8,0.18,Neem Cake + Vermicompost (2 t/ha)
darchula,undefined,Potato,Calcareous Gravel,5.11,100,59,42,52,73,67,13.5,1.24,Neem Cake + Vermicompost (2 t/ha)
jhapa,undefined,Mustard,Humus Acidic Loam,7.69,97,18,110,23,63,20,12.6,0.0,Standard FYM + Azotobacter Biofertilizer
morang,undefined,Soybean,Alluvial Loam,5.88,108,60,97,20,42,25,11.3,0.0,Standard FYM + Azotobacter Biofertilizer
sunsari,undefined,Lentil (Musuro),Humus Acidic Loam,7.73,79,19,103,34,63,22,10.7,0.0,Standard FYM + Azotobacter Biofertilizer
ilam,undefined,Chickpea,Sandy Loam,6.87,100,15,109,22,65,20,11.5,0.0,Standard FYM + Azotobacter Biofertilizer
panchthar,undefined,Pea,Red Clay,5.48,102,18,112,20,63,19,17.9,0.58,Neem Cake + Vermicompost (2 t/ha)
taplejung,undefined,Blackgram,Silt Loam,7.21,61,36,81,45,54,31,16.6,0.0,Standard FYM + Azotobacter Biofertilizer
dhankuta,undefined,Mungbean,Sandy Loam,6.23,41,18,35,57,63,50,15.8,0.0,Standard FYM + Azotobacter Biofertilizer
bhojpur,undefined,Tomato,Clay Loam,4.97,51,43,111,81,51,19,15.2,1.49,Neem Cake + Vermicompost (2 t/ha)
terhathum,undefined,Cauliflower,Humus Acidic Loam,6.94,92,73,54,56,36,42,10.2,0.0,Standard FYM + Azotobacter Biofertilizer
sankhuwasabha,undefined,Cabbage,Red Clay,6.73,49,61,33,52,42,50,11.4,0.0,Standard FYM + Azotobacter Biofertilizer
solukhumbu,undefined,Onion,Alluvial Loam,6.66,109,15,33,20,65,50,12.7,0.0,Standard FYM + Azotobacter Biofertilizer
khotang,undefined,Garlic,Silt Loam,6.19,47,25,28,53,60,52,12.4,0.0,Standard FYM + Azotobacter Biofertilizer
okhaldhunga,undefined,Radish,Humus Acidic Loam,7.01,101,27,117,21,59,17,10.5,0.0,Standard FYM + Azotobacter Biofertilizer
udayapur,undefined,Ginger,Calcareous Gravel,5.36,101,60,89,21,42,28,10.9,0.79,Neem Cake + Vermicompost (2 t/ha)
saptari,undefined,Cardamom,Humus Acidic Loam,6.02,97,50,68,23,47,36,17.8,0.0,Standard FYM + Azotobacter Biofertilizer
siraha,undefined,Tea,Humus Acidic Loam,6.08,21,41,28,69,52,72,17.7,0.0,Standard FYM + Azotobacter Biofertilizer
dhanusha,undefined,Coffee,Humus Acidic Loam,7.33,46,78,111,54,33,19,16.4,0.0,Standard FYM + Azotobacter Biofertilizer
mahottari,undefined,Sugarcane,Sandy Loam,7.74,75,51,97,117,47,45,14.3,0.0,Standard FYM + Azotobacter Biofertilizer
sarlahi,undefined,Jute,Clay Loam,7.38,30,62,87,64,41,29,10.8,0.0,Standard FYM + Azotobacter Biofertilizer
rautahat,undefined,Apple,Humus Acidic Loam,4.65,71,31,119,39,57,16,10.6,2.07,Neem Cake + Vermicompost (2 t/ha)
bara,undefined,Orange/Citrus,Alluvial Loam,5.49,86,13,128,30,66,12,16.8,0.56,Neem Cake + Vermicompost (2 t/ha)
parsa,undefined,Banana,Alluvial Loam,5.59,50,84,97,52,30,45,14.3,0.38,Neem Cake + Vermicompost (2 t/ha)
chitwan,undefined,Mango,Humus Acidic Loam,7.12,23,53,139,68,46,10,16.8,0.0,Standard FYM + Azotobacter Biofertilizer
kathmandu,undefined,Paddy (Barkhe),Calcareous Gravel,6.67,42,26,81,136,89,31,15.9,0.0,Standard FYM + Azotobacter Biofertilizer
lalitpur,undefined,Paddy (Chaite),Alluvial Loam,7.5,80,72,126,114,66,13,14.6,0.0,Standard FYM + Azotobacter Biofertilizer
bhaktapur,undefined,Wheat,Red Clay,6.79,27,78,78,145,63,32,11.1,0.0,Standard FYM + Azotobacter Biofertilizer
kavrepalanchok,undefined,Maize,Clay Loam,7.45,59,55,97,126,75,25,14.7,0.0,Standard FYM + Azotobacter Biofertilizer
dhading,undefined,Finger Millet,Red Clay,6.61,80,19,51,34,63,43,16.3,0.0,Standard FYM + Azotobacter Biofertilizer
nuwakot,undefined,Barley,Clay Loam,6.65,105,55,110,20,45,20,14.1,0.0,Standard FYM + Azotobacter Biofertilizer
makwanpur,undefined,Buckwheat,Calcareous Gravel,5.84,100,10,29,22,67,52,14.8,0.0,Standard FYM + Azotobacter Biofertilizer
sindhupalchok,undefined,Potato,Clay Loam,4.96,44,82,63,85,61,58,13.9,1.51,Neem Cake + Vermicompost (2 t/ha)
dolakha,undefined,Mustard,Humus Acidic Loam,6.52,45,25,84,55,60,30,10.0,0.0,Standard FYM + Azotobacter Biofertilizer
ramechhap,undefined,Soybean,Humus Acidic Loam,4.66,94,73,57,25,36,41,13.7,2.05,Neem Cake + Vermicompost (2 t/ha)
sindhuli,undefined,Lentil (Musuro),Red Clay,6.39,66,32,132,42,56,11,13.2,0.0,Standard FYM + Azotobacter Biofertilizer
rasuwa,undefined,Chickpea,Red Clay,5.44,93,49,126,26,48,13,14.6,0.65,Neem Cake + Vermicompost (2 t/ha)
gorkha,undefined,Pea,Calcareous Gravel,6.13,83,84,40,32,30,48,12.2,0.0,Standard FYM + Azotobacter Biofertilizer
kaski,undefined,Blackgram,Alluvial Loam,5.79,85,76,102,31,34,23,12.1,0.02,Neem Cake + Vermicompost (2 t/ha)
tanahun,undefined,Mungbean,Red Clay,5.52,94,81,119,25,32,16,10.0,0.5,Neem Cake + Vermicompost (2 t/ha)
syangja,undefined,Tomato,Clay Loam,4.51,84,72,29,61,36,52,17.0,2.32,Neem Cake + Vermicompost (2 t/ha)
lamjung,undefined,Cauliflower,Silt Loam,4.88,54,44,67,79,50,37,11.0,1.66,Neem Cake + Vermicompost (2 t/ha)
nawalpur,undefined,Cabbage,Sandy Loam,6.31,101,40,61,21,52,39,16.0,0.0,Standard FYM + Azotobacter Biofertilizer
parbat,undefined,Onion,Silt Loam,6.71,81,37,93,33,54,26,10.1,0.0,Standard FYM + Azotobacter Biofertilizer
baglung,undefined,Garlic,Silt Loam,4.96,30,21,44,64,62,46,15.1,1.51,Neem Cake + Vermicompost (2 t/ha)
myagdi,undefined,Radish,Red Clay,7.48,25,50,41,67,47,47,10.1,0.0,Standard FYM + Azotobacter Biofertilizer
mustang,undefined,Ginger,Humus Acidic Loam,6.26,60,16,70,46,64,36,17.3,0.0,Standard FYM + Azotobacter Biofertilizer
manang,undefined,Cardamom,Humus Acidic Loam,6.34,50,64,100,52,40,24,16.8,0.0,Standard FYM + Azotobacter Biofertilizer
rupandehi,undefined,Tea,Humus Acidic Loam,7.31,56,15,87,48,65,49,16.9,0.0,Standard FYM + Azotobacter Biofertilizer
kapilvastu,undefined,Coffee,Humus Acidic Loam,5.97,91,71,123,27,37,14,17.3,0.0,Standard FYM + Azotobacter Biofertilizer
nawalparasi west,undefined,Sugarcane,Calcareous Gravel,4.83,100,10,67,102,67,57,10.2,1.75,Neem Cake + Vermicompost (2 t/ha)
palpa,undefined,Jute,Sandy Loam,6.77,53,22,74,50,61,34,11.1,0.0,Standard FYM + Azotobacter Biofertilizer
gulmi,undefined,Apple,Alluvial Loam,5.64,33,11,99,62,67,24,15.1,0.29,Neem Cake + Vermicompost (2 t/ha)
arghakhanchi,undefined,Orange/Citrus,Clay Loam,5.77,91,54,36,27,45,49,16.8,0.05,Neem Cake + Vermicompost (2 t/ha)
dang,undefined,Banana,Silt Loam,7.28,72,51,37,38,47,69,11.3,0.0,Standard FYM + Azotobacter Biofertilizer
pyuthan,undefined,Mango,Silt Loam,6.1,22,47,135,68,49,10,13.1,0.0,Standard FYM + Azotobacter Biofertilizer
rolpa,undefined,Paddy (Barkhe),Clay Loam,5.19,103,41,70,100,82,36,12.5,1.1,Neem Cake + Vermicompost (2 t/ha)
rukum east,undefined,Paddy (Chaite),Red Clay,6.01,46,77,38,134,64,48,17.6,0.0,Standard FYM + Azotobacter Biofertilizer
banke,undefined,Wheat,Red Clay,6.06,59,84,87,126,60,29,10.7,0.0,Standard FYM + Azotobacter Biofertilizer
bardiya,undefined,Maize,Clay Loam,7.67,55,38,64,129,83,38,14.3,0.0,Standard FYM + Azotobacter Biofertilizer
surkhet,undefined,Finger Millet,Red Clay,6.08,67,22,53,41,61,42,16.7,0.0,Standard FYM + Azotobacter Biofertilizer
dailekh,undefined,Barley,Clay Loam,5.5,43,24,31,56,60,51,12.7,0.54,Neem Cake + Vermicompost (2 t/ha)
jajarkot,undefined,Buckwheat,Sandy Loam,5.28,94,50,44,25,47,46,14.7,0.94,Neem Cake + Vermicompost (2 t/ha)
rukum west,undefined,Potato,Red Clay,5.97,76,46,71,66,79,55,18.0,0.0,Standard FYM + Azotobacter Biofertilizer
jumla,undefined,Mustard,Sandy Loam,5.49,49,69,78,52,38,32,15.8,0.56,Neem Cake + Vermicompost (2 t/ha)
kalikot,undefined,Soybean,Sandy Loam,7.31,83,78,40,32,33,48,14.7,0.0,Standard FYM + Azotobacter Biofertilizer
mugu,undefined,Lentil (Musuro),Silt Loam,6.88,68,75,40,41,35,48,16.3,0.0,Standard FYM + Azotobacter Biofertilizer
humla,undefined,Chickpea,Sandy Loam,4.69,81,45,28,33,50,52,17.8,2.0,Neem Cake + Vermicompost (2 t/ha)
dolpa,undefined,Pea,Clay Loam,6.03,108,46,124,20,49,14,14.7,0.0,Standard FYM + Azotobacter Biofertilizer
kailali,undefined,Blackgram,Silt Loam,6.12,67,52,75,41,46,34,14.8,0.0,Standard FYM + Azotobacter Biofertilizer
kanchanpur,undefined,Mungbean,Alluvial Loam,5.7,85,77,77,31,34,33,13.5,0.18,Neem Cake + Vermicompost (2 t/ha)
doti,undefined,Tomato,Calcareous Gravel,7.02,71,81,48,69,32,44,10.9,0.0,Standard FYM + Azotobacter Biofertilizer
achham,undefined,Cauliflower,Sandy Loam,4.51,77,32,52,65,56,43,12.5,2.32,Neem Cake + Vermicompost (2 t/ha)
dadeldhura,undefined,Cabbage,Clay Loam,5.98,65,56,131,43,44,11,10.2,0.0,Standard FYM + Azotobacter Biofertilizer
baitadi,undefined,Onion,Humus Acidic Loam,6.77,85,61,40,31,42,48,12.4,0.0,Standard FYM + Azotobacter Biofertilizer
bajhang,undefined,Garlic,Sandy Loam,7.15,45,25,135,55,60,10,10.1,0.0,Standard FYM + Azotobacter Biofertilizer
bajura,undefined,Radish,Clay Loam,5.16,109,16,25,20,64,54,10.4,1.15,Neem Cake + Vermicompost (2 t/ha)
darchula,undefined,Ginger,Sandy Loam,7.25,86,20,111,30,62,19,16.2,0.0,Standard FYM + Azotobacter Biofertilizer
jhapa,undefined,Cardamom,Alluvial Loam,7.03,96,56,35,24,44,50,13.9,0.0,Standard FYM + Azotobacter Biofertilizer
morang,undefined,Tea,Humus Acidic Loam,5.43,81,11,60,33,67,60,14.4,0.67,Neem Cake + Vermicompost (2 t/ha)
sunsari,undefined,Coffee,Humus Acidic Loam,7.17,105,15,134,20,65,10,14.2,0.0,Standard FYM + Azotobacter Biofertilizer
ilam,undefined,Sugarcane,Silt Loam,4.75,65,69,106,123,38,41,10.4,1.89,Neem Cake + Vermicompost (2 t/ha)
panchthar,undefined,Jute,Silt Loam,6.84,80,25,124,34,60,14,13.2,0.0,Standard FYM + Azotobacter Biofertilizer
taplejung,undefined,Apple,Calcareous Gravel,7.57,56,77,61,48,34,39,13.8,0.0,Standard FYM + Azotobacter Biofertilizer
dhankuta,undefined,Orange/Citrus,Alluvial Loam,6.31,39,12,49,58,66,44,13.3,0.0,Standard FYM + Azotobacter Biofertilizer
bhojpur,undefined,Banana,Alluvial Loam,4.91,99,47,76,22,49,53,14.7,1.6,Neem Cake + Vermicompost (2 t/ha)
terhathum,undefined,Mango,Humus Acidic Loam,4.74,81,28,107,33,58,21,16.6,1.91,Neem Cake + Vermicompost (2 t/ha)
sankhuwasabha,undefined,Paddy (Barkhe),Calcareous Gravel,6.32,66,20,114,122,92,18,12.2,0.0,Standard FYM + Azotobacter Biofertilizer
solukhumbu,undefined,Paddy (Chaite),Calcareous Gravel,5.02,99,71,107,102,67,21,12.2,1.4,Neem Cake + Vermicompost (2 t/ha)
khotang,undefined,Wheat,Alluvial Loam,5.55,20,48,30,150,78,52,12.2,0.45,Neem Cake + Vermicompost (2 t/ha)
okhaldhunga,undefined,Maize,Humus Acidic Loam,7.46,72,45,64,118,80,38,17.5,0.0,Standard FYM + Azotobacter Biofertilizer
udayapur,undefined,Finger Millet,Red Clay,7.57,94,19,89,25,63,28,16.9,0.0,Standard FYM + Azotobacter Biofertilizer
saptari,undefined,Barley,Sandy Loam,7.1,100,42,129,22,51,12,13.0,0.0,Standard FYM + Azotobacter Biofertilizer
siraha,undefined,Buckwheat,Sandy Loam,6.73,30,13,89,64,66,28,17.4,0.0,Standard FYM + Azotobacter Biofertilizer
dhanusha,undefined,Potato,Alluvial Loam,6.82,20,22,107,100,91,41,15.3,0.0,Standard FYM + Azotobacter Biofertilizer
mahottari,undefined,Mustard,Alluvial Loam,5.42,31,60,133,63,42,10,12.2,0.68,Neem Cake + Vermicompost (2 t/ha)
sarlahi,undefined,Soybean,Sandy Loam,7.08,77,13,66,35,66,37,17.7,0.0,Standard FYM + Azotobacter Biofertilizer
rautahat,undefined,Lentil (Musuro),Sandy Loam,7.36,62,18,97,44,63,25,16.2,0.0,Standard FYM + Azotobacter Biofertilizer
bara,undefined,Chickpea,Alluvial Loam,4.67,89,41,119,28,52,16,16.8,2.03,Neem Cake + Vermicompost (2 t/ha)
parsa,undefined,Pea,Alluvial Loam,6.67,62,76,49,44,34,44,15.4,0.0,Standard FYM + Azotobacter Biofertilizer
chitwan,undefined,Blackgram,Red Clay,4.62,55,79,39,49,33,48,15.9,2.12,Neem Cake + Vermicompost (2 t/ha)
kathmandu,undefined,Mungbean,Humus Acidic Loam,6.63,55,63,47,49,41,45,17.1,0.0,Standard FYM + Azotobacter Biofertilizer
lalitpur,undefined,Tomato,Sandy Loam,4.64,80,71,114,64,37,18,14.4,2.09,Neem Cake + Vermicompost (2 t/ha)
bhaktapur,undefined,Cauliflower,Calcareous Gravel,7.26,21,38,63,99,53,38,10.2,0.0,Standard FYM + Azotobacter Biofertilizer
kavrepalanchok,undefined,Cabbage,Sandy Loam,7.63,22,65,62,68,40,39,17.2,0.0,Standard FYM + Azotobacter Biofertilizer
dhading,undefined,Onion,Sandy Loam,4.53,61,82,84,45,31,30,15.4,2.29,Neem Cake + Vermicompost (2 t/ha)
nuwakot,undefined,Garlic,Sandy Loam,6.0,44,26,40,55,59,48,16.9,0.0,Standard FYM + Azotobacter Biofertilizer
makwanpur,undefined,Radish,Humus Acidic Loam,4.56,89,70,38,28,37,48,12.1,2.23,Neem Cake + Vermicompost (2 t/ha)
sindhupalchok,undefined,Ginger,Red Clay,5.63,86,26,98,30,59,24,14.6,0.31,Neem Cake + Vermicompost (2 t/ha)
dolakha,undefined,Cardamom,Clay Loam,6.69,69,75,102,40,35,23,14.4,0.0,Standard FYM + Azotobacter Biofertilizer
ramechhap,undefined,Tea,Alluvial Loam,6.5,46,25,42,54,60,67,17.2,0.0,Standard FYM + Azotobacter Biofertilizer
sindhuli,undefined,Coffee,Red Clay,5.25,42,46,110,56,49,20,13.8,0.99,Neem Cake + Vermicompost (2 t/ha)
rasuwa,undefined,Sugarcane,Silt Loam,6.42,109,27,86,96,59,49,15.2,0.0,Standard FYM + Azotobacter Biofertilizer
gorkha,undefined,Jute,Clay Loam,7.68,26,37,50,66,54,44,11.6,0.0,Standard FYM + Azotobacter Biofertilizer
kaski,undefined,Apple,Silt Loam,7.46,96,33,56,24,56,41,17.9,0.0,Standard FYM + Azotobacter Biofertilizer
tanahun,undefined,Orange/Citrus,Sandy Loam,5.78,80,29,64,34,58,38,17.3,0.04,Neem Cake + Vermicompost (2 t/ha)
syangja,undefined,Banana,Humus Acidic Loam,6.05,100,63,32,22,41,71,11.2,0.0,Standard FYM + Azotobacter Biofertilizer
lamjung,undefined,Mango,Red Clay,6.14,40,13,72,58,66,35,12.4,0.0,Standard FYM + Azotobacter Biofertilizer
nawalpur,undefined,Paddy (Barkhe),Silt Loam,5.3,65,60,33,123,72,50,12.2,0.9,Neem Cake + Vermicompost (2 t/ha)
parbat,undefined,Paddy (Chaite),Humus Acidic Loam,7.01,69,23,77,120,91,33,14.5,0.0,Standard FYM + Azotobacter Biofertilizer
baglung,undefined,Wheat,Humus Acidic Loam,5.97,38,13,122,139,96,15,17.8,0.0,Standard FYM + Azotobacter Biofertilizer
myagdi,undefined,Maize,Red Clay,6.24,55,59,37,129,73,49,15.1,0.0,Standard FYM + Azotobacter Biofertilizer
mustang,undefined,Finger Millet,Sandy Loam,7.78,84,83,90,31,31,28,12.1,0.0,Standard FYM + Azotobacter Biofertilizer
manang,undefined,Barley,Alluvial Loam,7.53,35,26,26,61,59,53,10.1,0.0,Standard FYM + Azotobacter Biofertilizer
rupandehi,undefined,Buckwheat,Sandy Loam,7.12,101,80,135,21,32,10,14.2,0.0,Standard FYM + Azotobacter Biofertilizer
kapilvastu,undefined,Potato,Silt Loam,7.69,55,74,113,79,65,38,12.5,0.0,Standard FYM + Azotobacter Biofertilizer
nawalparasi west,undefined,Mustard,Humus Acidic Loam,6.61,79,22,89,34,61,28,16.2,0.0,Standard FYM + Azotobacter Biofertilizer
palpa,undefined,Soybean,Humus Acidic Loam,6.49,95,68,68,25,38,36,14.4,0.0,Standard FYM + Azotobacter Biofertilizer
gulmi,undefined,Lentil (Musuro),Calcareous Gravel,6.59,39,34,122,58,55,15,15.8,0.0,Standard FYM + Azotobacter Biofertilizer
arghakhanchi,undefined,Chickpea,Clay Loam,5.34,42,40,127,56,52,13,10.0,0.83,Neem Cake + Vermicompost (2 t/ha)
dang,undefined,Pea,Sandy Loam,5.45,55,78,139,49,33,10,10.4,0.63,Neem Cake + Vermicompost (2 t/ha)
pyuthan,undefined,Blackgram,Red Clay,6.09,77,16,28,35,64,52,10.5,0.0,Standard FYM + Azotobacter Biofertilizer
rolpa,undefined,Mungbean,Calcareous Gravel,6.4,52,69,53,50,38,42,14.5,0.0,Standard FYM + Azotobacter Biofertilizer
rukum east,undefined,Tomato,Clay Loam,5.87,96,77,125,54,34,14,17.8,0.0,Standard FYM + Azotobacter Biofertilizer
banke,undefined,Cauliflower,Calcareous Gravel,6.17,39,12,29,88,66,52,11.4,0.0,Standard FYM + Azotobacter Biofertilizer
bardiya,undefined,Cabbage,Silt Loam,6.74,40,42,107,58,51,21,14.5,0.0,Standard FYM + Azotobacter Biofertilizer
surkhet,undefined,Onion,Red Clay,6.21,88,31,65,29,57,38,17.2,0.0,Standard FYM + Azotobacter Biofertilizer
dailekh,undefined,Garlic,Calcareous Gravel,7.29,56,67,119,48,39,16,17.1,0.0,Standard FYM + Azotobacter Biofertilizer
jajarkot,undefined,Radish,Silt Loam,5.18,73,23,63,38,61,38,16.8,1.12,Neem Cake + Vermicompost (2 t/ha)
rukum west,undefined,Ginger,Sandy Loam,6.6,52,32,126,50,56,13,13.7,0.0,Standard FYM + Azotobacter Biofertilizer
jumla,undefined,Cardamom,Calcareous Gravel,7.18,95,34,104,25,55,22,16.2,0.0,Standard FYM + Azotobacter Biofertilizer
kalikot,undefined,Tea,Silt Loam,7.22,66,44,30,42,50,72,12.3,0.0,Standard FYM + Azotobacter Biofertilizer
mugu,undefined,Coffee,Red Clay,4.62,31,67,25,63,39,54,13.3,2.12,Neem Cake + Vermicompost (2 t/ha)
humla,undefined,Sugarcane,Humus Acidic Loam,5.7,85,25,48,111,60,64,10.1,0.18,Neem Cake + Vermicompost (2 t/ha)
dolpa,undefined,Jute,Sandy Loam,5.26,20,64,136,70,40,10,11.8,0.97,Neem Cake + Vermicompost (2 t/ha)
kailali,undefined,Apple,Calcareous Gravel,6.61,57,66,95,47,39,26,17.2,0.0,Standard FYM + Azotobacter Biofertilizer
kanchanpur,undefined,Orange/Citrus,Red Clay,6.85,93,23,67,26,61,37,17.2,0.0,Standard FYM + Azotobacter Biofertilizer
doti,undefined,Banana,Humus Acidic Loam,5.84,39,67,87,58,39,49,11.2,0.0,Standard FYM + Azotobacter Biofertilizer
achham,undefined,Mango,Clay Loam,5.87,87,11,55,29,67,42,14.1,0.0,Standard FYM + Azotobacter Biofertilizer
dadeldhura,undefined,Paddy (Barkhe),Alluvial Loam,7.64,23,29,94,148,88,26,12.4,0.0,Standard FYM + Azotobacter Biofertilizer
baitadi,undefined,Paddy (Chaite),Alluvial Loam,4.93,70,68,106,120,68,21,11.4,1.57,Neem Cake + Vermicompost (2 t/ha)
bajhang,undefined,Wheat,Alluvial Loam,7.58,94,62,107,105,71,21,13.7,0.0,Standard FYM + Azotobacter Biofertilizer
bajura,undefined,Maize,Alluvial Loam,4.9,31,73,64,143,66,38,10.2,1.62,Neem Cake + Vermicompost (2 t/ha)
darchula,undefined,Finger Millet,Alluvial Loam,5.14,51,35,137,51,55,10,16.9,1.19,Neem Cake + Vermicompost (2 t/ha)
jhapa,undefined,Barley,Calcareous Gravel,7.02,80,42,88,34,51,28,12.5,0.0,Standard FYM + Azotobacter Biofertilizer
morang,undefined,Buckwheat,Silt Loam,5.04,90,65,69,28,40,36,10.2,1.37,Neem Cake + Vermicompost (2 t/ha)
sunsari,undefined,Potato,Sandy Loam,4.91,91,56,121,57,74,35,10.8,1.6,Neem Cake + Vermicompost (2 t/ha)
ilam,undefined,Mustard,Clay Loam,6.15,83,50,87,32,47,29,13.4,0.0,Standard FYM + Azotobacter Biofertilizer
panchthar,undefined,Soybean,Red Clay,6.87,97,23,117,23,61,17,14.4,0.0,Standard FYM + Azotobacter Biofertilizer
taplejung,undefined,Lentil (Musuro),Sandy Loam,5.25,99,70,102,22,37,23,15.0,0.99,Neem Cake + Vermicompost (2 t/ha)
dhankuta,undefined,Chickpea,Silt Loam,7.38,80,69,53,34,38,42,15.0,0.0,Standard FYM + Azotobacter Biofertilizer
bhojpur,undefined,Pea,Clay Loam,7.31,108,57,53,20,44,42,11.3,0.0,Standard FYM + Azotobacter Biofertilizer
terhathum,undefined,Blackgram,Alluvial Loam,6.31,45,33,65,55,56,38,15.0,0.0,Standard FYM + Azotobacter Biofertilizer
sankhuwasabha,undefined,Mungbean,Alluvial Loam,5.92,99,55,53,22,45,42,12.8,0.0,Standard FYM + Azotobacter Biofertilizer
solukhumbu,undefined,Tomato,Silt Loam,5.93,81,34,31,63,55,51,13.0,0.0,Standard FYM + Azotobacter Biofertilizer
khotang,undefined,Cauliflower,Sandy Loam,7.74,90,65,38,58,40,48,16.2,0.0,Standard FYM + Azotobacter Biofertilizer
okhaldhunga,undefined,Cabbage,Humus Acidic Loam,6.48,109,34,133,20,55,10,17.3,0.0,Standard FYM + Azotobacter Biofertilizer
udayapur,undefined,Onion,Silt Loam,5.99,107,17,87,20,64,29,17.8,0.0,Standard FYM + Azotobacter Biofertilizer
saptari,undefined,Garlic,Alluvial Loam,6.94,83,41,64,32,52,38,13.2,0.0,Standard FYM + Azotobacter Biofertilizer
siraha,undefined,Radish,Clay Loam,6.5,66,65,97,42,40,25,14.4,0.0,Standard FYM + Azotobacter Biofertilizer
dhanusha,undefined,Ginger,Humus Acidic Loam,7.7,74,15,33,37,65,50,17.6,0.0,Standard FYM + Azotobacter Biofertilizer
mahottari,undefined,Cardamom,Clay Loam,5.92,82,44,35,32,50,50,14.4,0.0,Standard FYM + Azotobacter Biofertilizer
sarlahi,undefined,Tea,Red Clay,4.55,106,28,102,20,58,43,15.7,2.25,Neem Cake + Vermicompost (2 t/ha)
rautahat,undefined,Coffee,Humus Acidic Loam,5.53,44,54,124,55,45,14,17.6,0.49,Neem Cake + Vermicompost (2 t/ha)
bara,undefined,Sugarcane,Silt Loam,5.98,75,25,132,117,60,31,10.1,0.0,Standard FYM + Azotobacter Biofertilizer
parsa,undefined,Jute,Humus Acidic Loam,6.56,53,13,97,50,66,25,13.1,0.0,Standard FYM + Azotobacter Biofertilizer
chitwan,undefined,Apple,Calcareous Gravel,5.34,60,81,70,46,32,36,16.7,0.83,Neem Cake + Vermicompost (2 t/ha)
kathmandu,undefined,Orange/Citrus,Silt Loam,6.94,39,59,82,58,43,31,15.9,0.0,Standard FYM + Azotobacter Biofertilizer
lalitpur,undefined,Banana,Silt Loam,4.81,87,78,74,29,33,54,12.1,1.78,Neem Cake + Vermicompost (2 t/ha)
bhaktapur,undefined,Mango,Red Clay,6.19,59,84,51,46,30,43,14.4,0.0,Standard FYM + Azotobacter Biofertilizer
kavrepalanchok,undefined,Paddy (Barkhe),Alluvial Loam,5.3,84,16,47,111,94,45,17.0,0.9,Neem Cake + Vermicompost (2 t/ha)
dhading,undefined,Paddy (Chaite),Sandy Loam,4.55,42,26,56,136,89,41,12.0,2.25,Neem Cake + Vermicompost (2 t/ha)
nuwakot,undefined,Wheat,Clay Loam,6.01,85,55,102,111,75,23,10.6,0.0,Standard FYM + Azotobacter Biofertilizer
makwanpur,undefined,Maize,Calcareous Gravel,7.27,92,71,132,106,67,11,14.4,0.0,Standard FYM + Azotobacter Biofertilizer
sindhupalchok,undefined,Finger Millet,Humus Acidic Loam,5.81,66,29,138,42,58,10,12.3,0.0,Standard FYM + Azotobacter Biofertilizer
dolakha,undefined,Barley,Humus Acidic Loam,5.72,102,53,86,20,46,29,12.2,0.14,Neem Cake + Vermicompost (2 t/ha)
ramechhap,undefined,Buckwheat,Sandy Loam,7.52,97,12,115,23,66,18,13.3,0.0,Standard FYM + Azotobacter Biofertilizer
sindhuli,undefined,Potato,Silt Loam,5.32,83,42,75,62,81,54,15.2,0.86,Neem Cake + Vermicompost (2 t/ha)
rasuwa,undefined,Mustard,Red Clay,7.09,57,47,115,47,49,18,14.8,0.0,Standard FYM + Azotobacter Biofertilizer
gorkha,undefined,Soybean,Red Clay,5.49,65,14,81,43,65,31,17.4,0.56,Neem Cake + Vermicompost (2 t/ha)
kaski,undefined,Lentil (Musuro),Calcareous Gravel,5.43,84,10,72,31,67,35,17.4,0.67,Neem Cake + Vermicompost (2 t/ha)
tanahun,undefined,Chickpea,Red Clay,5.03,26,23,101,66,61,23,17.1,1.39,Neem Cake + Vermicompost (2 t/ha)
syangja,undefined,Pea,Red Clay,7.23,60,70,25,46,37,54,17.4,0.0,Standard FYM + Azotobacter Biofertilizer
lamjung,undefined,Blackgram,Clay Loam,6.2,68,36,65,41,54,38,16.6,0.0,Standard FYM + Azotobacter Biofertilizer
nawalpur,undefined,Mungbean,Alluvial Loam,7.23,39,70,115,58,37,18,15.1,0.0,Standard FYM + Azotobacter Biofertilizer
parbat,undefined,Tomato,Alluvial Loam,6.17,104,75,36,49,35,49,13.1,0.0,Standard FYM + Azotobacter Biofertilizer
baglung,undefined,Cauliflower,Clay Loam,7.24,51,49,116,81,48,17,17.1,0.0,Standard FYM + Azotobacter Biofertilizer
myagdi,undefined,Cabbage,Sandy Loam,7.33,87,42,95,29,51,26,11.3,0.0,Standard FYM + Azotobacter Biofertilizer
mustang,undefined,Onion,Red Clay,5.86,84,38,81,31,53,31,13.4,0.0,Standard FYM + Azotobacter Biofertilizer
manang,undefined,Garlic,Calcareous Gravel,4.51,84,64,84,31,40,30,11.3,2.32,Neem Cake + Vermicompost (2 t/ha)
rupandehi,undefined,Radish,Alluvial Loam,5.64,57,64,126,47,40,13,11.0,0.29,Neem Cake + Vermicompost (2 t/ha)
kapilvastu,undefined,Ginger,Calcareous Gravel,4.85,40,48,94,58,48,26,12.0,1.71,Neem Cake + Vermicompost (2 t/ha)
nawalparasi west,undefined,Cardamom,Calcareous Gravel,5.3,44,35,111,55,55,19,14.6,0.9,Neem Cake + Vermicompost (2 t/ha)
palpa,undefined,Tea,Clay Loam,6.34,57,42,87,47,51,49,15.6,0.0,Standard FYM + Azotobacter Biofertilizer
gulmi,undefined,Coffee,Calcareous Gravel,6.99,38,34,87,59,55,29,14.6,0.0,Standard FYM + Azotobacter Biofertilizer
arghakhanchi,undefined,Sugarcane,Red Clay,6.26,30,55,38,144,45,68,12.7,0.0,Standard FYM + Azotobacter Biofertilizer
dang,undefined,Jute,Silt Loam,6.19,30,67,103,64,39,22,16.2,0.0,Standard FYM + Azotobacter Biofertilizer
pyuthan,undefined,Apple,Calcareous Gravel,5.88,21,69,32,69,38,51,13.8,0.0,Standard FYM + Azotobacter Biofertilizer
rolpa,undefined,Orange/Citrus,Calcareous Gravel,7.42,39,63,126,58,41,13,15.9,0.0,Standard FYM + Azotobacter Biofertilizer
rukum east,undefined,Banana,Alluvial Loam,6.27,95,71,121,25,37,35,13.9,0.0,Standard FYM + Azotobacter Biofertilizer
banke,undefined,Mango,Clay Loam,5.44,67,48,119,41,48,16,13.2,0.65,Neem Cake + Vermicompost (2 t/ha)
bardiya,undefined,Paddy (Barkhe),Calcareous Gravel,6.04,26,39,117,146,83,17,17.2,0.0,Standard FYM + Azotobacter Biofertilizer
surkhet,undefined,Paddy (Chaite),Silt Loam,4.72,98,39,87,103,83,29,17.7,1.94,Neem Cake + Vermicompost (2 t/ha)
dailekh,undefined,Wheat,Sandy Loam,6.3,108,43,84,97,81,30,17.9,0.0,Standard FYM + Azotobacter Biofertilizer
jajarkot,undefined,Maize,Sandy Loam,7.79,70,34,50,120,85,44,12.8,0.0,Standard FYM + Azotobacter Biofertilizer
rukum west,undefined,Finger Millet,Clay Loam,6.83,53,37,30,50,54,52,12.8,0.0,Standard FYM + Azotobacter Biofertilizer
jumla,undefined,Barley,Clay Loam,5.75,94,73,67,25,36,37,15.1,0.09,Neem Cake + Vermicompost (2 t/ha)
kalikot,undefined,Buckwheat,Silt Loam,7.05,69,14,113,40,65,18,14.7,0.0,Standard FYM + Azotobacter Biofertilizer
mugu,undefined,Potato,Red Clay,6.22,51,60,112,81,72,39,10.1,0.0,Standard FYM + Azotobacter Biofertilizer
humla,undefined,Mustard,Clay Loam,6.55,86,22,47,30,61,45,17.1,0.0,Standard FYM + Azotobacter Biofertilizer
dolpa,undefined,Soybean,Red Clay,5.02,43,55,74,56,45,34,16.2,1.4,Neem Cake + Vermicompost (2 t/ha)
kailali,undefined,Lentil (Musuro),Silt Loam,6.41,76,21,79,36,62,32,15.7,0.0,Standard FYM + Azotobacter Biofertilizer
kanchanpur,undefined,Chickpea,Humus Acidic Loam,5.77,72,23,93,38,61,26,16.9,0.05,Neem Cake + Vermicompost (2 t/ha)
doti,undefined,Pea,Humus Acidic Loam,7.5,65,24,33,43,60,50,15.6,0.0,Standard FYM + Azotobacter Biofertilizer
achham,undefined,Blackgram,Sandy Loam,5.96,60,81,74,46,32,34,14.4,0.0,Standard FYM + Azotobacter Biofertilizer
dadeldhura,undefined,Mungbean,Alluvial Loam,5.37,104,57,62,20,44,39,12.2,0.77,Neem Cake + Vermicompost (2 t/ha)
baitadi,undefined,Tomato,Sandy Loam,6.03,45,59,119,85,43,16,10.5,0.0,Standard FYM + Azotobacter Biofertilizer
bajhang,undefined,Cauliflower,Red Clay,7.19,90,67,46,58,39,45,10.7,0.0,Standard FYM + Azotobacter Biofertilizer
bajura,undefined,Cabbage,Red Clay,6.97,33,26,78,62,59,32,12.1,0.0,Standard FYM + Azotobacter Biofertilizer
darchula,undefined,Onion,Red Clay,7.4,41,51,29,57,47,52,15.3,0.0,Standard FYM + Azotobacter Biofertilizer
jhapa,undefined,Garlic,Humus Acidic Loam,5.92,38,48,109,59,48,20,13.5,0.0,Standard FYM + Azotobacter Biofertilizer
morang,undefined,Radish,Red Clay,7.22,96,28,91,24,58,27,10.5,0.0,Standard FYM + Azotobacter Biofertilizer
sunsari,undefined,Ginger,Clay Loam,7.8,49,66,117,52,39,17,16.9,0.0,Standard FYM + Azotobacter Biofertilizer
ilam,undefined,Cardamom,Red Clay,6.04,71,32,61,39,56,39,17.7,0.0,Standard FYM + Azotobacter Biofertilizer
panchthar,undefined,Tea,Clay Loam,5.69,90,52,60,28,46,60,15.2,0.2,Neem Cake + Vermicompost (2 t/ha)
taplejung,undefined,Coffee,Clay Loam,4.55,21,78,106,69,33,21,12.5,2.25,Neem Cake + Vermicompost (2 t/ha)
dhankuta,undefined,Sugarcane,Calcareous Gravel,7.26,75,52,96,117,46,45,16.9,0.0,Standard FYM + Azotobacter Biofertilizer
bhojpur,undefined,Jute,Silt Loam,5.79,26,57,109,66,44,20,15.4,0.02,Neem Cake + Vermicompost (2 t/ha)
terhathum,undefined,Apple,Red Clay,5.78,40,54,131,58,45,11,17.4,0.04,Neem Cake + Vermicompost (2 t/ha)
sankhuwasabha,undefined,Orange/Citrus,Calcareous Gravel,6.54,76,45,75,36,50,34,14.0,0.0,Standard FYM + Azotobacter Biofertilizer
solukhumbu,undefined,Banana,Humus Acidic Loam,7.15,84,54,31,31,45,71,13.6,0.0,Standard FYM + Azotobacter Biofertilizer
khotang,undefined,Mango,Silt Loam,5.7,97,18,131,23,63,11,15.1,0.18,Neem Cake + Vermicompost (2 t/ha)
okhaldhunga,undefined,Paddy (Barkhe),Calcareous Gravel,6.78,82,58,56,112,73,41,11.2,0.0,Standard FYM + Azotobacter Biofertilizer
udayapur,undefined,Paddy (Chaite),Calcareous Gravel,6.48,36,62,77,140,71,33,15.3,0.0,Standard FYM + Azotobacter Biofertilizer
saptari,undefined,Wheat,Red Clay,7.63,25,61,27,147,72,53,11.4,0.0,Standard FYM + Azotobacter Biofertilizer
siraha,undefined,Maize,Calcareous Gravel,7.27,92,82,86,106,61,29,13.9,0.0,Standard FYM + Azotobacter Biofertilizer
dhanusha,undefined,Finger Millet,Humus Acidic Loam,7.41,72,72,98,38,36,24,10.6,0.0,Standard FYM + Azotobacter Biofertilizer
mahottari,undefined,Barley,Clay Loam,6.46,51,13,28,51,66,52,13.4,0.0,Standard FYM + Azotobacter Biofertilizer
sarlahi,undefined,Buckwheat,Humus Acidic Loam,7.52,75,28,104,37,58,22,14.8,0.0,Standard FYM + Azotobacter Biofertilizer
rautahat,undefined,Potato,Red Clay,7.72,81,38,117,63,83,37,17.1,0.0,Standard FYM + Azotobacter Biofertilizer
bara,undefined,Mustard,Alluvial Loam,7.79,22,77,96,68,34,25,17.8,0.0,Standard FYM + Azotobacter Biofertilizer
parsa,undefined,Soybean,Calcareous Gravel,7.3,25,35,32,67,55,51,17.8,0.0,Standard FYM + Azotobacter Biofertilizer
chitwan,undefined,Lentil (Musuro),Alluvial Loam,6.71,100,32,88,22,56,28,16.3,0.0,Standard FYM + Azotobacter Biofertilizer
kathmandu,undefined,Chickpea,Calcareous Gravel,5.2,40,45,55,58,50,42,10.8,1.08,Neem Cake + Vermicompost (2 t/ha)
lalitpur,undefined,Pea,Sandy Loam,5.95,67,83,44,41,31,46,10.9,0.0,Standard FYM + Azotobacter Biofertilizer
bhaktapur,undefined,Blackgram,Sandy Loam,5.42,91,34,59,27,55,40,11.9,0.68,Neem Cake + Vermicompost (2 t/ha)
kavrepalanchok,undefined,Mungbean,Sandy Loam,7.23,52,36,59,50,54,40,17.8,0.0,Standard FYM + Azotobacter Biofertilizer
dhading,undefined,Tomato,Silt Loam,7.17,33,35,124,92,55,14,11.2,0.0,Standard FYM + Azotobacter Biofertilizer
nuwakot,undefined,Cauliflower,Calcareous Gravel,4.83,94,63,95,55,41,26,11.2,1.75,Neem Cake + Vermicompost (2 t/ha)
makwanpur,undefined,Cabbage,Humus Acidic Loam,7.08,47,33,25,53,56,54,11.4,0.0,Standard FYM + Azotobacter Biofertilizer
sindhupalchok,undefined,Onion,Calcareous Gravel,4.77,61,32,119,45,56,16,10.5,1.85,Neem Cake + Vermicompost (2 t/ha)
dolakha,undefined,Garlic,Silt Loam,6.01,85,53,101,31,46,23,16.2,0.0,Standard FYM + Azotobacter Biofertilizer
ramechhap,undefined,Radish,Calcareous Gravel,5.16,24,19,89,67,63,28,16.1,1.15,Neem Cake + Vermicompost (2 t/ha)
sindhuli,undefined,Ginger,Sandy Loam,4.55,67,45,100,41,50,24,14.5,2.25,Neem Cake + Vermicompost (2 t/ha)
rasuwa,undefined,Cardamom,Humus Acidic Loam,7.27,52,74,71,50,35,35,12.6,0.0,Standard FYM + Azotobacter Biofertilizer
gorkha,undefined,Tea,Sandy Loam,5.87,66,77,127,42,34,33,16.5,0.0,Standard FYM + Azotobacter Biofertilizer
kaski,undefined,Coffee,Humus Acidic Loam,6.37,72,46,99,38,49,24,11.8,0.0,Standard FYM + Azotobacter Biofertilizer
tanahun,undefined,Sugarcane,Calcareous Gravel,7.58,86,30,40,110,57,68,16.8,0.0,Standard FYM + Azotobacter Biofertilizer
syangja,undefined,Jute,Red Clay,5.42,39,23,119,58,61,16,12.3,0.68,Neem Cake + Vermicompost (2 t/ha)
lamjung,undefined,Apple,Red Clay,6.4,70,37,115,40,54,18,12.0,0.0,Standard FYM + Azotobacter Biofertilizer
nawalpur,undefined,Orange/Citrus,Silt Loam,5.71,27,51,122,65,47,15,16.4,0.16,Neem Cake + Vermicompost (2 t/ha)
parbat,undefined,Banana,Humus Acidic Loam,7.76,22,28,84,68,58,50,14.2,0.0,Standard FYM + Azotobacter Biofertilizer
baglung,undefined,Mango,Calcareous Gravel,5.37,20,75,116,70,35,17,15.0,0.77,Neem Cake + Vermicompost (2 t/ha)
myagdi,undefined,Paddy (Barkhe),Red Clay,5.27,43,51,47,136,77,45,12.4,0.95,Neem Cake + Vermicompost (2 t/ha)
mustang,undefined,Paddy (Chaite),Silt Loam,7.63,105,55,131,99,75,11,16.3,0.0,Standard FYM + Azotobacter Biofertilizer
manang,undefined,Wheat,Red Clay,6.04,61,67,42,125,69,47,13.9,0.0,Standard FYM + Azotobacter Biofertilizer
rupandehi,undefined,Maize,Silt Loam,6.19,83,80,68,112,62,36,15.7,0.0,Standard FYM + Azotobacter Biofertilizer
kapilvastu,undefined,Finger Millet,Silt Loam,5.06,22,25,64,68,60,38,14.1,1.33,Neem Cake + Vermicompost (2 t/ha)
nawalparasi west,undefined,Barley,Sandy Loam,6.71,62,68,39,44,38,48,15.0,0.0,Standard FYM + Azotobacter Biofertilizer
palpa,undefined,Buckwheat,Humus Acidic Loam,6.32,59,72,43,46,36,46,10.2,0.0,Standard FYM + Azotobacter Biofertilizer
gulmi,undefined,Potato,Silt Loam,5.21,50,44,113,82,80,38,17.3,1.06,Neem Cake + Vermicompost (2 t/ha)
arghakhanchi,undefined,Mustard,Clay Loam,5.07,54,70,70,49,37,36,16.0,1.31,Neem Cake + Vermicompost (2 t/ha)
dang,undefined,Soybean,Clay Loam,6.65,38,51,123,59,47,14,16.7,0.0,Standard FYM + Azotobacter Biofertilizer
pyuthan,undefined,Lentil (Musuro),Humus Acidic Loam,5.71,48,66,74,53,39,34,10.7,0.16,Neem Cake + Vermicompost (2 t/ha)
rolpa,undefined,Chickpea,Alluvial Loam,5.27,51,12,135,51,66,10,15.3,0.95,Neem Cake + Vermicompost (2 t/ha)
rukum east,undefined,Pea,Clay Loam,6.6,73,59,47,38,43,45,12.4,0.0,Standard FYM + Azotobacter Biofertilizer
banke,undefined,Blackgram,Humus Acidic Loam,7.63,99,65,56,22,40,41,12.3,0.0,Standard FYM + Azotobacter Biofertilizer
bardiya,undefined,Mungbean,Silt Loam,6.0,81,50,64,33,47,38,13.5,0.0,Standard FYM + Azotobacter Biofertilizer
surkhet,undefined,Tomato,Clay Loam,5.53,50,15,75,82,65,34,12.1,0.49,Neem Cake + Vermicompost (2 t/ha)
dailekh,undefined,Cauliflower,Silt Loam,7.77,68,83,132,71,31,11,13.6,0.0,Standard FYM + Azotobacter Biofertilizer
jajarkot,undefined,Cabbage,Humus Acidic Loam,4.7,28,22,93,65,61,26,11.2,1.98,Neem Cake + Vermicompost (2 t/ha)
rukum west,undefined,Onion,Humus Acidic Loam,5.98,102,24,25,20,60,54,10.5,0.0,Standard FYM + Azotobacter Biofertilizer
jumla,undefined,Garlic,Alluvial Loam,6.98,87,53,129,29,46,12,16.5,0.0,Standard FYM + Azotobacter Biofertilizer
kalikot,undefined,Radish,Silt Loam,7.61,90,44,124,28,50,14,12.0,0.0,Standard FYM + Azotobacter Biofertilizer
mugu,undefined,Ginger,Calcareous Gravel,5.83,99,77,129,22,34,12,12.5,0.0,Standard FYM + Azotobacter Biofertilizer
humla,undefined,Cardamom,Calcareous Gravel,4.85,59,64,133,46,40,10,14.8,1.71,Neem Cake + Vermicompost (2 t/ha)
dolpa,undefined,Tea,Sandy Loam,7.24,30,65,86,64,40,49,12.3,0.0,Standard FYM + Azotobacter Biofertilizer
kailali,undefined,Coffee,Calcareous Gravel,7.63,32,65,97,62,40,25,14.7,0.0,Standard FYM + Azotobacter Biofertilizer
kanchanpur,undefined,Sugarcane,Silt Loam,6.3,101,35,109,101,55,40,15.3,0.0,Standard FYM + Azotobacter Biofertilizer
doti,undefined,Jute,Silt Loam,4.85,98,49,105,23,48,22,13.3,1.71,Neem Cake + Vermicompost (2 t/ha)
achham,undefined,Apple,Silt Loam,5.58,20,71,117,70,37,17,10.8,0.4,Neem Cake + Vermicompost (2 t/ha)
dadeldhura,undefined,Orange/Citrus,Red Clay,4.75,52,16,92,50,64,27,11.8,1.89,Neem Cake + Vermicompost (2 t/ha)
baitadi,undefined,Banana,Clay Loam,6.46,86,12,100,30,66,44,14.3,0.0,Standard FYM + Azotobacter Biofertilizer
bajhang,undefined,Mango,Sandy Loam,7.38,91,66,89,27,39,28,12.0,0.0,Standard FYM + Azotobacter Biofertilizer
bajura,undefined,Paddy (Barkhe),Sandy Loam,7.75,43,82,74,136,61,34,12.8,0.0,Standard FYM + Azotobacter Biofertilizer
darchula,undefined,Paddy (Chaite),Calcareous Gravel,4.88,22,49,50,148,78,44,17.9,1.66,Neem Cake + Vermicompost (2 t/ha)
jhapa,undefined,Wheat,Alluvial Loam,5.33,71,36,119,119,84,16,16.6,0.85,Neem Cake + Vermicompost (2 t/ha)
morang,undefined,Maize,Humus Acidic Loam,7.46,91,21,30,107,92,52,14.5,0.0,Standard FYM + Azotobacter Biofertilizer
sunsari,undefined,Finger Millet,Red Clay,4.78,62,46,121,44,49,15,11.8,1.84,Neem Cake + Vermicompost (2 t/ha)
ilam,undefined,Barley,Calcareous Gravel,4.96,71,67,114,39,39,18,12.2,1.51,Neem Cake + Vermicompost (2 t/ha)
panchthar,undefined,Buckwheat,Clay Loam,4.56,81,15,73,33,65,34,14.8,2.23,Neem Cake + Vermicompost (2 t/ha)
taplejung,undefined,Potato,Calcareous Gravel,6.07,56,22,100,78,91,44,17.8,0.0,Standard FYM + Azotobacter Biofertilizer
dhankuta,undefined,Mustard,Alluvial Loam,7.56,96,26,52,24,59,43,14.1,0.0,Standard FYM + Azotobacter Biofertilizer
bhojpur,undefined,Soybean,Calcareous Gravel,7.6,79,15,65,34,65,38,14.4,0.0,Standard FYM + Azotobacter Biofertilizer
terhathum,undefined,Lentil (Musuro),Silt Loam,7.25,93,55,67,26,45,37,12.0,0.0,Standard FYM + Azotobacter Biofertilizer
sankhuwasabha,undefined,Chickpea,Alluvial Loam,5.97,87,49,86,29,48,29,12.2,0.0,Standard FYM + Azotobacter Biofertilizer
solukhumbu,undefined,Pea,Calcareous Gravel,5.8,36,21,120,60,62,16,10.3,0.0,Standard FYM + Azotobacter Biofertilizer
khotang,undefined,Blackgram,Red Clay,5.23,66,63,36,42,41,49,12.5,1.03,Neem Cake + Vermicompost (2 t/ha)
okhaldhunga,undefined,Mungbean,Calcareous Gravel,6.91,106,26,126,20,59,13,17.5,0.0,Standard FYM + Azotobacter Biofertilizer
udayapur,undefined,Tomato,Clay Loam,5.75,48,31,35,83,57,50,12.5,0.09,Neem Cake + Vermicompost (2 t/ha)
saptari,undefined,Cauliflower,Silt Loam,6.74,58,64,119,77,40,16,11.2,0.0,Standard FYM + Azotobacter Biofertilizer
siraha,undefined,Cabbage,Red Clay,4.53,104,27,37,20,59,49,16.1,2.29,Neem Cake + Vermicompost (2 t/ha)
dhanusha,undefined,Onion,Humus Acidic Loam,5.33,95,46,84,25,49,30,12.5,0.85,Neem Cake + Vermicompost (2 t/ha)
mahottari,undefined,Garlic,Sandy Loam,5.21,99,51,120,22,47,16,15.7,1.06,Neem Cake + Vermicompost (2 t/ha)
sarlahi,undefined,Radish,Sandy Loam,5.57,41,25,123,57,60,14,16.6,0.41,Neem Cake + Vermicompost (2 t/ha)
rautahat,undefined,Ginger,Clay Loam,7.62,56,68,55,48,38,42,17.9,0.0,Standard FYM + Azotobacter Biofertilizer
bara,undefined,Cardamom,Clay Loam,7.79,37,44,74,59,50,34,12.4,0.0,Standard FYM + Azotobacter Biofertilizer
parsa,undefined,Tea,Alluvial Loam,5.1,76,26,60,36,59,60,14.4,1.26,Neem Cake + Vermicompost (2 t/ha)
chitwan,undefined,Coffee,Humus Acidic Loam,7.06,31,52,75,63,46,34,16.4,0.0,Standard FYM + Azotobacter Biofertilizer
kathmandu,undefined,Sugarcane,Silt Loam,4.78,55,17,26,129,64,73,15.3,1.84,Neem Cake + Vermicompost (2 t/ha)
lalitpur,undefined,Jute,Sandy Loam,5.61,26,27,120,66,59,16,17.6,0.34,Neem Cake + Vermicompost (2 t/ha)
bhaktapur,undefined,Apple,Calcareous Gravel,4.95,40,75,131,58,35,11,13.4,1.53,Neem Cake + Vermicompost (2 t/ha)
kavrepalanchok,undefined,Orange/Citrus,Humus Acidic Loam,5.21,57,10,123,47,67,14,15.8,1.06,Neem Cake + Vermicompost (2 t/ha)
dhading,undefined,Banana,Humus Acidic Loam,7.08,48,28,105,53,58,42,12.9,0.0,Standard FYM + Azotobacter Biofertilizer
nuwakot,undefined,Mango,Sandy Loam,7.71,68,30,106,41,57,21,12.2,0.0,Standard FYM + Azotobacter Biofertilizer
makwanpur,undefined,Paddy (Barkhe),Calcareous Gravel,4.94,66,24,35,122,90,50,13.3,1.55,Neem Cake + Vermicompost (2 t/ha)
sindhupalchok,undefined,Paddy (Chaite),Clay Loam,7.16,40,26,118,138,89,16,17.4,0.0,Standard FYM + Azotobacter Biofertilizer
dolakha,undefined,Wheat,Sandy Loam,5.99,50,75,34,132,65,50,11.7,0.0,Standard FYM + Azotobacter Biofertilizer
ramechhap,undefined,Maize,Silt Loam,6.69,98,66,108,103,69,20,13.9,0.0,Standard FYM + Azotobacter Biofertilizer
sindhuli,undefined,Finger Millet,Calcareous Gravel,6.25,34,52,117,61,46,17,16.1,0.0,Standard FYM + Azotobacter Biofertilizer
rasuwa,undefined,Barley,Sandy Loam,6.31,86,35,71,30,55,35,11.0,0.0,Standard FYM + Azotobacter Biofertilizer
gorkha,undefined,Buckwheat,Silt Loam,4.69,23,39,105,68,53,22,11.5,2.0,Neem Cake + Vermicompost (2 t/ha)
kaski,undefined,Potato,Humus Acidic Loam,7.72,51,35,60,81,85,60,11.0,0.0,Standard FYM + Azotobacter Biofertilizer
tanahun,undefined,Mustard,Clay Loam,5.86,41,60,119,57,42,16,15.4,0.0,Standard FYM + Azotobacter Biofertilizer
syangja,undefined,Soybean,Sandy Loam,4.85,24,59,86,67,43,29,10.7,1.71,Neem Cake + Vermicompost (2 t/ha)
lamjung,undefined,Lentil (Musuro),Sandy Loam,5.39,27,84,42,65,30,47,17.9,0.74,Neem Cake + Vermicompost (2 t/ha)
nawalpur,undefined,Chickpea,Clay Loam,5.06,51,67,83,51,39,30,15.1,1.33,Neem Cake + Vermicompost (2 t/ha)
parbat,undefined,Pea,Calcareous Gravel,6.04,75,40,74,37,52,34,12.6,0.0,Standard FYM + Azotobacter Biofertilizer
baglung,undefined,Blackgram,Alluvial Loam,6.15,78,11,74,35,67,34,12.2,0.0,Standard FYM + Azotobacter Biofertilizer
myagdi,undefined,Mungbean,Clay Loam,6.34,90,11,119,28,67,16,10.3,0.0,Standard FYM + Azotobacter Biofertilizer
mustang,undefined,Tomato,Alluvial Loam,6.12,37,58,114,89,43,18,16.3,0.0,Standard FYM + Azotobacter Biofertilizer
manang,undefined,Cauliflower,Silt Loam,7.36,29,19,137,94,63,10,15.4,0.0,Standard FYM + Azotobacter Biofertilizer
rupandehi,undefined,Cabbage,Red Clay,4.95,33,76,133,62,34,10,16.1,1.53,Neem Cake + Vermicompost (2 t/ha)
kapilvastu,undefined,Onion,Silt Loam,6.4,58,30,113,47,57,18,11.8,0.0,Standard FYM + Azotobacter Biofertilizer
nawalparasi west,undefined,Garlic,Sandy Loam,7.61,49,59,100,52,43,24,12.0,0.0,Standard FYM + Azotobacter Biofertilizer
palpa,undefined,Radish,Humus Acidic Loam,4.93,74,73,30,37,36,52,15.9,1.57,Neem Cake + Vermicompost (2 t/ha)
gulmi,undefined,Ginger,Silt Loam,5.11,73,40,39,38,52,48,10.2,1.24,Neem Cake + Vermicompost (2 t/ha)
arghakhanchi,undefined,Cardamom,Silt Loam,4.77,43,12,97,56,66,25,13.4,1.85,Neem Cake + Vermicompost (2 t/ha)
dang,undefined,Tea,Sandy Loam,6.89,64,57,117,43,44,37,13.2,0.0,Standard FYM + Azotobacter Biofertilizer
pyuthan,undefined,Coffee,Calcareous Gravel,7.44,71,52,82,39,46,31,10.6,0.0,Standard FYM + Azotobacter Biofertilizer
rolpa,undefined,Sugarcane,Humus Acidic Loam,7.27,31,70,124,143,37,34,11.2,0.0,Standard FYM + Azotobacter Biofertilizer
rukum east,undefined,Jute,Humus Acidic Loam,6.86,46,49,105,54,48,22,17.2,0.0,Standard FYM + Azotobacter Biofertilizer
banke,undefined,Apple,Alluvial Loam,5.52,95,56,91,25,44,27,12.0,0.5,Neem Cake + Vermicompost (2 t/ha)
bardiya,undefined,Orange/Citrus,Red Clay,5.4,39,59,97,58,43,25,14.7,0.72,Neem Cake + Vermicompost (2 t/ha)
surkhet,undefined,Banana,Calcareous Gravel,4.64,81,77,121,33,34,35,11.0,2.09,Neem Cake + Vermicompost (2 t/ha)
dailekh,undefined,Mango,Humus Acidic Loam,4.94,28,72,130,65,36,12,15.2,1.55,Neem Cake + Vermicompost (2 t/ha)
jajarkot,undefined,Paddy (Barkhe),Red Clay,7.45,78,31,59,115,87,40,17.1,0.0,Standard FYM + Azotobacter Biofertilizer
rukum west,undefined,Paddy (Chaite),Red Clay,6.85,52,29,26,130,88,53,14.3,0.0,Standard FYM + Azotobacter Biofertilizer
jumla,undefined,Wheat,Red Clay,7.66,70,48,34,120,78,50,14.4,0.0,Standard FYM + Azotobacter Biofertilizer
kalikot,undefined,Maize,Humus Acidic Loam,6.7,108,26,69,97,89,36,13.8,0.0,Standard FYM + Azotobacter Biofertilizer
mugu,undefined,Finger Millet,Sandy Loam,4.82,35,84,76,61,30,33,14.3,1.76,Neem Cake + Vermicompost (2 t/ha)
humla,undefined,Barley,Silt Loam,4.72,100,44,61,22,50,39,13.8,1.94,Neem Cake + Vermicompost (2 t/ha)
dolpa,undefined,Buckwheat,Alluvial Loam,5.83,80,61,61,34,42,39,11.1,0.0,Standard FYM + Azotobacter Biofertilizer
kailali,undefined,Potato,Clay Loam,6.94,79,18,90,64,93,48,12.1,0.0,Standard FYM + Azotobacter Biofertilizer
kanchanpur,undefined,Mustard,Calcareous Gravel,7.38,64,64,96,43,40,25,11.5,0.0,Standard FYM + Azotobacter Biofertilizer
doti,undefined,Soybean,Sandy Loam,7.03,47,46,116,53,49,17,11.9,0.0,Standard FYM + Azotobacter Biofertilizer
achham,undefined,Lentil (Musuro),Sandy Loam,6.32,67,31,59,41,57,40,12.2,0.0,Standard FYM + Azotobacter Biofertilizer
dadeldhura,undefined,Chickpea,Alluvial Loam,4.78,25,17,92,67,64,27,14.4,1.84,Neem Cake + Vermicompost (2 t/ha)
baitadi,undefined,Pea,Humus Acidic Loam,4.66,46,79,85,54,33,30,12.2,2.05,Neem Cake + Vermicompost (2 t/ha)
bajhang,undefined,Blackgram,Humus Acidic Loam,5.33,47,56,128,53,44,12,16.5,0.85,Neem Cake + Vermicompost (2 t/ha)
bajura,undefined,Mungbean,Clay Loam,4.95,100,15,129,22,65,12,18.0,1.53,Neem Cake + Vermicompost (2 t/ha)
darchula,undefined,Tomato,Sandy Loam,6.82,70,36,129,70,54,12,10.2,0.0,Standard FYM + Azotobacter Biofertilizer
jhapa,undefined,Cauliflower,Alluvial Loam,7.72,94,32,136,55,56,10,15.0,0.0,Standard FYM + Azotobacter Biofertilizer
morang,undefined,Cabbage,Alluvial Loam,6.73,47,37,88,53,54,28,16.3,0.0,Standard FYM + Azotobacter Biofertilizer
sunsari,undefined,Onion,Silt Loam,6.43,107,38,32,20,53,51,12.7,0.0,Standard FYM + Azotobacter Biofertilizer
ilam,undefined,Garlic,Sandy Loam,5.05,25,47,37,67,49,49,10.9,1.35,Neem Cake + Vermicompost (2 t/ha)
panchthar,undefined,Radish,Sandy Loam,5.82,30,76,72,64,34,35,13.1,0.0,Standard FYM + Azotobacter Biofertilizer
taplejung,undefined,Ginger,Calcareous Gravel,6.53,61,39,77,45,53,33,13.3,0.0,Standard FYM + Azotobacter Biofertilizer
dhankuta,undefined,Cardamom,Calcareous Gravel,6.64,105,21,79,20,62,32,14.8,0.0,Standard FYM + Azotobacter Biofertilizer
bhojpur,undefined,Tea,Red Clay,4.87,98,32,43,23,56,66,15.4,1.67,Neem Cake + Vermicompost (2 t/ha)
terhathum,undefined,Coffee,Sandy Loam,6.92,38,14,88,59,65,28,14.8,0.0,Standard FYM + Azotobacter Biofertilizer
sankhuwasabha,undefined,Sugarcane,Alluvial Loam,4.83,30,29,58,144,58,60,14.2,1.75,Neem Cake + Vermicompost (2 t/ha)
solukhumbu,undefined,Jute,Clay Loam,6.37,101,39,59,21,53,40,11.1,0.0,Standard FYM + Azotobacter Biofertilizer
khotang,undefined,Apple,Calcareous Gravel,7.37,53,56,85,50,44,30,12.6,0.0,Standard FYM + Azotobacter Biofertilizer
okhaldhunga,undefined,Orange/Citrus,Calcareous Gravel,6.16,38,33,116,59,56,17,17.3,0.0,Standard FYM + Azotobacter Biofertilizer
udayapur,undefined,Banana,Sandy Loam,7.09,44,80,39,55,32,68,17.0,0.0,Standard FYM + Azotobacter Biofertilizer
saptari,undefined,Mango,Calcareous Gravel,5.57,55,55,117,49,45,17,13.8,0.41,Neem Cake + Vermicompost (2 t/ha)
siraha,undefined,Paddy (Barkhe),Silt Loam,6.42,104,60,80,99,72,32,16.5,0.0,Standard FYM + Azotobacter Biofertilizer
dhanusha,undefined,Paddy (Chaite),Humus Acidic Loam,6.54,50,75,26,132,65,53,11.8,0.0,Standard FYM + Azotobacter Biofertilizer
mahottari,undefined,Wheat,Clay Loam,4.94,59,58,68,126,73,36,10.4,1.55,Neem Cake + Vermicompost (2 t/ha)
sarlahi,undefined,Maize,Clay Loam,5.12,61,66,129,125,69,12,16.7,1.22,Neem Cake + Vermicompost (2 t/ha)
rautahat,undefined,Finger Millet,Calcareous Gravel,7.21,94,54,65,25,45,38,16.4,0.0,Standard FYM + Azotobacter Biofertilizer
bara,undefined,Barley,Humus Acidic Loam,5.22,104,44,76,20,50,33,10.1,1.04,Neem Cake + Vermicompost (2 t/ha)
parsa,undefined,Buckwheat,Clay Loam,7.66,68,55,50,41,45,44,15.0,0.0,Standard FYM + Azotobacter Biofertilizer
chitwan,undefined,Potato,Alluvial Loam,4.57,93,71,115,56,67,38,12.3,2.21,Neem Cake + Vermicompost (2 t/ha)
kathmandu,undefined,Mustard,Clay Loam,5.25,79,16,75,34,64,34,11.3,0.99,Neem Cake + Vermicompost (2 t/ha)
lalitpur,undefined,Soybean,Clay Loam,6.95,41,54,69,57,45,36,16.8,0.0,Standard FYM + Azotobacter Biofertilizer
bhaktapur,undefined,Lentil (Musuro),Red Clay,6.09,54,72,41,49,36,47,14.0,0.0,Standard FYM + Azotobacter Biofertilizer
kavrepalanchok,undefined,Chickpea,Red Clay,4.59,69,49,139,40,48,10,11.6,2.18,Neem Cake + Vermicompost (2 t/ha)
dhading,undefined,Pea,Humus Acidic Loam,7.67,24,17,30,67,64,52,11.5,0.0,Standard FYM + Azotobacter Biofertilizer
nuwakot,undefined,Blackgram,Alluvial Loam,6.63,24,80,121,67,32,15,12.4,0.0,Standard FYM + Azotobacter Biofertilizer
makwanpur,undefined,Mungbean,Alluvial Loam,7.59,108,69,112,20,38,19,15.4,0.0,Standard FYM + Azotobacter Biofertilizer
sindhupalchok,undefined,Tomato,Sandy Loam,5.68,109,61,134,46,42,10,11.1,0.22,Neem Cake + Vermicompost (2 t/ha)
dolakha,undefined,Cauliflower,Red Clay,4.8,45,60,44,85,42,46,10.4,1.8,Neem Cake + Vermicompost (2 t/ha)
ramechhap,undefined,Cabbage,Clay Loam,7.03,57,58,91,47,43,27,10.2,0.0,Standard FYM + Azotobacter Biofertilizer
sindhuli,undefined,Onion,Alluvial Loam,4.82,106,54,108,20,45,20,12.5,1.76,Neem Cake + Vermicompost (2 t/ha)
rasuwa,undefined,Garlic,Humus Acidic Loam,6.12,35,13,96,61,66,25,11.7,0.0,Standard FYM + Azotobacter Biofertilizer
gorkha,undefined,Radish,Silt Loam,6.3,62,79,33,44,33,50,12.2,0.0,Standard FYM + Azotobacter Biofertilizer
kaski,undefined,Ginger,Alluvial Loam,6.64,95,34,104,25,55,22,17.7,0.0,Standard FYM + Azotobacter Biofertilizer
tanahun,undefined,Cardamom,Red Clay,5.24,55,40,137,49,52,10,11.4,1.01,Neem Cake + Vermicompost (2 t/ha)
syangja,undefined,Tea,Humus Acidic Loam,5.14,92,30,109,26,57,40,13.0,1.19,Neem Cake + Vermicompost (2 t/ha)
lamjung,undefined,Coffee,Sandy Loam,7.15,97,14,104,23,65,22,11.1,0.0,Standard FYM + Azotobacter Biofertilizer
nawalpur,undefined,Sugarcane,Clay Loam,6.02,80,56,90,114,44,48,10.5,0.0,Standard FYM + Azotobacter Biofertilizer
parbat,undefined,Jute,Sandy Loam,6.73,55,19,43,49,63,46,17.6,0.0,Standard FYM + Azotobacter Biofertilizer
baglung,undefined,Apple,Red Clay,5.93,31,40,65,63,52,38,12.4,0.0,Standard FYM + Azotobacter Biofertilizer
myagdi,undefined,Orange/Citrus,Calcareous Gravel,6.1,57,36,93,47,54,26,14.6,0.0,Standard FYM + Azotobacter Biofertilizer
mustang,undefined,Banana,Alluvial Loam,6.66,37,33,50,59,56,64,10.6,0.0,Standard FYM + Azotobacter Biofertilizer
manang,undefined,Mango,Calcareous Gravel,4.58,51,68,89,51,38,28,12.1,2.2,Neem Cake + Vermicompost (2 t/ha)
rupandehi,undefined,Paddy (Barkhe),Alluvial Loam,6.96,57,24,84,127,90,30,11.0,0.0,Standard FYM + Azotobacter Biofertilizer
kapilvastu,undefined,Paddy (Chaite),Alluvial Loam,4.94,43,41,93,136,82,26,14.1,1.55,Neem Cake + Vermicompost (2 t/ha)
nawalparasi west,undefined,Wheat,Alluvial Loam,5.55,57,78,52,127,63,43,10.7,0.45,Neem Cake + Vermicompost (2 t/ha)
palpa,undefined,Maize,Clay Loam,6.43,104,23,79,99,91,32,10.7,0.0,Standard FYM + Azotobacter Biofertilizer
gulmi,undefined,Finger Millet,Silt Loam,6.86,52,19,54,50,63,42,15.1,0.0,Standard FYM + Azotobacter Biofertilizer
arghakhanchi,undefined,Barley,Alluvial Loam,4.57,97,53,127,23,46,13,14.8,2.21,Neem Cake + Vermicompost (2 t/ha)
dang,undefined,Buckwheat,Clay Loam,7.17,75,32,54,37,56,42,12.6,0.0,Standard FYM + Azotobacter Biofertilizer
pyuthan,undefined,Potato,Alluvial Loam,5.39,37,28,60,89,88,60,14.4,0.74,Neem Cake + Vermicompost (2 t/ha)
rolpa,undefined,Mustard,Humus Acidic Loam,6.45,26,72,45,66,36,46,15.8,0.0,Standard FYM + Azotobacter Biofertilizer
rukum east,undefined,Soybean,Silt Loam,6.21,39,31,71,58,57,35,16.5,0.0,Standard FYM + Azotobacter Biofertilizer
banke,undefined,Lentil (Musuro),Calcareous Gravel,5.78,97,33,58,23,56,40,12.1,0.04,Neem Cake + Vermicompost (2 t/ha)
bardiya,undefined,Chickpea,Calcareous Gravel,5.01,99,44,89,22,50,28,15.3,1.42,Neem Cake + Vermicompost (2 t/ha)
surkhet,undefined,Pea,Silt Loam,7.19,21,65,48,69,40,44,11.1,0.0,Standard FYM + Azotobacter Biofertilizer
dailekh,undefined,Blackgram,Clay Loam,4.66,40,77,54,58,34,42,11.8,2.05,Neem Cake + Vermicompost (2 t/ha)
jajarkot,undefined,Mungbean,Red Clay,4.58,38,41,66,59,52,37,17.3,2.2,Neem Cake + Vermicompost (2 t/ha)
rukum west,undefined,Tomato,Alluvial Loam,7.01,48,40,49,83,52,44,17.8,0.0,Standard FYM + Azotobacter Biofertilizer
jumla,undefined,Cauliflower,Calcareous Gravel,4.78,54,38,126,79,53,13,11.2,1.84,Neem Cake + Vermicompost (2 t/ha)
kalikot,undefined,Cabbage,Calcareous Gravel,7.69,55,19,102,49,63,23,15.8,0.0,Standard FYM + Azotobacter Biofertilizer
mugu,undefined,Onion,Calcareous Gravel,6.59,85,37,41,31,54,47,11.7,0.0,Standard FYM + Azotobacter Biofertilizer
humla,undefined,Garlic,Sandy Loam,6.96,40,40,55,58,52,42,11.6,0.0,Standard FYM + Azotobacter Biofertilizer
dolpa,undefined,Radish,Alluvial Loam,5.72,87,77,122,29,34,15,11.5,0.14,Neem Cake + Vermicompost (2 t/ha)
kailali,undefined,Ginger,Humus Acidic Loam,6.62,22,69,128,68,38,12,12.1,0.0,Standard FYM + Azotobacter Biofertilizer
kanchanpur,undefined,Cardamom,Clay Loam,5.32,48,70,125,53,37,14,12.4,0.86,Neem Cake + Vermicompost (2 t/ha)
doti,undefined,Tea,Red Clay,7.38,90,30,129,28,57,32,10.8,0.0,Standard FYM + Azotobacter Biofertilizer
achham,undefined,Coffee,Humus Acidic Loam,6.75,49,47,99,52,49,24,14.1,0.0,Standard FYM + Azotobacter Biofertilizer
dadeldhura,undefined,Sugarcane,Clay Loam,5.51,25,23,25,147,61,74,13.6,0.52,Neem Cake + Vermicompost (2 t/ha)
baitadi,undefined,Jute,Red Clay,6.75,41,80,125,57,32,14,12.3,0.0,Standard FYM + Azotobacter Biofertilizer
bajhang,undefined,Apple,Humus Acidic Loam,7.33,31,62,110,63,41,20,15.4,0.0,Standard FYM + Azotobacter Biofertilizer
bajura,undefined,Orange/Citrus,Sandy Loam,6.56,77,33,123,35,56,14,17.7,0.0,Standard FYM + Azotobacter Biofertilizer
darchula,undefined,Banana,Humus Acidic Loam,4.79,37,71,102,59,37,43,15.1,1.82,Neem Cake + Vermicompost (2 t/ha)
jhapa,undefined,Mango,Calcareous Gravel,6.88,66,55,78,42,45,32,16.6,0.0,Standard FYM + Azotobacter Biofertilizer
morang,undefined,Paddy (Barkhe),Clay Loam,6.84,29,72,102,144,66,23,15.6,0.0,Standard FYM + Azotobacter Biofertilizer
sunsari,undefined,Paddy (Chaite),Calcareous Gravel,4.97,47,20,95,133,92,26,12.5,1.49,Neem Cake + Vermicompost (2 t/ha)
ilam,undefined,Wheat,Silt Loam,4.66,106,60,97,98,72,25,12.2,2.05,Neem Cake + Vermicompost (2 t/ha)
panchthar,undefined,Maize,Clay Loam,6.58,97,19,137,103,93,10,14.7,0.0,Standard FYM + Azotobacter Biofertilizer
taplejung,undefined,Finger Millet,Humus Acidic Loam,7.51,39,14,54,58,65,42,14.2,0.0,Standard FYM + Azotobacter Biofertilizer
dhankuta,undefined,Barley,Red Clay,6.22,59,75,83,46,35,30,14.1,0.0,Standard FYM + Azotobacter Biofertilizer
bhojpur,undefined,Buckwheat,Humus Acidic Loam,4.71,55,45,76,49,50,33,17.0,1.96,Neem Cake + Vermicompost (2 t/ha)
terhathum,undefined,Potato,Humus Acidic Loam,5.87,57,68,47,77,68,65,16.6,0.0,Standard FYM + Azotobacter Biofertilizer
sankhuwasabha,undefined,Mustard,Silt Loam,6.72,32,30,30,62,57,52,17.4,0.0,Standard FYM + Azotobacter Biofertilizer
solukhumbu,undefined,Soybean,Calcareous Gravel,5.56,73,84,75,38,30,34,17.4,0.43,Neem Cake + Vermicompost (2 t/ha)
khotang,undefined,Lentil (Musuro),Clay Loam,4.68,38,41,50,59,52,44,10.0,2.02,Neem Cake + Vermicompost (2 t/ha)
okhaldhunga,undefined,Chickpea,Sandy Loam,6.19,45,71,111,55,37,19,15.9,0.0,Standard FYM + Azotobacter Biofertilizer
udayapur,undefined,Pea,Alluvial Loam,6.89,103,42,38,20,51,48,14.1,0.0,Standard FYM + Azotobacter Biofertilizer
saptari,undefined,Blackgram,Silt Loam,4.74,86,63,51,30,41,43,16.0,1.91,Neem Cake + Vermicompost (2 t/ha)
siraha,undefined,Mungbean,Sandy Loam,7.78,40,14,46,58,65,45,10.3,0.0,Standard FYM + Azotobacter Biofertilizer
dhanusha,undefined,Tomato,Red Clay,4.77,60,65,103,76,40,22,16.5,1.85,Neem Cake + Vermicompost (2 t/ha)
mahottari,undefined,Cauliflower,Alluvial Loam,7.34,97,10,114,53,67,18,13.7,0.0,Standard FYM + Azotobacter Biofertilizer
sarlahi,undefined,Cabbage,Clay Loam,7.17,48,52,57,53,46,41,16.3,0.0,Standard FYM + Azotobacter Biofertilizer
rautahat,undefined,Onion,Sandy Loam,7.77,97,17,106,23,64,21,12.8,0.0,Standard FYM + Azotobacter Biofertilizer
bara,undefined,Garlic,Clay Loam,5.58,105,19,27,20,63,53,17.2,0.4,Neem Cake + Vermicompost (2 t/ha)
parsa,undefined,Radish,Clay Loam,4.5,47,28,51,53,58,43,10.5,2.34,Neem Cake + Vermicompost (2 t/ha)
chitwan,undefined,Ginger,Clay Loam,5.91,25,26,66,67,59,37,13.5,0.0,Standard FYM + Azotobacter Biofertilizer
kathmandu,undefined,Cardamom,Clay Loam,7.49,64,34,37,43,55,49,17.6,0.0,Standard FYM + Azotobacter Biofertilizer
lalitpur,undefined,Tea,Silt Loam,5.48,46,34,43,54,55,66,16.3,0.58,Neem Cake + Vermicompost (2 t/ha)
bhaktapur,undefined,Coffee,Humus Acidic Loam,6.87,45,34,27,55,55,53,16.1,0.0,Standard FYM + Azotobacter Biofertilizer
kavrepalanchok,undefined,Sugarcane,Alluvial Loam,7.21,69,15,134,120,65,30,12.0,0.0,Standard FYM + Azotobacter Biofertilizer
dhading,undefined,Jute,Red Clay,4.96,59,46,49,46,49,44,10.9,1.51,Neem Cake + Vermicompost (2 t/ha)
nuwakot,undefined,Apple,Sandy Loam,7.58,101,71,127,21,37,13,11.6,0.0,Standard FYM + Azotobacter Biofertilizer
makwanpur,undefined,Orange/Citrus,Calcareous Gravel,6.16,99,81,111,22,32,19,13.6,0.0,Standard FYM + Azotobacter Biofertilizer
sindhupalchok,undefined,Banana,Clay Loam,6.81,37,43,120,59,51,36,15.2,0.0,Standard FYM + Azotobacter Biofertilizer
dolakha,undefined,Mango,Alluvial Loam,6.63,34,51,35,61,47,50,13.0,0.0,Standard FYM + Azotobacter Biofertilizer
ramechhap,undefined,Paddy (Barkhe),Red Clay,5.11,105,25,55,99,90,42,17.8,1.24,Neem Cake + Vermicompost (2 t/ha)
sindhuli,undefined,Paddy (Chaite),Alluvial Loam,4.64,36,39,133,140,83,10,11.1,2.09,Neem Cake + Vermicompost (2 t/ha)
rasuwa,undefined,Wheat,Calcareous Gravel,7.24,65,56,79,123,74,32,13.8,0.0,Standard FYM + Azotobacter Biofertilizer
gorkha,undefined,Maize,Clay Loam,6.57,37,20,132,139,92,11,17.3,0.0,Standard FYM + Azotobacter Biofertilizer
kaski,undefined,Finger Millet,Clay Loam,7.23,82,79,119,32,33,16,14.5,0.0,Standard FYM + Azotobacter Biofertilizer
tanahun,undefined,Barley,Sandy Loam,6.6,52,21,93,50,62,26,16.5,0.0,Standard FYM + Azotobacter Biofertilizer
syangja,undefined,Buckwheat,Humus Acidic Loam,5.3,58,82,100,47,31,24,14.5,0.9,Neem Cake + Vermicompost (2 t/ha)
lamjung,undefined,Potato,Sandy Loam,6.48,82,37,119,62,84,36,11.6,0.0,Standard FYM + Azotobacter Biofertilizer
nawalpur,undefined,Mustard,Humus Acidic Loam,6.06,62,38,84,44,53,30,13.3,0.0,Standard FYM + Azotobacter Biofertilizer
parbat,undefined,Soybean,Alluvial Loam,6.76,22,61,61,68,42,39,10.4,0.0,Standard FYM + Azotobacter Biofertilizer
baglung,undefined,Lentil (Musuro),Red Clay,5.69,27,25,87,65,60,29,11.7,0.2,Neem Cake + Vermicompost (2 t/ha)
myagdi,undefined,Chickpea,Alluvial Loam,4.8,101,10,80,21,67,32,11.0,1.8,Neem Cake + Vermicompost (2 t/ha)
mustang,undefined,Pea,Alluvial Loam,5.63,30,52,91,64,46,27,15.7,0.31,Neem Cake + Vermicompost (2 t/ha)
manang,undefined,Blackgram,Red Clay,6.3,99,51,86,22,47,29,11.6,0.0,Standard FYM + Azotobacter Biofertilizer
rupandehi,undefined,Mungbean,Sandy Loam,7.52,49,37,112,52,54,19,12.7,0.0,Standard FYM + Azotobacter Biofertilizer
kapilvastu,undefined,Tomato,Silt Loam,6.16,72,53,31,68,46,51,12.5,0.0,Standard FYM + Azotobacter Biofertilizer
nawalparasi west,undefined,Cauliflower,Clay Loam,6.03,40,65,130,88,40,12,13.4,0.0,Standard FYM + Azotobacter Biofertilizer
palpa,undefined,Cabbage,Silt Loam,5.36,76,72,46,36,36,45,17.3,0.79,Neem Cake + Vermicompost (2 t/ha)
gulmi,undefined,Onion,Clay Loam,6.38,88,70,64,29,37,38,13.5,0.0,Standard FYM + Azotobacter Biofertilizer
arghakhanchi,undefined,Garlic,Calcareous Gravel,7.25,108,69,94,20,38,26,12.7,0.0,Standard FYM + Azotobacter Biofertilizer
dang,undefined,Radish,Sandy Loam,7.16,96,39,30,24,53,52,13.2,0.0,Standard FYM + Azotobacter Biofertilizer
pyuthan,undefined,Ginger,Silt Loam,6.43,61,56,80,45,44,32,15.3,0.0,Standard FYM + Azotobacter Biofertilizer
rolpa,undefined,Cardamom,Humus Acidic Loam,6.3,38,31,111,59,57,19,13.9,0.0,Standard FYM + Azotobacter Biofertilizer
rukum east,undefined,Tea,Calcareous Gravel,4.85,67,39,95,41,53,46,16.4,1.71,Neem Cake + Vermicompost (2 t/ha)
banke,undefined,Coffee,Alluvial Loam,7.46,67,63,53,41,41,42,13.6,0.0,Standard FYM + Azotobacter Biofertilizer
bardiya,undefined,Sugarcane,Silt Loam,6.19,58,14,27,127,65,73,12.9,0.0,Standard FYM + Azotobacter Biofertilizer
surkhet,undefined,Jute,Red Clay,6.69,95,51,42,25,47,47,15.8,0.0,Standard FYM + Azotobacter Biofertilizer
dailekh,undefined,Apple,Clay Loam,6.12,83,74,73,32,35,34,12.5,0.0,Standard FYM + Azotobacter Biofertilizer
jajarkot,undefined,Orange/Citrus,Sandy Loam,6.64,26,77,38,66,34,48,12.6,0.0,Standard FYM + Azotobacter Biofertilizer
rukum west,undefined,Banana,Clay Loam,6.53,49,24,88,52,60,48,14.7,0.0,Standard FYM + Azotobacter Biofertilizer
jumla,undefined,Mango,Sandy Loam,7.37,27,68,122,65,38,15,11.5,0.0,Standard FYM + Azotobacter Biofertilizer
kalikot,undefined,Paddy (Barkhe),Clay Loam,5.05,83,50,98,112,77,24,11.6,1.35,Neem Cake + Vermicompost (2 t/ha)
mugu,undefined,Paddy (Chaite),Alluvial Loam,6.21,87,72,105,109,66,22,17.4,0.0,Standard FYM + Azotobacter Biofertilizer
humla,undefined,Wheat,Red Clay,5.94,105,63,131,99,71,11,14.2,0.0,Standard FYM + Azotobacter Biofertilizer
dolpa,undefined,Maize,Humus Acidic Loam,6.26,93,17,116,106,94,17,16.5,0.0,Standard FYM + Azotobacter Biofertilizer
kailali,undefined,Finger Millet,Alluvial Loam,6.36,74,22,68,37,61,36,14.9,0.0,Standard FYM + Azotobacter Biofertilizer
kanchanpur,undefined,Barley,Sandy Loam,6.42,31,19,107,63,63,21,11.5,0.0,Standard FYM + Azotobacter Biofertilizer
doti,undefined,Buckwheat,Red Clay,6.7,76,55,81,36,45,31,14.2,0.0,Standard FYM + Azotobacter Biofertilizer
achham,undefined,Potato,Clay Loam,4.95,85,70,54,61,67,62,16.2,1.53,Neem Cake + Vermicompost (2 t/ha)
dadeldhura,undefined,Mustard,Silt Loam,5.94,79,42,56,34,51,41,14.5,0.0,Standard FYM + Azotobacter Biofertilizer
baitadi,undefined,Soybean,Silt Loam,4.73,100,39,58,22,53,40,15.8,1.93,Neem Cake + Vermicompost (2 t/ha)
bajhang,undefined,Lentil (Musuro),Humus Acidic Loam,4.62,62,35,130,44,55,12,10.1,2.12,Neem Cake + Vermicompost (2 t/ha)
bajura,undefined,Chickpea,Alluvial Loam,6.56,25,34,102,67,55,23,12.7,0.0,Standard FYM + Azotobacter Biofertilizer
darchula,undefined,Pea,Humus Acidic Loam,6.53,41,46,74,57,49,34,10.6,0.0,Standard FYM + Azotobacter Biofertilizer
jhapa,undefined,Blackgram,Alluvial Loam,6.01,96,18,54,24,63,42,16.6,0.0,Standard FYM + Azotobacter Biofertilizer
morang,undefined,Mungbean,Silt Loam,4.7,71,18,29,39,63,52,10.4,1.98,Neem Cake + Vermicompost (2 t/ha)
sunsari,undefined,Tomato,Humus Acidic Loam,5.76,84,51,133,61,47,10,12.0,0.07,Neem Cake + Vermicompost (2 t/ha)
ilam,undefined,Cauliflower,Calcareous Gravel,5.89,23,43,91,98,51,27,14.6,0.0,Standard FYM + Azotobacter Biofertilizer
panchthar,undefined,Cabbage,Humus Acidic Loam,5.66,75,76,51,37,34,43,13.2,0.25,Neem Cake + Vermicompost (2 t/ha)
taplejung,undefined,Onion,Alluvial Loam,7.69,107,74,94,20,35,26,15.6,0.0,Standard FYM + Azotobacter Biofertilizer
dhankuta,undefined,Garlic,Sandy Loam,7.3,81,31,48,33,57,44,12.1,0.0,Standard FYM + Azotobacter Biofertilizer
bhojpur,undefined,Radish,Alluvial Loam,4.82,57,18,44,47,63,46,14.4,1.76,Neem Cake + Vermicompost (2 t/ha)
terhathum,undefined,Ginger,Silt Loam,6.3,42,35,122,56,55,15,14.5,0.0,Standard FYM + Azotobacter Biofertilizer
sankhuwasabha,undefined,Cardamom,Silt Loam,6.98,101,65,86,21,40,29,16.9,0.0,Standard FYM + Azotobacter Biofertilizer
solukhumbu,undefined,Tea,Sandy Loam,4.76,81,79,91,33,33,47,11.0,1.87,Neem Cake + Vermicompost (2 t/ha)
khotang,undefined,Coffee,Humus Acidic Loam,7.03,56,75,99,48,35,24,17.2,0.0,Standard FYM + Azotobacter Biofertilizer
okhaldhunga,undefined,Sugarcane,Red Clay,5.4,48,73,79,133,36,52,15.4,0.72,Neem Cake + Vermicompost (2 t/ha)
udayapur,undefined,Jute,Sandy Loam,6.73,47,23,111,53,61,19,13.8,0.0,Standard FYM + Azotobacter Biofertilizer
saptari,undefined,Apple,Clay Loam,6.8,104,84,76,20,30,33,12.0,0.0,Standard FYM + Azotobacter Biofertilizer
siraha,undefined,Orange/Citrus,Alluvial Loam,7.75,38,19,48,59,63,44,16.2,0.0,Standard FYM + Azotobacter Biofertilizer
dhanusha,undefined,Banana,Sandy Loam,7.27,92,33,26,26,56,73,13.1,0.0,Standard FYM + Azotobacter Biofertilizer
mahottari,undefined,Mango,Alluvial Loam,4.79,68,78,69,41,33,36,16.6,1.82,Neem Cake + Vermicompost (2 t/ha)
sarlahi,undefined,Paddy (Barkhe),Red Clay,7.72,36,43,81,140,81,31,16.5,0.0,Standard FYM + Azotobacter Biofertilizer
rautahat,undefined,Paddy (Chaite),Clay Loam,7.6,44,34,105,135,85,22,16.1,0.0,Standard FYM + Azotobacter Biofertilizer
bara,undefined,Wheat,Clay Loam,5.18,91,65,32,107,70,51,13.1,1.12,Neem Cake + Vermicompost (2 t/ha)
parsa,undefined,Maize,Clay Loam,5.17,105,78,30,99,63,52,12.7,1.13,Neem Cake + Vermicompost (2 t/ha)
chitwan,undefined,Finger Millet,Calcareous Gravel,5.74,92,42,124,26,51,14,11.4,0.11,Neem Cake + Vermicompost (2 t/ha)
kathmandu,undefined,Barley,Clay Loam,6.29,78,30,93,35,57,26,13.9,0.0,Standard FYM + Azotobacter Biofertilizer
lalitpur,undefined,Buckwheat,Calcareous Gravel,5.97,86,27,31,30,59,51,12.4,0.0,Standard FYM + Azotobacter Biofertilizer
bhaktapur,undefined,Potato,Silt Loam,5.72,79,18,134,64,93,30,16.9,0.14,Neem Cake + Vermicompost (2 t/ha)
kavrepalanchok,undefined,Mustard,Humus Acidic Loam,7.42,33,54,101,62,45,23,13.4,0.0,Standard FYM + Azotobacter Biofertilizer
dhading,undefined,Soybean,Alluvial Loam,5.43,72,29,132,38,58,11,11.0,0.67,Neem Cake + Vermicompost (2 t/ha)
nuwakot,undefined,Lentil (Musuro),Humus Acidic Loam,4.63,53,83,73,50,31,34,14.0,2.11,Neem Cake + Vermicompost (2 t/ha)
makwanpur,undefined,Chickpea,Alluvial Loam,6.87,72,69,124,38,38,14,13.7,0.0,Standard FYM + Azotobacter Biofertilizer
sindhupalchok,undefined,Pea,Humus Acidic Loam,5.77,107,62,34,20,41,50,16.9,0.05,Neem Cake + Vermicompost (2 t/ha)
dolakha,undefined,Blackgram,Calcareous Gravel,5.91,30,12,108,64,66,20,17.0,0.0,Standard FYM + Azotobacter Biofertilizer
ramechhap,undefined,Mungbean,Silt Loam,7.23,70,14,136,40,65,10,14.1,0.0,Standard FYM + Azotobacter Biofertilizer
sindhuli,undefined,Tomato,Calcareous Gravel,6.16,95,58,95,55,43,26,11.4,0.0,Standard FYM + Azotobacter Biofertilizer
rasuwa,undefined,Cauliflower,Sandy Loam,5.48,90,45,51,58,50,43,11.3,0.58,Neem Cake + Vermicompost (2 t/ha)
gorkha,undefined,Cabbage,Sandy Loam,5.74,93,10,77,26,67,33,12.6,0.11,Neem Cake + Vermicompost (2 t/ha)
kaski,undefined,Onion,Calcareous Gravel,7.44,61,63,138,45,41,10,10.4,0.0,Standard FYM + Azotobacter Biofertilizer
tanahun,undefined,Garlic,Alluvial Loam,6.88,45,23,29,55,61,52,10.2,0.0,Standard FYM + Azotobacter Biofertilizer
syangja,undefined,Radish,Red Clay,4.56,36,41,132,60,52,11,13.7,2.23,Neem Cake + Vermicompost (2 t/ha)
lamjung,undefined,Ginger,Clay Loam,7.09,20,67,127,70,39,13,13.5,0.0,Standard FYM + Azotobacter Biofertilizer
nawalpur,undefined,Cardamom,Alluvial Loam,7.76,42,48,129,56,48,12,16.3,0.0,Standard FYM + Azotobacter Biofertilizer
parbat,undefined,Tea,Clay Loam,6.53,103,82,83,20,31,50,13.6,0.0,Standard FYM + Azotobacter Biofertilizer
baglung,undefined,Coffee,Humus Acidic Loam,7.44,43,45,62,56,50,39,17.6,0.0,Standard FYM + Azotobacter Biofertilizer
myagdi,undefined,Sugarcane,Clay Loam,5.84,109,14,91,96,65,47,10.7,0.0,Standard FYM + Azotobacter Biofertilizer
mustang,undefined,Jute,Clay Loam,6.91,52,14,33,50,65,50,10.9,0.0,Standard FYM + Azotobacter Biofertilizer
manang,undefined,Apple,Silt Loam,5.5,106,80,63,20,32,38,14.6,0.54,Neem Cake + Vermicompost (2 t/ha)
rupandehi,undefined,Orange/Citrus,Calcareous Gravel,7.12,76,80,103,36,32,22,14.6,0.0,Standard FYM + Azotobacter Biofertilizer
kapilvastu,undefined,Banana,Silt Loam,7.67,68,11,54,41,67,62,13.6,0.0,Standard FYM + Azotobacter Biofertilizer
nawalparasi west,undefined,Mango,Sandy Loam,6.97,39,75,134,58,35,10,11.9,0.0,Standard FYM + Azotobacter Biofertilizer
palpa,undefined,Paddy (Barkhe),Calcareous Gravel,5.84,35,83,123,141,61,14,14.0,0.0,Standard FYM + Azotobacter Biofertilizer
gulmi,undefined,Paddy (Chaite),Red Clay,5.25,68,62,84,121,71,30,17.9,0.99,Neem Cake + Vermicompost (2 t/ha)
arghakhanchi,undefined,Wheat,Sandy Loam,4.94,96,71,26,104,67,53,17.2,1.55,Neem Cake + Vermicompost (2 t/ha)
dang,undefined,Maize,Sandy Loam,5.29,22,35,84,148,85,30,16.4,0.92,Neem Cake + Vermicompost (2 t/ha)
pyuthan,undefined,Finger Millet,Red Clay,7.17,41,26,83,57,59,30,12.1,0.0,Standard FYM + Azotobacter Biofertilizer
rolpa,undefined,Barley,Clay Loam,5.11,36,48,122,60,48,15,10.6,1.24,Neem Cake + Vermicompost (2 t/ha)
rukum east,undefined,Buckwheat,Sandy Loam,7.35,32,52,124,62,46,14,14.7,0.0,Standard FYM + Azotobacter Biofertilizer
banke,undefined,Potato,Humus Acidic Loam,6.68,54,19,55,79,93,62,14.6,0.0,Standard FYM + Azotobacter Biofertilizer
bardiya,undefined,Mustard,Alluvial Loam,5.31,107,81,53,20,32,42,12.8,0.88,Neem Cake + Vermicompost (2 t/ha)
surkhet,undefined,Soybean,Sandy Loam,7.26,49,76,43,52,34,46,11.4,0.0,Standard FYM + Azotobacter Biofertilizer
dailekh,undefined,Lentil (Musuro),Calcareous Gravel,5.4,86,13,30,30,66,52,13.1,0.72,Neem Cake + Vermicompost (2 t/ha)
jajarkot,undefined,Chickpea,Alluvial Loam,6.97,24,81,106,67,32,21,10.1,0.0,Standard FYM + Azotobacter Biofertilizer
rukum west,undefined,Pea,Sandy Loam,7.72,57,43,91,47,51,27,17.9,0.0,Standard FYM + Azotobacter Biofertilizer
jumla,undefined,Blackgram,Sandy Loam,5.84,20,73,68,70,36,36,14.0,0.0,Standard FYM + Azotobacter Biofertilizer
kalikot,undefined,Mungbean,Silt Loam,4.71,73,65,49,38,40,44,16.7,1.96,Neem Cake + Vermicompost (2 t/ha)
mugu,undefined,Tomato,Humus Acidic Loam,7.19,57,33,132,77,56,11,15.4,0.0,Standard FYM + Azotobacter Biofertilizer
humla,undefined,Cauliflower,Clay Loam,4.74,37,36,96,89,54,25,14.4,1.91,Neem Cake + Vermicompost (2 t/ha)
dolpa,undefined,Cabbage,Sandy Loam,4.8,84,30,112,31,57,19,15.8,1.8,Neem Cake + Vermicompost (2 t/ha)
kailali,undefined,Onion,Alluvial Loam,5.22,53,39,137,50,53,10,17.6,1.04,Neem Cake + Vermicompost (2 t/ha)
kanchanpur,undefined,Garlic,Clay Loam,5.97,47,63,66,53,41,37,12.1,0.0,Standard FYM + Azotobacter Biofertilizer
doti,undefined,Radish,Alluvial Loam,7.07,97,73,66,23,36,37,15.5,0.0,Standard FYM + Azotobacter Biofertilizer
achham,undefined,Ginger,Alluvial Loam,4.7,83,10,72,32,67,35,12.6,1.98,Neem Cake + Vermicompost (2 t/ha)
dadeldhura,undefined,Cardamom,Clay Loam,7.36,59,20,124,46,62,14,16.5,0.0,Standard FYM + Azotobacter Biofertilizer
baitadi,undefined,Tea,Sandy Loam,6.9,82,84,50,32,30,64,15.3,0.0,Standard FYM + Azotobacter Biofertilizer
bajhang,undefined,Coffee,Sandy Loam,6.25,61,39,74,45,53,34,14.6,0.0,Standard FYM + Azotobacter Biofertilizer
bajura,undefined,Sugarcane,Clay Loam,6.07,50,53,127,132,46,33,14.6,0.0,Standard FYM + Azotobacter Biofertilizer
darchula,undefined,Jute,Silt Loam,6.86,60,12,76,46,66,33,12.4,0.0,Standard FYM + Azotobacter Biofertilizer
jhapa,undefined,Apple,Humus Acidic Loam,5.1,65,34,54,43,55,42,13.7,1.26,Neem Cake + Vermicompost (2 t/ha)
morang,undefined,Orange/Citrus,Calcareous Gravel,5.48,60,22,59,46,61,40,15.0,0.58,Neem Cake + Vermicompost (2 t/ha)
sunsari,undefined,Banana,Humus Acidic Loam,7.17,89,18,99,28,63,44,16.7,0.0,Standard FYM + Azotobacter Biofertilizer
ilam,undefined,Mango,Red Clay,7.02,43,70,53,56,37,42,16.6,0.0,Standard FYM + Azotobacter Biofertilizer
panchthar,undefined,Paddy (Barkhe),Humus Acidic Loam,4.77,59,31,87,126,87,29,11.1,1.85,Neem Cake + Vermicompost (2 t/ha)
taplejung,undefined,Paddy (Chaite),Sandy Loam,7.12,34,17,41,141,94,47,17.0,0.0,Standard FYM + Azotobacter Biofertilizer
dhankuta,undefined,Wheat,Humus Acidic Loam,6.7,44,78,75,135,63,34,11.0,0.0,Standard FYM + Azotobacter Biofertilizer
bhojpur,undefined,Maize,Sandy Loam,6.57,26,18,30,146,93,52,12.1,0.0,Standard FYM + Azotobacter Biofertilizer
terhathum,undefined,Finger Millet,Silt Loam,7.47,32,39,119,62,53,16,17.8,0.0,Standard FYM + Azotobacter Biofertilizer
sankhuwasabha,undefined,Barley,Silt Loam,6.17,71,79,123,39,33,14,11.4,0.0,Standard FYM + Azotobacter Biofertilizer
solukhumbu,undefined,Buckwheat,Calcareous Gravel,7.79,43,30,132,56,57,11,10.2,0.0,Standard FYM + Azotobacter Biofertilizer
khotang,undefined,Potato,Silt Loam,4.75,40,40,64,88,82,58,10.2,1.89,Neem Cake + Vermicompost (2 t/ha)
okhaldhunga,undefined,Mustard,Sandy Loam,7.21,78,58,39,35,43,48,15.2,0.0,Standard FYM + Azotobacter Biofertilizer
udayapur,undefined,Soybean,Calcareous Gravel,7.03,87,54,49,29,45,44,10.8,0.0,Standard FYM + Azotobacter Biofertilizer
saptari,undefined,Lentil (Musuro),Humus Acidic Loam,6.81,61,14,74,45,65,34,13.8,0.0,Standard FYM + Azotobacter Biofertilizer
siraha,undefined,Chickpea,Red Clay,7.62,44,39,132,55,53,11,12.7,0.0,Standard FYM + Azotobacter Biofertilizer
dhanusha,undefined,Pea,Alluvial Loam,7.74,79,71,111,34,37,19,15.6,0.0,Standard FYM + Azotobacter Biofertilizer
mahottari,undefined,Blackgram,Calcareous Gravel,5.38,48,19,100,53,63,24,10.3,0.76,Neem Cake + Vermicompost (2 t/ha)
sarlahi,undefined,Mungbean,Red Clay,4.96,84,82,138,31,31,10,14.0,1.51,Neem Cake + Vermicompost (2 t/ha)
rautahat,undefined,Tomato,Silt Loam,6.71,93,28,73,56,58,34,16.7,0.0,Standard FYM + Azotobacter Biofertilizer
bara,undefined,Cauliflower,Clay Loam,5.66,60,60,63,76,42,38,12.0,0.25,Neem Cake + Vermicompost (2 t/ha)
parsa,undefined,Cabbage,Humus Acidic Loam,7.21,88,13,122,29,66,15,13.5,0.0,Standard FYM + Azotobacter Biofertilizer
chitwan,undefined,Onion,Alluvial Loam,6.24,72,61,111,38,42,19,15.8,0.0,Standard FYM + Azotobacter Biofertilizer
kathmandu,undefined,Garlic,Sandy Loam,5.12,36,14,92,60,65,27,16.7,1.22,Neem Cake + Vermicompost (2 t/ha)
lalitpur,undefined,Radish,Humus Acidic Loam,4.66,71,71,62,39,37,39,12.8,2.05,Neem Cake + Vermicompost (2 t/ha)
bhaktapur,undefined,Ginger,Calcareous Gravel,7.78,106,43,54,20,51,42,16.7,0.0,Standard FYM + Azotobacter Biofertilizer
kavrepalanchok,undefined,Cardamom,Calcareous Gravel,6.77,100,61,57,22,42,41,15.6,0.0,Standard FYM + Azotobacter Biofertilizer
dhading,undefined,Tea,Silt Loam,6.73,97,82,97,23,31,45,11.5,0.0,Standard FYM + Azotobacter Biofertilizer
nuwakot,undefined,Coffee,Humus Acidic Loam,5.58,74,34,114,37,55,18,10.6,0.4,Neem Cake + Vermicompost (2 t/ha)
makwanpur,undefined,Sugarcane,Silt Loam,7.25,25,66,122,147,39,35,12.3,0.0,Standard FYM + Azotobacter Biofertilizer
sindhupalchok,undefined,Jute,Alluvial Loam,4.56,58,12,134,47,66,10,11.7,2.23,Neem Cake + Vermicompost (2 t/ha)
dolakha,undefined,Apple,Clay Loam,6.85,35,27,81,61,59,31,17.3,0.0,Standard FYM + Azotobacter Biofertilizer
ramechhap,undefined,Orange/Citrus,Alluvial Loam,4.55,102,83,50,20,31,44,11.7,2.25,Neem Cake + Vermicompost (2 t/ha)
sindhuli,undefined,Banana,Clay Loam,6.63,40,21,103,58,62,42,14.7,0.0,Standard FYM + Azotobacter Biofertilizer
rasuwa,undefined,Mango,Calcareous Gravel,6.13,102,79,44,20,33,46,10.0,0.0,Standard FYM + Azotobacter Biofertilizer
gorkha,undefined,Paddy (Barkhe),Silt Loam,5.47,51,52,54,131,76,42,17.3,0.59,Neem Cake + Vermicompost (2 t/ha)
kaski,undefined,Paddy (Chaite),Calcareous Gravel,7.4,37,81,48,139,62,44,14.9,0.0,Standard FYM + Azotobacter Biofertilizer
tanahun,undefined,Wheat,Sandy Loam,6.3,81,24,84,113,90,30,13.8,0.0,Standard FYM + Azotobacter Biofertilizer
syangja,undefined,Maize,Clay Loam,5.5,28,20,37,145,92,49,13.4,0.54,Neem Cake + Vermicompost (2 t/ha)
lamjung,undefined,Finger Millet,Alluvial Loam,4.85,58,43,109,47,51,20,16.7,1.71,Neem Cake + Vermicompost (2 t/ha)
nawalpur,undefined,Barley,Sandy Loam,5.05,103,71,65,20,37,38,15.2,1.35,Neem Cake + Vermicompost (2 t/ha)
parbat,undefined,Buckwheat,Humus Acidic Loam,5.26,39,14,27,58,65,53,10.8,0.97,Neem Cake + Vermicompost (2 t/ha)
baglung,undefined,Potato,Silt Loam,6.0,100,52,120,52,76,36,17.9,0.0,Standard FYM + Azotobacter Biofertilizer
myagdi,undefined,Mustard,Red Clay,5.11,20,45,103,70,50,22,11.8,1.24,Neem Cake + Vermicompost (2 t/ha)
mustang,undefined,Soybean,Silt Loam,5.3,91,18,114,27,63,18,17.3,0.9,Neem Cake + Vermicompost (2 t/ha)
manang,undefined,Lentil (Musuro),Sandy Loam,6.58,58,42,60,47,51,40,16.1,0.0,Standard FYM + Azotobacter Biofertilizer
rupandehi,undefined,Chickpea,Silt Loam,5.98,104,81,52,20,32,43,15.0,0.0,Standard FYM + Azotobacter Biofertilizer
kapilvastu,undefined,Pea,Sandy Loam,4.72,44,78,97,55,33,25,15.8,1.94,Neem Cake + Vermicompost (2 t/ha)
nawalparasi west,undefined,Blackgram,Calcareous Gravel,5.54,91,61,59,27,42,40,13.7,0.47,Neem Cake + Vermicompost (2 t/ha)
palpa,undefined,Mungbean,Alluvial Loam,7.22,41,58,71,57,43,35,14.8,0.0,Standard FYM + Azotobacter Biofertilizer
gulmi,undefined,Tomato,Humus Acidic Loam,4.56,101,30,119,51,57,16,18.0,2.23,Neem Cake + Vermicompost (2 t/ha)
arghakhanchi,undefined,Cauliflower,Humus Acidic Loam,4.75,57,60,52,77,42,43,10.7,1.89,Neem Cake + Vermicompost (2 t/ha)
dang,undefined,Cabbage,Silt Loam,7.12,32,83,135,62,31,10,11.3,0.0,Standard FYM + Azotobacter Biofertilizer
pyuthan,undefined,Onion,Humus Acidic Loam,6.22,39,68,48,58,38,44,12.1,0.0,Standard FYM + Azotobacter Biofertilizer
rolpa,undefined,Garlic,Alluvial Loam,5.63,108,57,72,20,44,35,11.3,0.31,Neem Cake + Vermicompost (2 t/ha)
rukum east,undefined,Radish,Sandy Loam,4.95,24,11,41,67,67,47,15.3,1.53,Neem Cake + Vermicompost (2 t/ha)
banke,undefined,Ginger,Calcareous Gravel,6.42,103,47,121,20,49,15,13.6,0.0,Standard FYM + Azotobacter Biofertilizer
bardiya,undefined,Cardamom,Sandy Loam,6.52,108,37,111,20,54,19,14.0,0.0,Standard FYM + Azotobacter Biofertilizer
surkhet,undefined,Tea,Calcareous Gravel,5.69,68,84,79,41,30,52,16.5,0.2,Neem Cake + Vermicompost (2 t/ha)
dailekh,undefined,Coffee,Red Clay,5.64,55,76,118,49,34,16,15.7,0.29,Neem Cake + Vermicompost (2 t/ha)
jajarkot,undefined,Sugarcane,Clay Loam,6.58,57,20,35,127,62,70,10.1,0.0,Standard FYM + Azotobacter Biofertilizer
rukum west,undefined,Jute,Humus Acidic Loam,5.41,60,35,44,46,55,46,15.0,0.7,Neem Cake + Vermicompost (2 t/ha)
jumla,undefined,Apple,Silt Loam,5.04,106,73,124,20,36,14,13.3,1.37,Neem Cake + Vermicompost (2 t/ha)
kalikot,undefined,Orange/Citrus,Calcareous Gravel,4.56,82,80,97,32,32,25,13.5,2.23,Neem Cake + Vermicompost (2 t/ha)
mugu,undefined,Banana,Clay Loam,6.21,20,41,107,70,52,41,13.5,0.0,Standard FYM + Azotobacter Biofertilizer
humla,undefined,Mango,Clay Loam,5.39,108,38,45,20,53,46,12.8,0.74,Neem Cake + Vermicompost (2 t/ha)
dolpa,undefined,Paddy (Barkhe),Silt Loam,6.57,94,41,54,105,82,42,16.9,0.0,Standard FYM + Azotobacter Biofertilizer
kailali,undefined,Paddy (Chaite),Alluvial Loam,6.29,24,62,31,147,71,51,17.3,0.0,Standard FYM + Azotobacter Biofertilizer
kanchanpur,undefined,Wheat,Red Clay,7.79,63,46,90,124,79,28,17.3,0.0,Standard FYM + Azotobacter Biofertilizer
doti,undefined,Maize,Humus Acidic Loam,7.48,20,54,107,150,75,21,14.9,0.0,Standard FYM + Azotobacter Biofertilizer
achham,undefined,Finger Millet,Alluvial Loam,6.03,42,78,63,56,33,38,17.6,0.0,Standard FYM + Azotobacter Biofertilizer
dadeldhura,undefined,Barley,Calcareous Gravel,7.59,77,77,77,35,34,33,11.2,0.0,Standard FYM + Azotobacter Biofertilizer
baitadi,undefined,Buckwheat,Alluvial Loam,6.56,60,68,50,46,38,44,11.3,0.0,Standard FYM + Azotobacter Biofertilizer
bajhang,undefined,Potato,Silt Loam,7.32,104,79,39,49,63,68,13.1,0.0,Standard FYM + Azotobacter Biofertilizer
bajura,undefined,Mustard,Silt Loam,7.75,79,31,92,34,57,27,10.9,0.0,Standard FYM + Azotobacter Biofertilizer
darchula,undefined,Soybean,Calcareous Gravel,5.51,106,82,58,20,31,40,13.8,0.52,Neem Cake + Vermicompost (2 t/ha)
jhapa,undefined,Lentil (Musuro),Alluvial Loam,6.72,75,76,34,37,34,50,12.6,0.0,Standard FYM + Azotobacter Biofertilizer
morang,undefined,Chickpea,Red Clay,5.84,39,49,139,58,48,10,16.4,0.0,Standard FYM + Azotobacter Biofertilizer
sunsari,undefined,Pea,Red Clay,5.29,45,40,51,55,52,43,10.2,0.92,Neem Cake + Vermicompost (2 t/ha)
ilam,undefined,Blackgram,Silt Loam,4.84,83,32,55,32,56,42,18.0,1.73,Neem Cake + Vermicompost (2 t/ha)
panchthar,undefined,Mungbean,Calcareous Gravel,7.22,33,21,115,62,62,18,14.9,0.0,Standard FYM + Azotobacter Biofertilizer
taplejung,undefined,Tomato,Alluvial Loam,4.9,76,77,96,66,34,25,11.1,1.62,Neem Cake + Vermicompost (2 t/ha)
dhankuta,undefined,Cauliflower,Alluvial Loam,5.82,105,40,113,49,52,18,13.9,0.0,Standard FYM + Azotobacter Biofertilizer
bhojpur,undefined,Cabbage,Red Clay,6.72,82,35,49,32,55,44,16.5,0.0,Standard FYM + Azotobacter Biofertilizer
terhathum,undefined,Onion,Silt Loam,5.16,92,73,58,26,36,40,17.6,1.15,Neem Cake + Vermicompost (2 t/ha)
sankhuwasabha,undefined,Garlic,Clay Loam,6.37,53,82,56,50,31,41,13.2,0.0,Standard FYM + Azotobacter Biofertilizer
solukhumbu,undefined,Radish,Clay Loam,7.67,24,20,26,67,62,53,14.5,0.0,Standard FYM + Azotobacter Biofertilizer
khotang,undefined,Ginger,Clay Loam,4.66,73,35,134,38,55,10,17.2,2.05,Neem Cake + Vermicompost (2 t/ha)
okhaldhunga,undefined,Cardamom,Sandy Loam,6.15,26,61,82,66,42,31,16.1,0.0,Standard FYM + Azotobacter Biofertilizer
udayapur,undefined,Tea,Humus Acidic Loam,5.57,93,50,123,26,47,34,11.7,0.41,Neem Cake + Vermicompost (2 t/ha)
saptari,undefined,Coffee,Alluvial Loam,4.78,77,67,92,35,39,27,12.1,1.84,Neem Cake + Vermicompost (2 t/ha)
siraha,undefined,Sugarcane,Alluvial Loam,7.15,93,83,82,106,31,51,13.6,0.0,Standard FYM + Azotobacter Biofertilizer
dhanusha,undefined,Jute,Humus Acidic Loam,7.36,66,60,118,42,42,16,12.1,0.0,Standard FYM + Azotobacter Biofertilizer
mahottari,undefined,Apple,Red Clay,7.32,97,17,35,23,64,50,12.1,0.0,Standard FYM + Azotobacter Biofertilizer
sarlahi,undefined,Orange/Citrus,Calcareous Gravel,5.98,29,11,95,64,67,26,17.7,0.0,Standard FYM + Azotobacter Biofertilizer
rautahat,undefined,Banana,Silt Loam,6.8,28,30,61,65,57,59,16.1,0.0,Standard FYM + Azotobacter Biofertilizer
bara,undefined,Mango,Silt Loam,4.92,97,54,39,23,45,48,13.4,1.58,Neem Cake + Vermicompost (2 t/ha)
parsa,undefined,Paddy (Barkhe),Silt Loam,6.81,88,17,83,109,94,30,16.5,0.0,Standard FYM + Azotobacter Biofertilizer
chitwan,undefined,Paddy (Chaite),Alluvial Loam,6.07,52,36,85,130,84,30,14.7,0.0,Standard FYM + Azotobacter Biofertilizer
kathmandu,undefined,Wheat,Red Clay,6.13,62,46,122,124,79,15,16.7,0.0,Standard FYM + Azotobacter Biofertilizer
lalitpur,undefined,Maize,Silt Loam,6.44,104,64,130,99,70,12,17.3,0.0,Standard FYM + Azotobacter Biofertilizer
bhaktapur,undefined,Finger Millet,Red Clay,6.24,70,83,113,40,31,18,10.9,0.0,Standard FYM + Azotobacter Biofertilizer
kavrepalanchok,undefined,Barley,Silt Loam,5.06,60,25,104,46,60,22,17.0,1.33,Neem Cake + Vermicompost (2 t/ha)
dhading,undefined,Buckwheat,Humus Acidic Loam,5.68,60,82,68,46,31,36,12.1,0.22,Neem Cake + Vermicompost (2 t/ha)
nuwakot,undefined,Potato,Alluvial Loam,6.14,44,64,33,85,70,70,15.3,0.0,Standard FYM + Azotobacter Biofertilizer
makwanpur,undefined,Mustard,Humus Acidic Loam,5.88,89,35,89,28,55,28,11.6,0.0,Standard FYM + Azotobacter Biofertilizer
sindhupalchok,undefined,Soybean,Silt Loam,6.43,61,71,103,45,37,22,11.5,0.0,Standard FYM + Azotobacter Biofertilizer
dolakha,undefined,Lentil (Musuro),Calcareous Gravel,6.88,48,77,39,53,34,48,11.4,0.0,Standard FYM + Azotobacter Biofertilizer
ramechhap,undefined,Chickpea,Sandy Loam,4.77,37,80,137,59,32,10,13.0,1.85,Neem Cake + Vermicompost (2 t/ha)
sindhuli,undefined,Pea,Sandy Loam,6.3,44,62,100,55,41,24,17.9,0.0,Standard FYM + Azotobacter Biofertilizer
rasuwa,undefined,Blackgram,Sandy Loam,6.9,67,25,37,41,60,49,13.1,0.0,Standard FYM + Azotobacter Biofertilizer
gorkha,undefined,Mungbean,Clay Loam,7.15,90,48,59,28,48,40,11.2,0.0,Standard FYM + Azotobacter Biofertilizer
kaski,undefined,Tomato,Calcareous Gravel,6.7,38,76,47,89,34,45,12.5,0.0,Standard FYM + Azotobacter Biofertilizer
tanahun,undefined,Cauliflower,Sandy Loam,4.84,56,79,98,78,33,24,16.4,1.73,Neem Cake + Vermicompost (2 t/ha)
syangja,undefined,Cabbage,Clay Loam,6.06,108,65,38,20,40,48,16.1,0.0,Standard FYM + Azotobacter Biofertilizer
lamjung,undefined,Onion,Humus Acidic Loam,6.19,63,56,133,44,44,10,14.6,0.0,Standard FYM + Azotobacter Biofertilizer
nawalpur,undefined,Garlic,Sandy Loam,5.07,85,47,103,31,49,22,11.6,1.31,Neem Cake + Vermicompost (2 t/ha)
parbat,undefined,Radish,Silt Loam,6.89,32,72,42,62,36,47,12.4,0.0,Standard FYM + Azotobacter Biofertilizer
baglung,undefined,Ginger,Silt Loam,6.91,99,14,76,22,65,33,11.6,0.0,Standard FYM + Azotobacter Biofertilizer
myagdi,undefined,Cardamom,Clay Loam,4.68,32,13,96,62,66,25,10.4,2.02,Neem Cake + Vermicompost (2 t/ha)
mustang,undefined,Tea,Clay Loam,5.03,99,10,126,22,67,33,14.6,1.39,Neem Cake + Vermicompost (2 t/ha)
manang,undefined,Coffee,Silt Loam,5.55,73,25,38,38,60,48,17.8,0.45,Neem Cake + Vermicompost (2 t/ha)
rupandehi,undefined,Sugarcane,Sandy Loam,5.3,21,37,35,149,54,70,12.1,0.9,Neem Cake + Vermicompost (2 t/ha)
kapilvastu,undefined,Jute,Red Clay,4.83,37,84,25,59,30,54,15.1,1.75,Neem Cake + Vermicompost (2 t/ha)
nawalparasi west,undefined,Apple,Alluvial Loam,7.54,28,81,95,65,32,26,10.0,0.0,Standard FYM + Azotobacter Biofertilizer
palpa,undefined,Orange/Citrus,Red Clay,7.54,78,16,134,35,64,10,12.1,0.0,Standard FYM + Azotobacter Biofertilizer
gulmi,undefined,Banana,Silt Loam,5.54,91,61,127,27,42,33,15.5,0.47,Neem Cake + Vermicompost (2 t/ha)
arghakhanchi,undefined,Mango,Sandy Loam,5.66,89,70,42,28,37,47,12.9,0.25,Neem Cake + Vermicompost (2 t/ha)
dang,undefined,Paddy (Barkhe),Calcareous Gravel,4.55,90,37,71,108,84,35,16.5,2.25,Neem Cake + Vermicompost (2 t/ha)
pyuthan,undefined,Paddy (Chaite),Calcareous Gravel,4.85,76,19,138,116,93,10,16.2,1.71,Neem Cake + Vermicompost (2 t/ha)
rolpa,undefined,Wheat,Alluvial Loam,6.41,102,51,45,100,77,46,13.0,0.0,Standard FYM + Azotobacter Biofertilizer
rukum east,undefined,Maize,Sandy Loam,5.03,51,41,69,131,82,36,15.3,1.39,Neem Cake + Vermicompost (2 t/ha)
banke,undefined,Finger Millet,Calcareous Gravel,4.81,68,65,112,41,40,19,14.9,1.78,Neem Cake + Vermicompost (2 t/ha)
bardiya,undefined,Barley,Red Clay,7.13,84,16,78,31,64,32,11.4,0.0,Standard FYM + Azotobacter Biofertilizer
surkhet,undefined,Buckwheat,Clay Loam,4.56,56,51,96,48,47,25,15.3,2.23,Neem Cake + Vermicompost (2 t/ha)
dailekh,undefined,Potato,Calcareous Gravel,7.77,99,45,84,52,80,50,11.5,0.0,Standard FYM + Azotobacter Biofertilizer
jajarkot,undefined,Mustard,Silt Loam,7.28,65,83,36,43,31,49,12.4,0.0,Standard FYM + Azotobacter Biofertilizer
rukum west,undefined,Soybean,Red Clay,7.6,80,59,77,34,43,33,16.7,0.0,Standard FYM + Azotobacter Biofertilizer
jumla,undefined,Lentil (Musuro),Sandy Loam,6.65,43,37,122,56,54,15,11.6,0.0,Standard FYM + Azotobacter Biofertilizer
kalikot,undefined,Chickpea,Red Clay,6.36,88,63,48,29,41,44,14.6,0.0,Standard FYM + Azotobacter Biofertilizer
mugu,undefined,Pea,Red Clay,4.84,68,16,59,41,64,40,16.0,1.73,Neem Cake + Vermicompost (2 t/ha)
humla,undefined,Blackgram,Silt Loam,7.64,48,75,126,53,35,13,12.8,0.0,Standard FYM + Azotobacter Biofertilizer
dolpa,undefined,Mungbean,Calcareous Gravel,6.82,53,11,105,50,67,22,10.2,0.0,Standard FYM + Azotobacter Biofertilizer
kailali,undefined,Tomato,Clay Loam,7.07,54,43,68,79,51,36,12.9,0.0,Standard FYM + Azotobacter Biofertilizer
kanchanpur,undefined,Cauliflower,Calcareous Gravel,7.17,52,49,102,80,48,23,12.2,0.0,Standard FYM + Azotobacter Biofertilizer
doti,undefined,Cabbage,Alluvial Loam,5.63,37,52,61,59,46,39,10.7,0.31,Neem Cake + Vermicompost (2 t/ha)
achham,undefined,Onion,Humus Acidic Loam,6.54,65,50,66,43,47,37,10.7,0.0,Standard FYM + Azotobacter Biofertilizer
dadeldhura,undefined,Garlic,Silt Loam,6.71,48,61,125,53,42,14,11.9,0.0,Standard FYM + Azotobacter Biofertilizer
baitadi,undefined,Radish,Alluvial Loam,6.87,68,48,52,41,48,43,16.0,0.0,Standard FYM + Azotobacter Biofertilizer
bajhang,undefined,Ginger,Alluvial Loam,5.13,61,31,53,45,57,42,15.2,1.21,Neem Cake + Vermicompost (2 t/ha)
bajura,undefined,Cardamom,Calcareous Gravel,6.6,92,71,124,26,37,14,13.3,0.0,Standard FYM + Azotobacter Biofertilizer
darchula,undefined,Tea,Alluvial Loam,5.39,109,23,26,20,61,73,11.2,0.74,Neem Cake + Vermicompost (2 t/ha)
jhapa,undefined,Coffee,Calcareous Gravel,7.54,107,50,77,20,47,33,17.6,0.0,Standard FYM + Azotobacter Biofertilizer
morang,undefined,Sugarcane,Calcareous Gravel,5.19,96,77,87,104,34,49,15.0,1.1,Neem Cake + Vermicompost (2 t/ha)
sunsari,undefined,Jute,Silt Loam,6.42,52,22,82,50,61,31,16.6,0.0,Standard FYM + Azotobacter Biofertilizer
ilam,undefined,Apple,Sandy Loam,6.53,37,55,102,59,45,23,14.2,0.0,Standard FYM + Azotobacter Biofertilizer
panchthar,undefined,Orange/Citrus,Calcareous Gravel,6.95,94,82,127,25,31,13,14.8,0.0,Standard FYM + Azotobacter Biofertilizer
taplejung,undefined,Banana,Sandy Loam,6.78,78,76,109,35,34,40,14.1,0.0,Standard FYM + Azotobacter Biofertilizer
dhankuta,undefined,Mango,Humus Acidic Loam,6.95,45,52,35,55,46,50,13.3,0.0,Standard FYM + Azotobacter Biofertilizer
bhojpur,undefined,Paddy (Barkhe),Clay Loam,6.59,32,43,89,142,81,28,16.8,0.0,Standard FYM + Azotobacter Biofertilizer
terhathum,undefined,Paddy (Chaite),Calcareous Gravel,7.53,59,51,116,126,77,17,14.7,0.0,Standard FYM + Azotobacter Biofertilizer
sankhuwasabha,undefined,Wheat,Alluvial Loam,6.68,67,11,72,121,97,35,12.4,0.0,Standard FYM + Azotobacter Biofertilizer
solukhumbu,undefined,Maize,Sandy Loam,4.66,51,74,70,131,65,36,11.6,2.05,Neem Cake + Vermicompost (2 t/ha)
khotang,undefined,Finger Millet,Silt Loam,7.42,89,65,116,28,40,17,12.2,0.0,Standard FYM + Azotobacter Biofertilizer
okhaldhunga,undefined,Barley,Sandy Loam,6.04,25,29,75,67,58,34,11.3,0.0,Standard FYM + Azotobacter Biofertilizer
udayapur,undefined,Buckwheat,Silt Loam,5.78,90,46,45,28,49,46,15.9,0.04,Neem Cake + Vermicompost (2 t/ha)
saptari,undefined,Potato,Silt Loam,7.41,66,68,89,72,68,48,14.4,0.0,Standard FYM + Azotobacter Biofertilizer
siraha,undefined,Mustard,Alluvial Loam,7.65,98,63,107,23,41,21,12.0,0.0,Standard FYM + Azotobacter Biofertilizer
dhanusha,undefined,Soybean,Sandy Loam,4.61,73,50,136,38,47,10,13.9,2.14,Neem Cake + Vermicompost (2 t/ha)
mahottari,undefined,Lentil (Musuro),Calcareous Gravel,5.45,74,13,35,37,66,50,10.3,0.63,Neem Cake + Vermicompost (2 t/ha)
sarlahi,undefined,Chickpea,Calcareous Gravel,7.49,37,56,71,59,44,35,10.3,0.0,Standard FYM + Azotobacter Biofertilizer
rautahat,undefined,Pea,Silt Loam,7.74,82,76,134,32,34,10,13.9,0.0,Standard FYM + Azotobacter Biofertilizer
bara,undefined,Blackgram,Silt Loam,7.31,52,29,133,50,58,10,15.8,0.0,Standard FYM + Azotobacter Biofertilizer
parsa,undefined,Mungbean,Silt Loam,5.98,91,51,99,27,47,24,16.0,0.0,Standard FYM + Azotobacter Biofertilizer
chitwan,undefined,Tomato,Alluvial Loam,4.89,67,19,93,71,63,26,13.9,1.64,Neem Cake + Vermicompost (2 t/ha)
kathmandu,undefined,Cauliflower,Clay Loam,5.84,107,18,55,47,63,42,13.9,0.0,Standard FYM + Azotobacter Biofertilizer
lalitpur,undefined,Cabbage,Clay Loam,5.9,84,55,59,31,45,40,13.3,0.0,Standard FYM + Azotobacter Biofertilizer
bhaktapur,undefined,Onion,Alluvial Loam,5.78,59,76,72,46,34,35,11.2,0.04,Neem Cake + Vermicompost (2 t/ha)
kavrepalanchok,undefined,Garlic,Silt Loam,7.08,38,16,79,59,64,32,10.1,0.0,Standard FYM + Azotobacter Biofertilizer
dhading,undefined,Radish,Sandy Loam,6.67,45,51,57,55,47,41,12.8,0.0,Standard FYM + Azotobacter Biofertilizer
nuwakot,undefined,Ginger,Red Clay,4.67,90,73,116,28,36,17,14.1,2.03,Neem Cake + Vermicompost (2 t/ha)
makwanpur,undefined,Cardamom,Humus Acidic Loam,7.29,85,83,42,31,31,47,11.8,0.0,Standard FYM + Azotobacter Biofertilizer
sindhupalchok,undefined,Tea,Clay Loam,6.06,106,60,129,20,42,32,15.8,0.0,Standard FYM + Azotobacter Biofertilizer
dolakha,undefined,Coffee,Sandy Loam,7.26,52,73,88,50,36,28,17.2,0.0,Standard FYM + Azotobacter Biofertilizer
ramechhap,undefined,Sugarcane,Humus Acidic Loam,4.53,26,28,101,146,58,43,17.1,2.29,Neem Cake + Vermicompost (2 t/ha)
sindhuli,undefined,Jute,Calcareous Gravel,6.86,76,82,89,36,31,28,12.7,0.0,Standard FYM + Azotobacter Biofertilizer
rasuwa,undefined,Apple,Humus Acidic Loam,6.13,27,51,82,65,47,31,11.2,0.0,Standard FYM + Azotobacter Biofertilizer
gorkha,undefined,Orange/Citrus,Sandy Loam,6.98,48,46,58,53,49,40,12.1,0.0,Standard FYM + Azotobacter Biofertilizer
kaski,undefined,Banana,Alluvial Loam,6.85,52,13,111,50,66,39,17.6,0.0,Standard FYM + Azotobacter Biofertilizer
tanahun,undefined,Mango,Red Clay,6.46,74,40,102,37,52,23,11.5,0.0,Standard FYM + Azotobacter Biofertilizer
syangja,undefined,Paddy (Barkhe),Humus Acidic Loam,6.8,70,38,73,120,83,34,14.5,0.0,Standard FYM + Azotobacter Biofertilizer
lamjung,undefined,Paddy (Chaite),Sandy Loam,5.99,35,57,137,141,74,10,16.6,0.0,Standard FYM + Azotobacter Biofertilizer
nawalpur,undefined,Wheat,Sandy Loam,5.74,103,47,101,100,79,23,17.3,0.11,Neem Cake + Vermicompost (2 t/ha)
parbat,undefined,Maize,Humus Acidic Loam,4.79,80,40,79,114,82,32,10.4,1.82,Neem Cake + Vermicompost (2 t/ha)
baglung,undefined,Finger Millet,Silt Loam,5.32,52,23,104,50,61,22,14.9,0.86,Neem Cake + Vermicompost (2 t/ha)
myagdi,undefined,Barley,Alluvial Loam,6.97,44,18,53,55,63,42,17.4,0.0,Standard FYM + Azotobacter Biofertilizer
mustang,undefined,Buckwheat,Alluvial Loam,5.97,69,80,49,40,32,44,14.2,0.0,Standard FYM + Azotobacter Biofertilizer
manang,undefined,Potato,Silt Loam,4.89,31,50,132,93,77,31,12.5,1.64,Neem Cake + Vermicompost (2 t/ha)
rupandehi,undefined,Mustard,Calcareous Gravel,4.79,74,14,102,37,65,23,14.2,1.82,Neem Cake + Vermicompost (2 t/ha)
kapilvastu,undefined,Soybean,Alluvial Loam,5.16,53,47,108,50,49,20,10.9,1.15,Neem Cake + Vermicompost (2 t/ha)
nawalparasi west,undefined,Lentil (Musuro),Red Clay,6.65,90,67,136,28,39,10,12.3,0.0,Standard FYM + Azotobacter Biofertilizer
palpa,undefined,Chickpea,Humus Acidic Loam,6.79,70,62,72,40,41,35,11.1,0.0,Standard FYM + Azotobacter Biofertilizer
gulmi,undefined,Pea,Alluvial Loam,7.57,105,15,77,20,65,33,14.9,0.0,Standard FYM + Azotobacter Biofertilizer
arghakhanchi,undefined,Blackgram,Red Clay,4.78,60,66,116,46,39,17,14.0,1.84,Neem Cake + Vermicompost (2 t/ha)
dang,undefined,Mungbean,Clay Loam,4.8,64,29,108,43,58,20,11.5,1.8,Neem Cake + Vermicompost (2 t/ha)
pyuthan,undefined,Tomato,Alluvial Loam,7.33,27,74,61,95,35,39,11.4,0.0,Standard FYM + Azotobacter Biofertilizer
rolpa,undefined,Cauliflower,Sandy Loam,5.88,42,34,40,86,55,48,12.4,0.0,Standard FYM + Azotobacter Biofertilizer
rukum east,undefined,Cabbage,Silt Loam,5.68,92,39,116,26,53,17,12.4,0.22,Neem Cake + Vermicompost (2 t/ha)
banke,undefined,Onion,Sandy Loam,5.6,86,21,39,30,62,48,12.8,0.36,Neem Cake + Vermicompost (2 t/ha)
bardiya,undefined,Garlic,Humus Acidic Loam,7.38,23,72,90,68,36,28,14.9,0.0,Standard FYM + Azotobacter Biofertilizer
surkhet,undefined,Radish,Red Clay,5.34,69,49,100,40,48,24,11.9,0.83,Neem Cake + Vermicompost (2 t/ha)
dailekh,undefined,Ginger,Clay Loam,4.56,66,49,71,42,48,35,12.4,2.23,Neem Cake + Vermicompost (2 t/ha)
jajarkot,undefined,Cardamom,Red Clay,6.29,26,69,50,66,38,44,15.4,0.0,Standard FYM + Azotobacter Biofertilizer
rukum west,undefined,Tea,Humus Acidic Loam,5.44,63,63,66,44,41,57,14.9,0.65,Neem Cake + Vermicompost (2 t/ha)
jumla,undefined,Coffee,Silt Loam,5.47,71,65,68,39,40,36,12.4,0.59,Neem Cake + Vermicompost (2 t/ha)
kalikot,undefined,Sugarcane,Silt Loam,7.31,91,30,53,107,57,62,11.8,0.0,Standard FYM + Azotobacter Biofertilizer
mugu,undefined,Jute,Red Clay,4.83,40,63,119,58,41,16,16.9,1.75,Neem Cake + Vermicompost (2 t/ha)
humla,undefined,Apple,Alluvial Loam,5.01,83,28,78,32,58,32,14.7,1.42,Neem Cake + Vermicompost (2 t/ha)
dolpa,undefined,Orange/Citrus,Clay Loam,4.75,94,42,93,25,51,26,10.7,1.89,Neem Cake + Vermicompost (2 t/ha)
kailali,undefined,Banana,Humus Acidic Loam,4.56,69,74,79,40,35,52,10.0,2.23,Neem Cake + Vermicompost (2 t/ha)
kanchanpur,undefined,Mango,Clay Loam,7.58,51,22,89,51,61,28,17.6,0.0,Standard FYM + Azotobacter Biofertilizer
doti,undefined,Paddy (Barkhe),Silt Loam,7.43,59,20,112,126,92,19,16.3,0.0,Standard FYM + Azotobacter Biofertilizer
achham,undefined,Paddy (Chaite),Clay Loam,7.34,62,84,103,124,60,22,10.6,0.0,Standard FYM + Azotobacter Biofertilizer
dadeldhura,undefined,Wheat,Calcareous Gravel,7.8,85,18,84,111,93,30,14.7,0.0,Standard FYM + Azotobacter Biofertilizer
baitadi,undefined,Maize,Calcareous Gravel,7.68,35,23,130,141,91,12,13.7,0.0,Standard FYM + Azotobacter Biofertilizer
bajhang,undefined,Finger Millet,Red Clay,5.43,34,22,57,61,61,41,16.3,0.67,Neem Cake + Vermicompost (2 t/ha)
bajura,undefined,Barley,Red Clay,6.35,66,55,55,42,45,42,12.3,0.0,Standard FYM + Azotobacter Biofertilizer
darchula,undefined,Buckwheat,Red Clay,7.37,77,22,74,35,61,34,12.3,0.0,Standard FYM + Azotobacter Biofertilizer
jhapa,undefined,Potato,Silt Loam,4.55,48,54,40,83,75,68,13.4,2.25,Neem Cake + Vermicompost (2 t/ha)
morang,undefined,Mustard,Red Clay,6.16,48,64,125,53,40,14,17.5,0.0,Standard FYM + Azotobacter Biofertilizer
sunsari,undefined,Soybean,Sandy Loam,7.34,70,40,63,40,52,38,11.0,0.0,Standard FYM + Azotobacter Biofertilizer
ilam,undefined,Lentil (Musuro),Red Clay,5.55,62,31,135,44,57,10,12.5,0.45,Neem Cake + Vermicompost (2 t/ha)
panchthar,undefined,Chickpea,Clay Loam,4.99,28,53,97,65,46,25,12.9,1.46,Neem Cake + Vermicompost (2 t/ha)
taplejung,undefined,Pea,Red Clay,5.93,91,65,74,27,40,34,12.7,0.0,Standard FYM + Azotobacter Biofertilizer
dhankuta,undefined,Blackgram,Clay Loam,5.09,28,14,101,65,65,23,16.5,1.28,Neem Cake + Vermicompost (2 t/ha)
bhojpur,undefined,Mungbean,Silt Loam,4.93,41,79,123,57,33,14,15.7,1.57,Neem Cake + Vermicompost (2 t/ha)
terhathum,undefined,Tomato,Calcareous Gravel,7.14,103,67,110,50,39,20,11.9,0.0,Standard FYM + Azotobacter Biofertilizer
sankhuwasabha,undefined,Cauliflower,Humus Acidic Loam,5.15,39,60,71,88,42,35,17.5,1.17,Neem Cake + Vermicompost (2 t/ha)
solukhumbu,undefined,Cabbage,Red Clay,5.78,49,80,66,52,32,37,13.1,0.04,Neem Cake + Vermicompost (2 t/ha)
khotang,undefined,Onion,Humus Acidic Loam,6.54,34,82,130,61,31,12,11.3,0.0,Standard FYM + Azotobacter Biofertilizer
okhaldhunga,undefined,Garlic,Silt Loam,6.96,66,34,121,42,55,15,12.5,0.0,Standard FYM + Azotobacter Biofertilizer
udayapur,undefined,Radish,Red Clay,6.48,26,27,132,66,59,11,17.3,0.0,Standard FYM + Azotobacter Biofertilizer
saptari,undefined,Ginger,Red Clay,6.49,29,48,109,64,48,20,17.9,0.0,Standard FYM + Azotobacter Biofertilizer
siraha,undefined,Cardamom,Clay Loam,6.59,26,78,135,66,33,10,10.6,0.0,Standard FYM + Azotobacter Biofertilizer
dhanusha,undefined,Tea,Alluvial Loam,5.16,84,33,60,31,56,60,11.2,1.15,Neem Cake + Vermicompost (2 t/ha)
mahottari,undefined,Coffee,Red Clay,6.16,27,56,64,65,44,38,16.8,0.0,Standard FYM + Azotobacter Biofertilizer
sarlahi,undefined,Sugarcane,Alluvial Loam,6.08,36,46,105,140,49,42,10.2,0.0,Standard FYM + Azotobacter Biofertilizer
rautahat,undefined,Jute,Alluvial Loam,5.18,48,44,133,53,50,10,17.5,1.12,Neem Cake + Vermicompost (2 t/ha)
bara,undefined,Apple,Humus Acidic Loam,4.85,95,46,100,25,49,24,14.1,1.71,Neem Cake + Vermicompost (2 t/ha)
parsa,undefined,Orange/Citrus,Red Clay,7.57,54,46,128,49,49,12,16.5,0.0,Standard FYM + Azotobacter Biofertilizer
chitwan,undefined,Banana,Silt Loam,7.15,67,46,103,41,49,42,16.9,0.0,Standard FYM + Azotobacter Biofertilizer
kathmandu,undefined,Mango,Calcareous Gravel,7.02,88,36,56,29,54,41,16.4,0.0,Standard FYM + Azotobacter Biofertilizer
lalitpur,undefined,Paddy (Barkhe),Alluvial Loam,6.09,57,83,48,127,61,44,11.7,0.0,Standard FYM + Azotobacter Biofertilizer
bhaktapur,undefined,Paddy (Chaite),Calcareous Gravel,5.75,87,60,86,109,72,29,10.8,0.09,Neem Cake + Vermicompost (2 t/ha)
kavrepalanchok,undefined,Wheat,Humus Acidic Loam,7.58,24,25,90,147,90,28,14.9,0.0,Standard FYM + Azotobacter Biofertilizer
dhading,undefined,Maize,Red Clay,6.67,54,31,108,129,87,20,16.9,0.0,Standard FYM + Azotobacter Biofertilizer
nuwakot,undefined,Finger Millet,Silt Loam,4.81,58,19,133,47,63,10,13.8,1.78,Neem Cake + Vermicompost (2 t/ha)
makwanpur,undefined,Barley,Silt Loam,6.38,54,66,60,49,39,40,14.7,0.0,Standard FYM + Azotobacter Biofertilizer
sindhupalchok,undefined,Buckwheat,Humus Acidic Loam,6.72,24,52,112,67,46,19,11.1,0.0,Standard FYM + Azotobacter Biofertilizer
dolakha,undefined,Potato,Red Clay,6.85,107,69,52,47,68,63,17.3,0.0,Standard FYM + Azotobacter Biofertilizer
ramechhap,undefined,Mustard,Sandy Loam,4.52,93,36,87,26,54,29,15.4,2.3,Neem Cake + Vermicompost (2 t/ha)
sindhuli,undefined,Soybean,Calcareous Gravel,5.74,65,33,136,43,56,10,17.5,0.11,Neem Cake + Vermicompost (2 t/ha)
rasuwa,undefined,Lentil (Musuro),Silt Loam,5.48,31,73,66,63,36,37,15.3,0.58,Neem Cake + Vermicompost (2 t/ha)
gorkha,undefined,Chickpea,Calcareous Gravel,4.87,26,53,98,66,46,24,16.8,1.67,Neem Cake + Vermicompost (2 t/ha)
kaski,undefined,Pea,Sandy Loam,5.94,87,72,113,29,36,18,10.3,0.0,Standard FYM + Azotobacter Biofertilizer
tanahun,undefined,Blackgram,Silt Loam,6.18,84,36,62,31,54,39,13.8,0.0,Standard FYM + Azotobacter Biofertilizer
syangja,undefined,Mungbean,Red Clay,5.92,62,21,28,44,62,52,17.6,0.0,Standard FYM + Azotobacter Biofertilizer
lamjung,undefined,Tomato,Calcareous Gravel,5.65,82,21,128,62,62,12,13.2,0.27,Neem Cake + Vermicompost (2 t/ha)
nawalpur,undefined,Cauliflower,Silt Loam,7.51,51,56,29,81,44,52,11.5,0.0,Standard FYM + Azotobacter Biofertilizer
parbat,undefined,Cabbage,Alluvial Loam,5.72,82,39,64,32,53,38,16.7,0.14,Neem Cake + Vermicompost (2 t/ha)
baglung,undefined,Onion,Calcareous Gravel,5.3,38,28,117,59,58,17,12.2,0.9,Neem Cake + Vermicompost (2 t/ha)
myagdi,undefined,Garlic,Silt Loam,6.84,21,12,128,69,66,12,10.6,0.0,Standard FYM + Azotobacter Biofertilizer
mustang,undefined,Radish,Sandy Loam,5.25,86,33,123,30,56,14,15.6,0.99,Neem Cake + Vermicompost (2 t/ha)
manang,undefined,Ginger,Calcareous Gravel,6.13,23,83,69,68,31,36,11.2,0.0,Standard FYM + Azotobacter Biofertilizer
rupandehi,undefined,Cardamom,Alluvial Loam,5.44,72,54,76,38,45,33,16.7,0.65,Neem Cake + Vermicompost (2 t/ha)
kapilvastu,undefined,Tea,Silt Loam,7.79,33,74,55,62,35,62,14.7,0.0,Standard FYM + Azotobacter Biofertilizer
nawalparasi west,undefined,Coffee,Clay Loam,6.63,33,79,69,62,33,36,15.8,0.0,Standard FYM + Azotobacter Biofertilizer
palpa,undefined,Sugarcane,Alluvial Loam,7.12,32,43,120,142,51,36,12.4,0.0,Standard FYM + Azotobacter Biofertilizer
gulmi,undefined,Jute,Clay Loam,6.1,64,18,117,43,63,17,12.0,0.0,Standard FYM + Azotobacter Biofertilizer
arghakhanchi,undefined,Apple,Alluvial Loam,5.83,61,11,57,45,67,41,13.5,0.0,Standard FYM + Azotobacter Biofertilizer
dang,undefined,Orange/Citrus,Red Clay,4.93,74,12,82,37,66,31,11.2,1.57,Neem Cake + Vermicompost (2 t/ha)
pyuthan,undefined,Banana,Clay Loam,6.22,21,11,136,69,67,29,11.8,0.0,Standard FYM + Azotobacter Biofertilizer
rolpa,undefined,Mango,Red Clay,5.1,71,57,89,39,44,28,15.9,1.26,Neem Cake + Vermicompost (2 t/ha)
rukum east,undefined,Paddy (Barkhe),Calcareous Gravel,5.35,56,44,59,128,80,40,10.3,0.81,Neem Cake + Vermicompost (2 t/ha)
banke,undefined,Paddy (Chaite),Red Clay,6.66,75,33,34,117,86,50,10.7,0.0,Standard FYM + Azotobacter Biofertilizer
bardiya,undefined,Wheat,Sandy Loam,6.99,60,13,60,126,96,40,12.6,0.0,Standard FYM + Azotobacter Biofertilizer
surkhet,undefined,Maize,Red Clay,4.64,41,76,26,137,64,53,11.6,2.09,Neem Cake + Vermicompost (2 t/ha)
dailekh,undefined,Finger Millet,Sandy Loam,7.79,37,33,80,59,56,32,15.3,0.0,Standard FYM + Azotobacter Biofertilizer
jajarkot,undefined,Barley,Silt Loam,7.41,57,64,130,47,40,12,13.3,0.0,Standard FYM + Azotobacter Biofertilizer
rukum west,undefined,Buckwheat,Calcareous Gravel,5.02,90,33,62,28,56,39,10.1,1.4,Neem Cake + Vermicompost (2 t/ha)
jumla,undefined,Potato,Red Clay,6.39,101,19,86,51,93,49,17.0,0.0,Standard FYM + Azotobacter Biofertilizer
kalikot,undefined,Mustard,Silt Loam,4.77,88,15,80,29,65,32,11.4,1.85,Neem Cake + Vermicompost (2 t/ha)
mugu,undefined,Soybean,Silt Loam,5.43,61,60,43,45,42,46,13.9,0.67,Neem Cake + Vermicompost (2 t/ha)
humla,undefined,Lentil (Musuro),Silt Loam,7.53,37,83,109,59,31,20,16.2,0.0,Standard FYM + Azotobacter Biofertilizer
dolpa,undefined,Chickpea,Clay Loam,4.94,89,29,132,28,58,11,15.8,1.55,Neem Cake + Vermicompost (2 t/ha)
kailali,undefined,Pea,Humus Acidic Loam,6.17,26,32,100,66,56,24,11.9,0.0,Standard FYM + Azotobacter Biofertilizer
kanchanpur,undefined,Blackgram,Red Clay,7.44,44,71,84,55,37,30,13.7,0.0,Standard FYM + Azotobacter Biofertilizer
doti,undefined,Mungbean,Sandy Loam,5.45,86,15,124,30,65,14,14.0,0.63,Neem Cake + Vermicompost (2 t/ha)
achham,undefined,Tomato,Clay Loam,6.85,24,74,77,97,35,33,12.1,0.0,Standard FYM + Azotobacter Biofertilizer
dadeldhura,undefined,Cauliflower,Red Clay,6.09,99,38,111,52,53,19,10.8,0.0,Standard FYM + Azotobacter Biofertilizer
baitadi,undefined,Cabbage,Silt Loam,7.67,78,44,70,35,50,36,12.6,0.0,Standard FYM + Azotobacter Biofertilizer
bajhang,undefined,Onion,Sandy Loam,5.85,90,67,51,28,39,43,17.4,0.0,Standard FYM + Azotobacter Biofertilizer
bajura,undefined,Garlic,Calcareous Gravel,5.08,33,29,130,62,58,12,10.9,1.3,Neem Cake + Vermicompost (2 t/ha)
darchula,undefined,Radish,Silt Loam,6.17,35,70,87,61,37,29,11.0,0.0,Standard FYM + Azotobacter Biofertilizer
jhapa,undefined,Ginger,Clay Loam,6.04,43,65,98,56,40,24,17.0,0.0,Standard FYM + Azotobacter Biofertilizer
morang,undefined,Cardamom,Humus Acidic Loam,4.87,104,23,54,20,61,42,13.3,1.67,Neem Cake + Vermicompost (2 t/ha)
sunsari,undefined,Tea,Calcareous Gravel,5.89,104,77,125,20,34,34,10.6,0.0,Standard FYM + Azotobacter Biofertilizer
ilam,undefined,Coffee,Humus Acidic Loam,4.99,75,52,107,37,46,21,17.5,1.46,Neem Cake + Vermicompost (2 t/ha)
panchthar,undefined,Sugarcane,Clay Loam,6.31,107,42,87,97,51,49,17.7,0.0,Standard FYM + Azotobacter Biofertilizer
taplejung,undefined,Jute,Sandy Loam,7.71,97,18,133,23,63,10,13.4,0.0,Standard FYM + Azotobacter Biofertilizer
dhankuta,undefined,Apple,Alluvial Loam,5.96,24,50,63,67,47,38,13.8,0.0,Standard FYM + Azotobacter Biofertilizer
bhojpur,undefined,Orange/Citrus,Clay Loam,6.8,34,66,136,61,39,10,16.2,0.0,Standard FYM + Azotobacter Biofertilizer
terhathum,undefined,Banana,Calcareous Gravel,6.48,82,71,31,32,37,71,13.8,0.0,Standard FYM + Azotobacter Biofertilizer
sankhuwasabha,undefined,Mango,Calcareous Gravel,5.04,93,74,130,26,35,12,12.1,1.37,Neem Cake + Vermicompost (2 t/ha)
solukhumbu,undefined,Paddy (Barkhe),Humus Acidic Loam,6.57,55,29,137,129,88,10,17.9,0.0,Standard FYM + Azotobacter Biofertilizer
khotang,undefined,Paddy (Chaite),Red Clay,5.97,43,24,102,136,90,23,10.0,0.0,Standard FYM + Azotobacter Biofertilizer
okhaldhunga,undefined,Wheat,Calcareous Gravel,4.76,37,38,80,139,83,32,12.8,1.87,Neem Cake + Vermicompost (2 t/ha)
udayapur,undefined,Maize,Red Clay,4.92,31,21,28,143,92,52,10.6,1.58,Neem Cake + Vermicompost (2 t/ha)
saptari,undefined,Finger Millet,Alluvial Loam,5.49,28,66,94,65,39,26,14.6,0.56,Neem Cake + Vermicompost (2 t/ha)
siraha,undefined,Barley,Silt Loam,4.85,99,49,119,22,48,16,16.9,1.71,Neem Cake + Vermicompost (2 t/ha)
dhanusha,undefined,Buckwheat,Alluvial Loam,7.63,95,64,33,25,40,50,10.8,0.0,Standard FYM + Azotobacter Biofertilizer
mahottari,undefined,Potato,Alluvial Loam,6.62,72,77,100,68,64,44,12.8,0.0,Standard FYM + Azotobacter Biofertilizer
sarlahi,undefined,Mustard,Silt Loam,6.61,31,42,56,63,51,41,17.1,0.0,Standard FYM + Azotobacter Biofertilizer
rautahat,undefined,Soybean,Sandy Loam,4.74,43,63,80,56,41,32,13.2,1.91,Neem Cake + Vermicompost (2 t/ha)
bara,undefined,Lentil (Musuro),Red Clay,7.69,67,32,66,41,56,37,10.5,0.0,Standard FYM + Azotobacter Biofertilizer
parsa,undefined,Chickpea,Red Clay,7.71,74,18,61,37,63,39,16.9,0.0,Standard FYM + Azotobacter Biofertilizer
chitwan,undefined,Pea,Sandy Loam,6.26,63,62,32,44,41,51,11.6,0.0,Standard FYM + Azotobacter Biofertilizer
kathmandu,undefined,Blackgram,Silt Loam,6.68,41,17,91,57,64,27,14.4,0.0,Standard FYM + Azotobacter Biofertilizer
lalitpur,undefined,Mungbean,Clay Loam,7.61,66,36,51,42,54,43,10.4,0.0,Standard FYM + Azotobacter Biofertilizer
bhaktapur,undefined,Tomato,Clay Loam,5.14,106,20,83,48,62,30,16.6,1.19,Neem Cake + Vermicompost (2 t/ha)
kavrepalanchok,undefined,Cauliflower,Calcareous Gravel,6.11,66,30,77,72,57,33,13.8,0.0,Standard FYM + Azotobacter Biofertilizer
dhading,undefined,Cabbage,Clay Loam,7.07,70,58,26,40,43,53,11.3,0.0,Standard FYM + Azotobacter Biofertilizer
nuwakot,undefined,Onion,Red Clay,5.06,88,83,133,29,31,10,11.6,1.33,Neem Cake + Vermicompost (2 t/ha)
makwanpur,undefined,Garlic,Silt Loam,5.27,44,59,69,55,43,36,11.6,0.95,Neem Cake + Vermicompost (2 t/ha)
sindhupalchok,undefined,Radish,Humus Acidic Loam,5.01,97,48,37,23,48,49,15.6,1.42,Neem Cake + Vermicompost (2 t/ha)
dolakha,undefined,Ginger,Silt Loam,6.59,28,55,38,65,45,48,10.6,0.0,Standard FYM + Azotobacter Biofertilizer
ramechhap,undefined,Cardamom,Clay Loam,5.7,42,61,103,56,42,22,14.0,0.18,Neem Cake + Vermicompost (2 t/ha)
sindhuli,undefined,Tea,Humus Acidic Loam,7.76,70,61,62,40,42,59,10.8,0.0,Standard FYM + Azotobacter Biofertilizer
rasuwa,undefined,Coffee,Clay Loam,5.44,58,58,27,47,43,53,16.5,0.65,Neem Cake + Vermicompost (2 t/ha)
gorkha,undefined,Sugarcane,Calcareous Gravel,6.35,86,70,39,110,37,68,10.1,0.0,Standard FYM + Azotobacter Biofertilizer
kaski,undefined,Jute,Clay Loam,5.32,25,61,90,67,42,28,13.2,0.86,Neem Cake + Vermicompost (2 t/ha)
tanahun,undefined,Apple,Red Clay,6.43,66,47,63,42,49,38,10.6,0.0,Standard FYM + Azotobacter Biofertilizer
syangja,undefined,Orange/Citrus,Calcareous Gravel,5.9,60,29,119,46,58,16,13.9,0.0,Standard FYM + Azotobacter Biofertilizer
lamjung,undefined,Banana,Silt Loam,7.35,46,24,38,54,60,68,14.9,0.0,Standard FYM + Azotobacter Biofertilizer
nawalpur,undefined,Mango,Calcareous Gravel,6.78,55,41,78,49,52,32,12.9,0.0,Standard FYM + Azotobacter Biofertilizer
parbat,undefined,Paddy (Barkhe),Alluvial Loam,6.92,24,76,105,147,64,22,11.7,0.0,Standard FYM + Azotobacter Biofertilizer
baglung,undefined,Paddy (Chaite),Red Clay,5.92,93,73,84,106,66,30,16.9,0.0,Standard FYM + Azotobacter Biofertilizer
myagdi,undefined,Wheat,Alluvial Loam,5.42,31,57,33,143,74,50,11.1,0.68,Neem Cake + Vermicompost (2 t/ha)
mustang,undefined,Maize,Clay Loam,7.65,89,73,112,108,66,19,11.3,0.0,Standard FYM + Azotobacter Biofertilizer
manang,undefined,Finger Millet,Red Clay,4.88,68,42,55,41,51,42,14.8,1.66,Neem Cake + Vermicompost (2 t/ha)
rupandehi,undefined,Barley,Alluvial Loam,4.81,46,83,135,54,31,10,12.6,1.78,Neem Cake + Vermicompost (2 t/ha)
kapilvastu,undefined,Buckwheat,Humus Acidic Loam,6.08,53,78,67,50,33,37,13.0,0.0,Standard FYM + Azotobacter Biofertilizer
nawalparasi west,undefined,Potato,Red Clay,7.37,95,72,105,55,66,42,12.3,0.0,Standard FYM + Azotobacter Biofertilizer
palpa,undefined,Mustard,Red Clay,4.63,98,48,70,23,48,36,14.0,2.11,Neem Cake + Vermicompost (2 t/ha)
gulmi,undefined,Soybean,Silt Loam,4.96,68,10,35,41,67,50,10.4,1.51,Neem Cake + Vermicompost (2 t/ha)
arghakhanchi,undefined,Lentil (Musuro),Alluvial Loam,5.95,64,40,103,43,52,22,13.4,0.0,Standard FYM + Azotobacter Biofertilizer
dang,undefined,Chickpea,Red Clay,7.66,99,79,123,22,33,14,15.5,0.0,Standard FYM + Azotobacter Biofertilizer
pyuthan,undefined,Pea,Calcareous Gravel,6.38,97,15,33,23,65,50,16.8,0.0,Standard FYM + Azotobacter Biofertilizer
rolpa,undefined,Blackgram,Sandy Loam,7.64,56,47,136,48,49,10,12.2,0.0,Standard FYM + Azotobacter Biofertilizer
rukum east,undefined,Mungbean,Humus Acidic Loam,6.34,105,41,62,20,52,39,14.9,0.0,Standard FYM + Azotobacter Biofertilizer
banke,undefined,Tomato,Alluvial Loam,5.11,40,47,135,88,49,10,16.2,1.24,Neem Cake + Vermicompost (2 t/ha)
bardiya,undefined,Cauliflower,Silt Loam,7.21,45,27,115,85,59,18,10.5,0.0,Standard FYM + Azotobacter Biofertilizer
surkhet,undefined,Cabbage,Clay Loam,6.88,79,81,132,34,32,11,16.3,0.0,Standard FYM + Azotobacter Biofertilizer
dailekh,undefined,Onion,Silt Loam,6.43,69,58,54,40,43,42,10.7,0.0,Standard FYM + Azotobacter Biofertilizer
jajarkot,undefined,Garlic,Clay Loam,7.26,33,44,81,62,50,31,10.3,0.0,Standard FYM + Azotobacter Biofertilizer
rukum west,undefined,Radish,Sandy Loam,7.23,94,31,125,25,57,14,16.2,0.0,Standard FYM + Azotobacter Biofertilizer
jumla,undefined,Ginger,Sandy Loam,7.76,35,13,114,61,66,18,12.0,0.0,Standard FYM + Azotobacter Biofertilizer
kalikot,undefined,Cardamom,Humus Acidic Loam,6.49,29,52,82,64,46,31,16.8,0.0,Standard FYM + Azotobacter Biofertilizer
mugu,undefined,Tea,Alluvial Loam,6.58,60,24,83,46,60,50,14.2,0.0,Standard FYM + Azotobacter Biofertilizer
humla,undefined,Coffee,Silt Loam,7.21,22,57,65,68,44,38,12.3,0.0,Standard FYM + Azotobacter Biofertilizer
dolpa,undefined,Sugarcane,Red Clay,7.45,102,14,119,100,65,36,10.3,0.0,Standard FYM + Azotobacter Biofertilizer
kailali,undefined,Jute,Clay Loam,7.64,76,63,59,36,41,40,13.3,0.0,Standard FYM + Azotobacter Biofertilizer
kanchanpur,undefined,Apple,Sandy Loam,6.42,84,78,106,31,33,21,15.4,0.0,Standard FYM + Azotobacter Biofertilizer
doti,undefined,Orange/Citrus,Red Clay,6.88,80,62,81,34,41,31,13.1,0.0,Standard FYM + Azotobacter Biofertilizer
achham,undefined,Banana,Silt Loam,7.22,74,43,133,37,51,30,10.4,0.0,Standard FYM + Azotobacter Biofertilizer
dadeldhura,undefined,Mango,Silt Loam,7.79,99,70,68,22,37,36,11.9,0.0,Standard FYM + Azotobacter Biofertilizer
baitadi,undefined,Paddy (Barkhe),Silt Loam,5.43,80,23,91,114,91,27,17.2,0.67,Neem Cake + Vermicompost (2 t/ha)
bajhang,undefined,Paddy (Chaite),Silt Loam,7.27,96,67,126,104,69,13,16.4,0.0,Standard FYM + Azotobacter Biofertilizer
bajura,undefined,Wheat,Humus Acidic Loam,5.53,36,77,70,140,64,36,12.0,0.49,Neem Cake + Vermicompost (2 t/ha)
darchula,undefined,Maize,Sandy Loam,6.61,24,79,135,147,63,10,11.5,0.0,Standard FYM + Azotobacter Biofertilizer
jhapa,undefined,Finger Millet,Red Clay,4.8,85,36,103,31,54,22,13.0,1.8,Neem Cake + Vermicompost (2 t/ha)
morang,undefined,Barley,Alluvial Loam,5.95,101,66,81,21,39,31,14.8,0.0,Standard FYM + Azotobacter Biofertilizer
sunsari,undefined,Buckwheat,Silt Loam,7.43,95,76,131,25,34,11,10.8,0.0,Standard FYM + Azotobacter Biofertilizer
ilam,undefined,Potato,Red Clay,4.69,22,43,63,98,81,58,13.5,2.0,Neem Cake + Vermicompost (2 t/ha)
panchthar,undefined,Mustard,Red Clay,5.04,82,48,48,32,48,44,12.6,1.37,Neem Cake + Vermicompost (2 t/ha)
taplejung,undefined,Soybean,Silt Loam,7.07,21,76,90,69,34,28,16.5,0.0,Standard FYM + Azotobacter Biofertilizer
dhankuta,undefined,Lentil (Musuro),Alluvial Loam,6.99,84,60,79,31,42,32,15.1,0.0,Standard FYM + Azotobacter Biofertilizer
bhojpur,undefined,Chickpea,Calcareous Gravel,6.9,95,32,61,25,56,39,15.4,0.0,Standard FYM + Azotobacter Biofertilizer
terhathum,undefined,Pea,Clay Loam,6.62,82,75,64,32,35,38,16.2,0.0,Standard FYM + Azotobacter Biofertilizer
sankhuwasabha,undefined,Blackgram,Red Clay,5.56,107,83,83,20,31,30,17.5,0.43,Neem Cake + Vermicompost (2 t/ha)
solukhumbu,undefined,Mungbean,Alluvial Loam,7.68,26,14,132,66,65,11,14.2,0.0,Standard FYM + Azotobacter Biofertilizer
khotang,undefined,Tomato,Clay Loam,6.33,86,47,56,60,49,41,11.4,0.0,Standard FYM + Azotobacter Biofertilizer
okhaldhunga,undefined,Cauliflower,Sandy Loam,5.51,95,15,126,55,65,13,12.1,0.52,Neem Cake + Vermicompost (2 t/ha)
udayapur,undefined,Cabbage,Sandy Loam,6.42,31,44,122,63,50,15,17.2,0.0,Standard FYM + Azotobacter Biofertilizer
saptari,undefined,Onion,Alluvial Loam,5.41,109,66,99,20,39,24,12.8,0.7,Neem Cake + Vermicompost (2 t/ha)
siraha,undefined,Garlic,Sandy Loam,7.13,50,10,80,52,67,32,10.1,0.0,Standard FYM + Azotobacter Biofertilizer
dhanusha,undefined,Radish,Alluvial Loam,4.61,53,27,76,50,59,33,10.6,2.14,Neem Cake + Vermicompost (2 t/ha)
mahottari,undefined,Ginger,Red Clay,4.98,82,20,98,32,62,24,10.4,1.48,Neem Cake + Vermicompost (2 t/ha)
sarlahi,undefined,Cardamom,Sandy Loam,7.57,20,66,128,70,39,12,11.1,0.0,Standard FYM + Azotobacter Biofertilizer
rautahat,undefined,Tea,Calcareous Gravel,5.9,104,50,85,20,47,50,11.1,0.0,Standard FYM + Azotobacter Biofertilizer
bara,undefined,Coffee,Alluvial Loam,7.17,27,57,130,65,44,12,11.7,0.0,Standard FYM + Azotobacter Biofertilizer
parsa,undefined,Sugarcane,Sandy Loam,6.41,34,60,40,141,42,68,16.4,0.0,Standard FYM + Azotobacter Biofertilizer
chitwan,undefined,Jute,Clay Loam,6.03,73,22,110,38,61,20,12.4,0.0,Standard FYM + Azotobacter Biofertilizer
kathmandu,undefined,Apple,Alluvial Loam,4.92,60,71,127,46,37,13,14.2,1.58,Neem Cake + Vermicompost (2 t/ha)
lalitpur,undefined,Orange/Citrus,Silt Loam,6.97,43,76,127,56,34,13,11.6,0.0,Standard FYM + Azotobacter Biofertilizer
bhaktapur,undefined,Banana,Calcareous Gravel,4.77,71,80,124,39,32,34,17.9,1.85,Neem Cake + Vermicompost (2 t/ha)
kavrepalanchok,undefined,Mango,Silt Loam,5.43,54,17,107,49,64,21,14.0,0.67,Neem Cake + Vermicompost (2 t/ha)
dhading,undefined,Paddy (Barkhe),Red Clay,7.33,46,79,51,134,63,43,16.0,0.0,Standard FYM + Azotobacter Biofertilizer
nuwakot,undefined,Paddy (Chaite),Red Clay,7.15,100,48,77,102,78,33,10.2,0.0,Standard FYM + Azotobacter Biofertilizer
makwanpur,undefined,Wheat,Alluvial Loam,6.61,45,32,70,135,86,36,16.8,0.0,Standard FYM + Azotobacter Biofertilizer
sindhupalchok,undefined,Maize,Red Clay,4.58,72,51,50,118,77,44,13.4,2.2,Neem Cake + Vermicompost (2 t/ha)
dolakha,undefined,Finger Millet,Clay Loam,7.58,38,21,123,59,62,14,15.4,0.0,Standard FYM + Azotobacter Biofertilizer
ramechhap,undefined,Barley,Calcareous Gravel,5.37,23,19,138,68,63,10,12.5,0.77,Neem Cake + Vermicompost (2 t/ha)
sindhuli,undefined,Buckwheat,Sandy Loam,5.76,109,28,83,20,58,30,16.8,0.07,Neem Cake + Vermicompost (2 t/ha)
rasuwa,undefined,Potato,Silt Loam,5.24,25,17,74,97,94,54,11.8,1.01,Neem Cake + Vermicompost (2 t/ha)
gorkha,undefined,Mustard,Red Clay,6.44,76,58,33,36,43,50,15.0,0.0,Standard FYM + Azotobacter Biofertilizer
kaski,undefined,Soybean,Silt Loam,5.76,57,64,76,47,40,33,16.9,0.07,Neem Cake + Vermicompost (2 t/ha)
tanahun,undefined,Lentil (Musuro),Clay Loam,5.11,59,39,71,46,53,35,11.0,1.24,Neem Cake + Vermicompost (2 t/ha)
syangja,undefined,Chickpea,Calcareous Gravel,5.18,98,21,77,23,62,33,14.8,1.12,Neem Cake + Vermicompost (2 t/ha)
lamjung,undefined,Pea,Humus Acidic Loam,7.27,62,40,52,44,52,43,15.8,0.0,Standard FYM + Azotobacter Biofertilizer
nawalpur,undefined,Blackgram,Clay Loam,6.03,93,56,120,26,44,16,14.0,0.0,Standard FYM + Azotobacter Biofertilizer
parbat,undefined,Mungbean,Calcareous Gravel,7.51,30,58,53,64,43,42,16.7,0.0,Standard FYM + Azotobacter Biofertilizer
baglung,undefined,Tomato,Clay Loam,6.14,57,40,51,77,52,43,11.1,0.0,Standard FYM + Azotobacter Biofertilizer
myagdi,undefined,Cauliflower,Clay Loam,5.85,46,11,91,84,67,27,13.2,0.0,Standard FYM + Azotobacter Biofertilizer
mustang,undefined,Cabbage,Sandy Loam,7.71,37,35,66,59,55,37,10.1,0.0,Standard FYM + Azotobacter Biofertilizer
manang,undefined,Onion,Clay Loam,6.97,49,55,125,52,45,14,10.1,0.0,Standard FYM + Azotobacter Biofertilizer
rupandehi,undefined,Garlic,Sandy Loam,5.24,54,41,110,49,52,20,10.8,1.01,Neem Cake + Vermicompost (2 t/ha)
kapilvastu,undefined,Radish,Sandy Loam,6.36,64,64,69,43,40,36,17.6,0.0,Standard FYM + Azotobacter Biofertilizer
nawalparasi west,undefined,Ginger,Red Clay,5.82,33,47,117,62,49,17,13.5,0.0,Standard FYM + Azotobacter Biofertilizer
palpa,undefined,Cardamom,Humus Acidic Loam,6.09,100,83,70,22,31,36,13.3,0.0,Standard FYM + Azotobacter Biofertilizer
gulmi,undefined,Tea,Clay Loam,6.4,39,30,117,58,57,37,10.4,0.0,Standard FYM + Azotobacter Biofertilizer
arghakhanchi,undefined,Coffee,Clay Loam,5.52,46,70,35,54,37,50,16.4,0.5,Neem Cake + Vermicompost (2 t/ha)
dang,undefined,Sugarcane,Humus Acidic Loam,6.92,58,60,95,127,42,46,16.2,0.0,Standard FYM + Azotobacter Biofertilizer
pyuthan,undefined,Jute,Silt Loam,4.9,30,40,99,64,52,24,15.7,1.62,Neem Cake + Vermicompost (2 t/ha)
rolpa,undefined,Apple,Humus Acidic Loam,4.76,104,29,123,20,58,14,16.9,1.87,Neem Cake + Vermicompost (2 t/ha)
rukum east,undefined,Orange/Citrus,Calcareous Gravel,4.81,28,64,62,65,40,39,17.8,1.78,Neem Cake + Vermicompost (2 t/ha)
banke,undefined,Banana,Calcareous Gravel,5.37,30,48,92,64,48,47,12.9,0.77,Neem Cake + Vermicompost (2 t/ha)
bardiya,undefined,Mango,Calcareous Gravel,6.36,78,25,41,35,60,47,17.2,0.0,Standard FYM + Azotobacter Biofertilizer
surkhet,undefined,Paddy (Barkhe),Red Clay,6.56,85,79,57,111,63,41,17.6,0.0,Standard FYM + Azotobacter Biofertilizer
dailekh,undefined,Paddy (Chaite),Calcareous Gravel,4.76,82,68,120,112,68,16,17.3,1.87,Neem Cake + Vermicompost (2 t/ha)
jajarkot,undefined,Wheat,Calcareous Gravel,7.24,33,12,126,142,96,13,12.5,0.0,Standard FYM + Azotobacter Biofertilizer
rukum west,undefined,Maize,Sandy Loam,7.74,100,19,28,102,93,52,15.5,0.0,Standard FYM + Azotobacter Biofertilizer
jumla,undefined,Finger Millet,Red Clay,5.89,100,83,98,22,31,24,11.3,0.0,Standard FYM + Azotobacter Biofertilizer
kalikot,undefined,Barley,Clay Loam,4.62,102,36,72,20,54,35,10.1,2.12,Neem Cake + Vermicompost (2 t/ha)
mugu,undefined,Buckwheat,Red Clay,6.84,38,25,104,59,60,22,11.8,0.0,Standard FYM + Azotobacter Biofertilizer
humla,undefined,Potato,Sandy Loam,6.09,49,72,59,82,66,60,15.3,0.0,Standard FYM + Azotobacter Biofertilizer
dolpa,undefined,Mustard,Calcareous Gravel,6.66,40,30,61,58,57,39,10.9,0.0,Standard FYM + Azotobacter Biofertilizer
kailali,undefined,Soybean,Silt Loam,6.57,43,31,106,56,57,21,15.9,0.0,Standard FYM + Azotobacter Biofertilizer
kanchanpur,undefined,Lentil (Musuro),Silt Loam,6.77,28,79,90,65,33,28,12.9,0.0,Standard FYM + Azotobacter Biofertilizer
doti,undefined,Chickpea,Sandy Loam,5.35,82,12,121,32,66,15,13.6,0.81,Neem Cake + Vermicompost (2 t/ha)
achham,undefined,Pea,Red Clay,5.82,66,40,59,42,52,40,16.4,0.0,Standard FYM + Azotobacter Biofertilizer
dadeldhura,undefined,Blackgram,Humus Acidic Loam,6.01,100,47,121,22,49,15,16.4,0.0,Standard FYM + Azotobacter Biofertilizer
baitadi,undefined,Mungbean,Red Clay,6.0,87,26,26,29,59,53,16.2,0.0,Standard FYM + Azotobacter Biofertilizer
bajhang,undefined,Tomato,Calcareous Gravel,7.16,51,58,53,81,43,42,10.9,0.0,Standard FYM + Azotobacter Biofertilizer
bajura,undefined,Cauliflower,Calcareous Gravel,7.31,89,30,118,58,57,16,14.3,0.0,Standard FYM + Azotobacter Biofertilizer
darchula,undefined,Cabbage,Calcareous Gravel,7.73,44,13,106,55,66,21,13.6,0.0,Standard FYM + Azotobacter Biofertilizer
jhapa,undefined,Onion,Humus Acidic Loam,7.16,44,45,106,55,50,21,13.5,0.0,Standard FYM + Azotobacter Biofertilizer
morang,undefined,Garlic,Clay Loam,5.08,106,61,117,20,42,17,13.2,1.3,Neem Cake + Vermicompost (2 t/ha)
sunsari,undefined,Radish,Humus Acidic Loam,5.1,77,34,123,35,55,14,11.0,1.26,Neem Cake + Vermicompost (2 t/ha)
ilam,undefined,Ginger,Sandy Loam,7.63,35,82,26,61,31,53,13.8,0.0,Standard FYM + Azotobacter Biofertilizer
panchthar,undefined,Cardamom,Alluvial Loam,7.21,38,28,39,59,58,48,15.7,0.0,Standard FYM + Azotobacter Biofertilizer
taplejung,undefined,Tea,Silt Loam,6.76,94,28,95,25,58,46,14.7,0.0,Standard FYM + Azotobacter Biofertilizer
dhankuta,undefined,Coffee,Calcareous Gravel,7.57,105,37,114,20,54,18,15.9,0.0,Standard FYM + Azotobacter Biofertilizer
bhojpur,undefined,Sugarcane,Alluvial Loam,6.75,79,81,108,114,32,40,10.4,0.0,Standard FYM + Azotobacter Biofertilizer
terhathum,undefined,Jute,Sandy Loam,5.29,53,27,89,50,59,28,11.1,0.92,Neem Cake + Vermicompost (2 t/ha)
sankhuwasabha,undefined,Apple,Red Clay,7.51,56,66,38,48,39,48,12.0,0.0,Standard FYM + Azotobacter Biofertilizer
solukhumbu,undefined,Orange/Citrus,Silt Loam,7.76,54,13,117,49,66,17,14.8,0.0,Standard FYM + Azotobacter Biofertilizer
khotang,undefined,Banana,Clay Loam,5.91,37,56,103,59,44,42,11.0,0.0,Standard FYM + Azotobacter Biofertilizer
okhaldhunga,undefined,Mango,Humus Acidic Loam,7.71,79,40,57,34,52,41,15.8,0.0,Standard FYM + Azotobacter Biofertilizer
udayapur,undefined,Paddy (Barkhe),Sandy Loam,7.23,73,69,138,118,68,10,15.4,0.0,Standard FYM + Azotobacter Biofertilizer
saptari,undefined,Paddy (Chaite),Calcareous Gravel,6.66,45,10,39,135,97,48,17.5,0.0,Standard FYM + Azotobacter Biofertilizer
siraha,undefined,Wheat,Red Clay,4.61,66,52,89,122,76,28,13.8,2.14,Neem Cake + Vermicompost (2 t/ha)
dhanusha,undefined,Maize,Sandy Loam,6.75,25,39,135,147,83,10,14.3,0.0,Standard FYM + Azotobacter Biofertilizer
mahottari,undefined,Finger Millet,Silt Loam,7.39,57,40,29,47,52,52,14.4,0.0,Standard FYM + Azotobacter Biofertilizer
sarlahi,undefined,Barley,Red Clay,4.57,47,79,61,53,33,39,12.0,2.21,Neem Cake + Vermicompost (2 t/ha)
rautahat,undefined,Buckwheat,Clay Loam,6.72,37,77,37,59,34,49,15.7,0.0,Standard FYM + Azotobacter Biofertilizer
bara,undefined,Potato,Clay Loam,6.85,54,40,115,79,82,38,17.7,0.0,Standard FYM + Azotobacter Biofertilizer
parsa,undefined,Mustard,Silt Loam,6.12,84,80,35,31,32,50,10.2,0.0,Standard FYM + Azotobacter Biofertilizer
chitwan,undefined,Soybean,Calcareous Gravel,6.76,59,24,118,46,60,16,16.4,0.0,Standard FYM + Azotobacter Biofertilizer
kathmandu,undefined,Lentil (Musuro),Clay Loam,5.48,77,31,52,35,57,43,15.8,0.58,Neem Cake + Vermicompost (2 t/ha)
lalitpur,undefined,Chickpea,Red Clay,4.69,98,32,25,23,56,54,11.8,2.0,Neem Cake + Vermicompost (2 t/ha)
bhaktapur,undefined,Pea,Silt Loam,5.45,33,28,132,62,58,11,14.2,0.63,Neem Cake + Vermicompost (2 t/ha)
kavrepalanchok,undefined,Blackgram,Silt Loam,4.57,32,62,38,62,41,48,11.8,2.21,Neem Cake + Vermicompost (2 t/ha)
dhading,undefined,Mungbean,Humus Acidic Loam,5.55,80,31,91,34,57,27,10.5,0.45,Neem Cake + Vermicompost (2 t/ha)
nuwakot,undefined,Tomato,Humus Acidic Loam,4.51,103,18,71,50,63,35,16.2,2.32,Neem Cake + Vermicompost (2 t/ha)
makwanpur,undefined,Cauliflower,Alluvial Loam,4.92,25,32,43,97,56,46,11.4,1.58,Neem Cake + Vermicompost (2 t/ha)
sindhupalchok,undefined,Cabbage,Red Clay,7.46,85,37,37,31,54,49,15.5,0.0,Standard FYM + Azotobacter Biofertilizer
dolakha,undefined,Onion,Calcareous Gravel,5.47,86,75,47,30,35,45,10.8,0.59,Neem Cake + Vermicompost (2 t/ha)
ramechhap,undefined,Garlic,Clay Loam,5.63,35,53,137,61,46,10,16.1,0.31,Neem Cake + Vermicompost (2 t/ha)
sindhuli,undefined,Radish,Clay Loam,6.23,38,43,116,59,51,17,14.7,0.0,Standard FYM + Azotobacter Biofertilizer
rasuwa,undefined,Ginger,Humus Acidic Loam,5.96,42,78,36,56,33,49,10.4,0.0,Standard FYM + Azotobacter Biofertilizer
gorkha,undefined,Cardamom,Clay Loam,6.84,80,11,72,34,67,35,12.7,0.0,Standard FYM + Azotobacter Biofertilizer
kaski,undefined,Tea,Red Clay,5.69,80,13,69,34,66,56,16.3,0.2,Neem Cake + Vermicompost (2 t/ha)
tanahun,undefined,Coffee,Sandy Loam,7.73,20,56,72,70,44,35,16.9,0.0,Standard FYM + Azotobacter Biofertilizer
syangja,undefined,Sugarcane,Alluvial Loam,7.74,75,69,34,117,38,70,11.5,0.0,Standard FYM + Azotobacter Biofertilizer
lamjung,undefined,Jute,Silt Loam,7.47,23,33,93,68,56,26,14.8,0.0,Standard FYM + Azotobacter Biofertilizer
nawalpur,undefined,Apple,Red Clay,6.52,82,35,37,32,55,49,10.6,0.0,Standard FYM + Azotobacter Biofertilizer
parbat,undefined,Orange/Citrus,Silt Loam,7.42,78,22,28,35,61,52,11.1,0.0,Standard FYM + Azotobacter Biofertilizer
baglung,undefined,Banana,Red Clay,4.59,50,83,125,52,31,34,12.6,2.18,Neem Cake + Vermicompost (2 t/ha)
myagdi,undefined,Mango,Silt Loam,7.13,31,77,102,63,34,23,17.2,0.0,Standard FYM + Azotobacter Biofertilizer
mustang,undefined,Paddy (Barkhe),Red Clay,7.7,82,15,46,112,95,45,16.2,0.0,Standard FYM + Azotobacter Biofertilizer
manang,undefined,Paddy (Chaite),Sandy Loam,7.24,106,62,48,98,71,44,10.2,0.0,Standard FYM + Azotobacter Biofertilizer
rupandehi,undefined,Wheat,Silt Loam,5.35,83,26,29,112,89,52,11.6,0.81,Neem Cake + Vermicompost (2 t/ha)
kapilvastu,undefined,Maize,Humus Acidic Loam,7.78,88,69,95,109,68,26,17.9,0.0,Standard FYM + Azotobacter Biofertilizer
nawalparasi west,undefined,Finger Millet,Silt Loam,4.6,74,39,59,37,53,40,16.9,2.16,Neem Cake + Vermicompost (2 t/ha)
palpa,undefined,Barley,Clay Loam,5.07,25,17,46,67,64,45,12.7,1.31,Neem Cake + Vermicompost (2 t/ha)
gulmi,undefined,Buckwheat,Alluvial Loam,5.96,25,71,39,67,37,48,17.2,0.0,Standard FYM + Azotobacter Biofertilizer
arghakhanchi,undefined,Potato,Sandy Loam,7.48,29,23,74,94,91,54,11.0,0.0,Standard FYM + Azotobacter Biofertilizer
dang,undefined,Mustard,Silt Loam,7.09,61,80,80,45,32,32,13.7,0.0,Standard FYM + Azotobacter Biofertilizer
pyuthan,undefined,Soybean,Alluvial Loam,6.4,34,19,28,61,63,52,10.1,0.0,Standard FYM + Azotobacter Biofertilizer
rolpa,undefined,Lentil (Musuro),Alluvial Loam,6.98,93,12,78,26,66,32,15.2,0.0,Standard FYM + Azotobacter Biofertilizer
rukum east,undefined,Chickpea,Humus Acidic Loam,7.68,95,46,112,25,49,19,16.7,0.0,Standard FYM + Azotobacter Biofertilizer
banke,undefined,Pea,Clay Loam,5.43,67,13,43,41,66,46,16.5,0.67,Neem Cake + Vermicompost (2 t/ha)
bardiya,undefined,Blackgram,Alluvial Loam,5.69,20,56,105,70,44,22,15.2,0.2,Neem Cake + Vermicompost (2 t/ha)
surkhet,undefined,Mungbean,Alluvial Loam,7.11,75,18,42,37,63,47,13.5,0.0,Standard FYM + Azotobacter Biofertilizer
dailekh,undefined,Tomato,Humus Acidic Loam,6.51,68,45,58,71,50,40,12.2,0.0,Standard FYM + Azotobacter Biofertilizer
jajarkot,undefined,Cauliflower,Clay Loam,5.03,50,34,92,82,55,27,10.5,1.39,Neem Cake + Vermicompost (2 t/ha)
rukum west,undefined,Cabbage,Alluvial Loam,5.35,64,83,63,43,31,38,14.8,0.81,Neem Cake + Vermicompost (2 t/ha)
jumla,undefined,Onion,Clay Loam,7.66,89,82,110,28,31,20,11.4,0.0,Standard FYM + Azotobacter Biofertilizer
kalikot,undefined,Garlic,Clay Loam,6.41,52,30,117,50,57,17,12.9,0.0,Standard FYM + Azotobacter Biofertilizer
mugu,undefined,Radish,Humus Acidic Loam,7.57,72,50,77,38,47,33,11.7,0.0,Standard FYM + Azotobacter Biofertilizer
humla,undefined,Ginger,Calcareous Gravel,5.9,25,10,85,67,67,30,12.8,0.0,Standard FYM + Azotobacter Biofertilizer
dolpa,undefined,Cardamom,Sandy Loam,5.66,60,20,30,46,62,52,16.2,0.25,Neem Cake + Vermicompost (2 t/ha)
kailali,undefined,Tea,Clay Loam,7.01,33,52,54,62,46,62,11.8,0.0,Standard FYM + Azotobacter Biofertilizer
kanchanpur,undefined,Coffee,Calcareous Gravel,5.88,90,30,105,28,57,22,10.0,0.0,Standard FYM + Azotobacter Biofertilizer
doti,undefined,Sugarcane,Alluvial Loam,4.6,84,13,55,111,66,62,14.0,2.16,Neem Cake + Vermicompost (2 t/ha)
achham,undefined,Jute,Sandy Loam,5.31,60,11,98,46,67,24,13.3,0.88,Neem Cake + Vermicompost (2 t/ha)
dadeldhura,undefined,Apple,Humus Acidic Loam,6.97,24,50,54,67,47,42,14.7,0.0,Standard FYM + Azotobacter Biofertilizer
baitadi,undefined,Orange/Citrus,Alluvial Loam,6.36,97,18,115,23,63,18,15.4,0.0,Standard FYM + Azotobacter Biofertilizer
bajhang,undefined,Banana,Alluvial Loam,6.79,59,80,41,46,32,67,15.1,0.0,Standard FYM + Azotobacter Biofertilizer
bajura,undefined,Mango,Clay Loam,7.28,38,65,103,59,40,22,16.1,0.0,Standard FYM + Azotobacter Biofertilizer
darchula,undefined,Paddy (Barkhe),Humus Acidic Loam,7.15,109,28,75,96,88,34,14.2,0.0,Standard FYM + Azotobacter Biofertilizer
jhapa,undefined,Paddy (Chaite),Clay Loam,4.55,39,31,76,138,87,33,11.4,2.25,Neem Cake + Vermicompost (2 t/ha)
morang,undefined,Wheat,Clay Loam,6.83,27,58,100,145,73,24,17.6,0.0,Standard FYM + Azotobacter Biofertilizer
sunsari,undefined,Maize,Humus Acidic Loam,6.12,29,41,61,144,82,39,10.3,0.0,Standard FYM + Azotobacter Biofertilizer
ilam,undefined,Finger Millet,Red Clay,4.8,66,27,45,42,59,46,16.5,1.8,Neem Cake + Vermicompost (2 t/ha)
panchthar,undefined,Barley,Alluvial Loam,6.05,104,23,137,20,61,10,18.0,0.0,Standard FYM + Azotobacter Biofertilizer
taplejung,undefined,Buckwheat,Red Clay,4.96,22,75,88,68,35,28,14.9,1.51,Neem Cake + Vermicompost (2 t/ha)
dhankuta,undefined,Potato,Silt Loam,6.69,82,69,38,62,68,68,12.9,0.0,Standard FYM + Azotobacter Biofertilizer
bhojpur,undefined,Mustard,Red Clay,7.55,99,43,123,22,51,14,10.4,0.0,Standard FYM + Azotobacter Biofertilizer
terhathum,undefined,Soybean,Sandy Loam,5.33,106,79,77,20,33,33,16.8,0.85,Neem Cake + Vermicompost (2 t/ha)
sankhuwasabha,undefined,Lentil (Musuro),Clay Loam,6.11,91,59,37,27,43,49,13.9,0.0,Standard FYM + Azotobacter Biofertilizer
solukhumbu,undefined,Chickpea,Alluvial Loam,6.25,55,56,136,49,44,10,10.8,0.0,Standard FYM + Azotobacter Biofertilizer
khotang,undefined,Pea,Clay Loam,6.34,90,50,62,28,47,39,11.1,0.0,Standard FYM + Azotobacter Biofertilizer
okhaldhunga,undefined,Blackgram,Sandy Loam,7.65,86,59,118,30,43,16,11.0,0.0,Standard FYM + Azotobacter Biofertilizer
udayapur,undefined,Mungbean,Clay Loam,6.46,50,71,117,52,37,17,16.8,0.0,Standard FYM + Azotobacter Biofertilizer
saptari,undefined,Tomato,Red Clay,4.82,102,16,99,50,64,24,13.3,1.76,Neem Cake + Vermicompost (2 t/ha)
siraha,undefined,Cauliflower,Humus Acidic Loam,7.78,70,36,58,70,54,40,12.1,0.0,Standard FYM + Azotobacter Biofertilizer
dhanusha,undefined,Cabbage,Alluvial Loam,5.06,100,59,126,22,43,13,13.9,1.33,Neem Cake + Vermicompost (2 t/ha)
mahottari,undefined,Onion,Calcareous Gravel,4.76,63,33,48,44,56,44,17.6,1.87,Neem Cake + Vermicompost (2 t/ha)
sarlahi,undefined,Garlic,Alluvial Loam,5.78,45,30,124,55,57,14,10.6,0.04,Neem Cake + Vermicompost (2 t/ha)
rautahat,undefined,Radish,Clay Loam,5.59,79,32,49,34,56,44,11.3,0.38,Neem Cake + Vermicompost (2 t/ha)
bara,undefined,Ginger,Clay Loam,7.42,39,44,79,58,50,32,17.0,0.0,Standard FYM + Azotobacter Biofertilizer
parsa,undefined,Cardamom,Alluvial Loam,7.13,68,33,41,41,56,47,15.9,0.0,Standard FYM + Azotobacter Biofertilizer
chitwan,undefined,Tea,Calcareous Gravel,6.66,20,79,32,70,33,71,12.9,0.0,Standard FYM + Azotobacter Biofertilizer
kathmandu,undefined,Coffee,Alluvial Loam,6.66,57,63,124,47,41,14,11.2,0.0,Standard FYM + Azotobacter Biofertilizer
lalitpur,undefined,Sugarcane,Sandy Loam,6.11,76,15,81,116,65,51,11.2,0.0,Standard FYM + Azotobacter Biofertilizer
bhaktapur,undefined,Jute,Alluvial Loam,5.88,101,84,37,21,30,49,11.9,0.0,Standard FYM + Azotobacter Biofertilizer
kavrepalanchok,undefined,Apple,Humus Acidic Loam,7.66,28,11,43,65,67,46,18.0,0.0,Standard FYM + Azotobacter Biofertilizer
dhading,undefined,Orange/Citrus,Clay Loam,6.42,108,57,120,20,44,16,16.4,0.0,Standard FYM + Azotobacter Biofertilizer
nuwakot,undefined,Banana,Alluvial Loam,7.35,45,61,102,55,42,43,11.8,0.0,Standard FYM + Azotobacter Biofertilizer
makwanpur,undefined,Mango,Alluvial Loam,6.29,108,70,88,20,37,28,17.6,0.0,Standard FYM + Azotobacter Biofertilizer
sindhupalchok,undefined,Paddy (Barkhe),Clay Loam,6.5,74,72,73,117,66,34,12.2,0.0,Standard FYM + Azotobacter Biofertilizer
dolakha,undefined,Paddy (Chaite),Red Clay,6.33,64,32,131,123,86,11,14.7,0.0,Standard FYM + Azotobacter Biofertilizer
ramechhap,undefined,Wheat,Silt Loam,5.21,37,40,51,139,82,43,14.7,1.06,Neem Cake + Vermicompost (2 t/ha)
sindhuli,undefined,Maize,Silt Loam,5.95,63,77,70,124,64,36,17.6,0.0,Standard FYM + Azotobacter Biofertilizer
rasuwa,undefined,Finger Millet,Silt Loam,5.93,57,12,82,47,66,31,14.4,0.0,Standard FYM + Azotobacter Biofertilizer
gorkha,undefined,Barley,Silt Loam,4.54,35,59,27,61,43,53,10.5,2.27,Neem Cake + Vermicompost (2 t/ha)
kaski,undefined,Buckwheat,Silt Loam,4.95,64,26,31,43,59,51,12.6,1.53,Neem Cake + Vermicompost (2 t/ha)
tanahun,undefined,Potato,Silt Loam,6.46,33,39,129,92,83,32,18.0,0.0,Standard FYM + Azotobacter Biofertilizer
syangja,undefined,Mustard,Clay Loam,5.08,74,35,92,37,55,27,12.5,1.3,Neem Cake + Vermicompost (2 t/ha)
lamjung,undefined,Soybean,Humus Acidic Loam,5.52,74,49,27,37,48,53,16.3,0.5,Neem Cake + Vermicompost (2 t/ha)
nawalpur,undefined,Lentil (Musuro),Silt Loam,4.54,66,55,135,42,45,10,14.7,2.27,Neem Cake + Vermicompost (2 t/ha)
parbat,undefined,Chickpea,Sandy Loam,5.87,61,36,97,45,54,25,16.3,0.0,Standard FYM + Azotobacter Biofertilizer
baglung,undefined,Pea,Alluvial Loam,5.37,65,65,82,43,40,31,10.5,0.77,Neem Cake + Vermicompost (2 t/ha)
myagdi,undefined,Blackgram,Red Clay,7.16,46,59,74,54,43,34,17.1,0.0,Standard FYM + Azotobacter Biofertilizer
mustang,undefined,Mungbean,Calcareous Gravel,6.23,82,76,82,32,34,31,12.5,0.0,Standard FYM + Azotobacter Biofertilizer
manang,undefined,Tomato,Red Clay,6.81,85,80,120,61,32,16,15.0,0.0,Standard FYM + Azotobacter Biofertilizer
rupandehi,undefined,Cauliflower,Alluvial Loam,5.21,52,31,45,80,57,46,15.9,1.06,Neem Cake + Vermicompost (2 t/ha)
kapilvastu,undefined,Cabbage,Sandy Loam,5.77,108,39,34,20,53,50,10.7,0.05,Neem Cake + Vermicompost (2 t/ha)
nawalparasi west,undefined,Onion,Red Clay,5.45,34,31,51,61,57,43,15.9,0.63,Neem Cake + Vermicompost (2 t/ha)
palpa,undefined,Garlic,Sandy Loam,6.17,33,17,39,62,64,48,10.8,0.0,Standard FYM + Azotobacter Biofertilizer
gulmi,undefined,Radish,Silt Loam,6.97,37,68,120,59,38,16,12.9,0.0,Standard FYM + Azotobacter Biofertilizer
arghakhanchi,undefined,Ginger,Clay Loam,5.26,49,25,81,52,60,31,10.2,0.97,Neem Cake + Vermicompost (2 t/ha)
dang,undefined,Cardamom,Red Clay,7.16,42,28,92,56,58,27,10.6,0.0,Standard FYM + Azotobacter Biofertilizer
pyuthan,undefined,Tea,Red Clay,4.92,55,22,54,49,61,62,12.1,1.58,Neem Cake + Vermicompost (2 t/ha)
rolpa,undefined,Coffee,Humus Acidic Loam,4.62,68,62,64,41,41,38,10.9,2.12,Neem Cake + Vermicompost (2 t/ha)
rukum east,undefined,Sugarcane,Humus Acidic Loam,7.05,50,20,123,132,62,34,12.5,0.0,Standard FYM + Azotobacter Biofertilizer
banke,undefined,Jute,Red Clay,5.94,60,11,38,46,67,48,11.5,0.0,Standard FYM + Azotobacter Biofertilizer
bardiya,undefined,Apple,Clay Loam,6.7,100,14,41,22,65,47,15.7,0.0,Standard FYM + Azotobacter Biofertilizer
surkhet,undefined,Orange/Citrus,Sandy Loam,5.57,22,47,80,68,49,32,11.3,0.41,Neem Cake + Vermicompost (2 t/ha)
dailekh,undefined,Banana,Red Clay,7.02,43,46,139,56,49,28,15.5,0.0,Standard FYM + Azotobacter Biofertilizer
jajarkot,undefined,Mango,Sandy Loam,5.87,89,13,39,28,66,48,11.6,0.0,Standard FYM + Azotobacter Biofertilizer
rukum west,undefined,Paddy (Barkhe),Calcareous Gravel,7.29,51,59,106,131,73,21,14.7,0.0,Standard FYM + Azotobacter Biofertilizer
jumla,undefined,Paddy (Chaite),Sandy Loam,5.54,61,27,97,125,89,25,12.4,0.47,Neem Cake + Vermicompost (2 t/ha)
kalikot,undefined,Wheat,Calcareous Gravel,7.4,47,58,62,133,73,39,13.1,0.0,Standard FYM + Azotobacter Biofertilizer
mugu,undefined,Maize,Alluvial Loam,6.43,25,59,25,147,73,54,16.2,0.0,Standard FYM + Azotobacter Biofertilizer
humla,undefined,Finger Millet,Red Clay,4.64,65,53,130,43,46,12,10.4,2.09,Neem Cake + Vermicompost (2 t/ha)
dolpa,undefined,Barley,Sandy Loam,5.49,70,10,34,40,67,50,11.0,0.56,Neem Cake + Vermicompost (2 t/ha)
kailali,undefined,Buckwheat,Red Clay,7.58,79,42,30,34,51,52,17.4,0.0,Standard FYM + Azotobacter Biofertilizer
kanchanpur,undefined,Potato,Humus Acidic Loam,6.14,32,79,75,92,63,54,18.0,0.0,Standard FYM + Azotobacter Biofertilizer
doti,undefined,Mustard,Red Clay,4.71,71,56,83,39,44,30,16.5,1.96,Neem Cake + Vermicompost (2 t/ha)
achham,undefined,Soybean,Humus Acidic Loam,6.53,21,62,73,69,41,34,14.5,0.0,Standard FYM + Azotobacter Biofertilizer
dadeldhura,undefined,Lentil (Musuro),Red Clay,6.78,77,63,50,35,41,44,10.8,0.0,Standard FYM + Azotobacter Biofertilizer
baitadi,undefined,Chickpea,Calcareous Gravel,7.55,30,17,63,64,64,38,13.0,0.0,Standard FYM + Azotobacter Biofertilizer
bajhang,undefined,Pea,Red Clay,7.2,103,80,130,20,32,12,14.4,0.0,Standard FYM + Azotobacter Biofertilizer
bajura,undefined,Blackgram,Sandy Loam,6.78,85,62,60,31,41,40,10.8,0.0,Standard FYM + Azotobacter Biofertilizer
darchula,undefined,Mungbean,Sandy Loam,5.81,35,73,59,61,36,40,14.8,0.0,Standard FYM + Azotobacter Biofertilizer
jhapa,undefined,Tomato,Calcareous Gravel,5.56,72,15,133,68,65,10,12.9,0.43,Neem Cake + Vermicompost (2 t/ha)
morang,undefined,Cauliflower,Red Clay,5.62,21,37,86,99,54,29,17.0,0.32,Neem Cake + Vermicompost (2 t/ha)
sunsari,undefined,Cabbage,Red Clay,6.57,69,83,109,40,31,20,16.2,0.0,Standard FYM + Azotobacter Biofertilizer
ilam,undefined,Onion,Humus Acidic Loam,7.16,21,72,41,69,36,47,17.8,0.0,Standard FYM + Azotobacter Biofertilizer
panchthar,undefined,Garlic,Sandy Loam,5.96,71,49,29,39,48,52,14.9,0.0,Standard FYM + Azotobacter Biofertilizer
taplejung,undefined,Radish,Alluvial Loam,5.02,73,54,43,38,45,46,11.0,1.4,Neem Cake + Vermicompost (2 t/ha)
dhankuta,undefined,Ginger,Sandy Loam,4.86,57,64,37,47,40,49,11.6,1.69,Neem Cake + Vermicompost (2 t/ha)
bhojpur,undefined,Cardamom,Silt Loam,6.62,27,77,69,65,34,36,12.5,0.0,Standard FYM + Azotobacter Biofertilizer
terhathum,undefined,Tea,Calcareous Gravel,7.68,30,33,118,64,56,36,12.1,0.0,Standard FYM + Azotobacter Biofertilizer
sankhuwasabha,undefined,Coffee,Clay Loam,7.08,103,28,91,20,58,27,12.2,0.0,Standard FYM + Azotobacter Biofertilizer
solukhumbu,undefined,Sugarcane,Red Clay,5.06,88,68,125,109,38,34,10.2,1.33,Neem Cake + Vermicompost (2 t/ha)
khotang,undefined,Jute,Humus Acidic Loam,7.31,74,73,55,37,36,42,14.2,0.0,Standard FYM + Azotobacter Biofertilizer
okhaldhunga,undefined,Apple,Alluvial Loam,6.66,105,68,117,20,38,17,14.3,0.0,Standard FYM + Azotobacter Biofertilizer
udayapur,undefined,Orange/Citrus,Humus Acidic Loam,5.9,69,60,94,40,42,26,13.2,0.0,Standard FYM + Azotobacter Biofertilizer
saptari,undefined,Banana,Red Clay,5.92,69,34,107,40,55,41,15.2,0.0,Standard FYM + Azotobacter Biofertilizer
siraha,undefined,Mango,Sandy Loam,5.37,88,68,77,29,38,33,14.9,0.77,Neem Cake + Vermicompost (2 t/ha)
dhanusha,undefined,Paddy (Barkhe),Sandy Loam,6.8,53,80,119,130,62,16,14.7,0.0,Standard FYM + Azotobacter Biofertilizer
mahottari,undefined,Paddy (Chaite),Alluvial Loam,6.62,81,51,96,113,77,25,10.8,0.0,Standard FYM + Azotobacter Biofertilizer
sarlahi,undefined,Wheat,Red Clay,5.05,107,18,132,97,93,11,17.3,1.35,Neem Cake + Vermicompost (2 t/ha)
rautahat,undefined,Maize,Calcareous Gravel,5.33,82,73,89,112,66,28,14.3,0.85,Neem Cake + Vermicompost (2 t/ha)
bara,undefined,Finger Millet,Alluvial Loam,6.41,64,53,57,43,46,41,12.9,0.0,Standard FYM + Azotobacter Biofertilizer
parsa,undefined,Barley,Alluvial Loam,6.68,102,16,113,20,64,18,14.9,0.0,Standard FYM + Azotobacter Biofertilizer
chitwan,undefined,Buckwheat,Humus Acidic Loam,4.63,79,30,125,34,57,14,13.9,2.11,Neem Cake + Vermicompost (2 t/ha)
kathmandu,undefined,Potato,Sandy Loam,4.83,98,48,117,53,78,37,12.9,1.75,Neem Cake + Vermicompost (2 t/ha)
lalitpur,undefined,Mustard,Red Clay,4.64,45,28,89,55,58,28,10.2,2.09,Neem Cake + Vermicompost (2 t/ha)
bhaktapur,undefined,Soybean,Silt Loam,6.87,29,73,109,64,36,20,11.7,0.0,Standard FYM + Azotobacter Biofertilizer
kavrepalanchok,undefined,Lentil (Musuro),Humus Acidic Loam,5.54,107,29,77,20,58,33,10.2,0.47,Neem Cake + Vermicompost (2 t/ha)
dhading,undefined,Chickpea,Silt Loam,6.21,58,84,131,47,30,11,12.5,0.0,Standard FYM + Azotobacter Biofertilizer
nuwakot,undefined,Pea,Clay Loam,4.63,48,53,134,53,46,10,16.9,2.11,Neem Cake + Vermicompost (2 t/ha)
makwanpur,undefined,Blackgram,Humus Acidic Loam,6.85,46,53,133,54,46,10,16.5,0.0,Standard FYM + Azotobacter Biofertilizer
sindhupalchok,undefined,Mungbean,Calcareous Gravel,5.8,65,44,54,43,50,42,14.0,0.0,Standard FYM + Azotobacter Biofertilizer
dolakha,undefined,Tomato,Calcareous Gravel,5.7,97,29,84,53,58,30,10.9,0.18,Neem Cake + Vermicompost (2 t/ha)
ramechhap,undefined,Cauliflower,Clay Loam,5.72,86,68,112,60,38,19,15.8,0.14,Neem Cake + Vermicompost (2 t/ha)
sindhuli,undefined,Cabbage,Alluvial Loam,6.83,87,69,110,29,38,20,13.5,0.0,Standard FYM + Azotobacter Biofertilizer
rasuwa,undefined,Onion,Red Clay,4.96,55,83,50,49,31,44,14.9,1.51,Neem Cake + Vermicompost (2 t/ha)
gorkha,undefined,Garlic,Sandy Loam,4.73,63,62,84,44,41,30,17.0,1.93,Neem Cake + Vermicompost (2 t/ha)
kaski,undefined,Radish,Sandy Loam,7.51,93,48,113,26,48,18,14.2,0.0,Standard FYM + Azotobacter Biofertilizer
tanahun,undefined,Ginger,Calcareous Gravel,5.57,84,20,58,31,62,40,11.2,0.41,Neem Cake + Vermicompost (2 t/ha)
syangja,undefined,Cardamom,Alluvial Loam,5.93,64,29,106,43,58,21,16.4,0.0,Standard FYM + Azotobacter Biofertilizer
lamjung,undefined,Tea,Calcareous Gravel,6.02,49,45,94,52,50,46,17.9,0.0,Standard FYM + Azotobacter Biofertilizer
nawalpur,undefined,Coffee,Calcareous Gravel,7.35,100,45,100,22,50,24,17.2,0.0,Standard FYM + Azotobacter Biofertilizer
parbat,undefined,Sugarcane,Alluvial Loam,7.45,84,53,104,111,46,42,17.5,0.0,Standard FYM + Azotobacter Biofertilizer
baglung,undefined,Jute,Alluvial Loam,5.31,87,49,55,29,48,42,16.2,0.88,Neem Cake + Vermicompost (2 t/ha)
myagdi,undefined,Apple,Alluvial Loam,7.13,62,69,66,44,38,37,17.5,0.0,Standard FYM + Azotobacter Biofertilizer
mustang,undefined,Orange/Citrus,Silt Loam,5.15,106,48,109,20,48,20,13.3,1.17,Neem Cake + Vermicompost (2 t/ha)
manang,undefined,Banana,Calcareous Gravel,6.18,25,72,115,67,36,38,11.5,0.0,Standard FYM + Azotobacter Biofertilizer
rupandehi,undefined,Mango,Silt Loam,4.94,64,22,39,43,61,48,17.5,1.55,Neem Cake + Vermicompost (2 t/ha)
kapilvastu,undefined,Paddy (Barkhe),Red Clay,5.55,41,51,37,137,77,49,17.5,0.45,Neem Cake + Vermicompost (2 t/ha)
nawalparasi west,undefined,Paddy (Chaite),Humus Acidic Loam,5.72,106,71,123,98,67,14,11.4,0.14,Neem Cake + Vermicompost (2 t/ha)
palpa,undefined,Wheat,Alluvial Loam,4.94,43,42,28,136,81,52,16.2,1.55,Neem Cake + Vermicompost (2 t/ha)
gulmi,undefined,Maize,Alluvial Loam,5.4,37,27,116,139,89,17,14.5,0.72,Neem Cake + Vermicompost (2 t/ha)
arghakhanchi,undefined,Finger Millet,Clay Loam,5.92,56,18,102,48,63,23,15.6,0.0,Standard FYM + Azotobacter Biofertilizer
dang,undefined,Barley,Humus Acidic Loam,7.77,40,33,138,58,56,10,16.7,0.0,Standard FYM + Azotobacter Biofertilizer
pyuthan,undefined,Buckwheat,Sandy Loam,4.55,104,70,121,20,37,15,10.7,2.25,Neem Cake + Vermicompost (2 t/ha)
rolpa,undefined,Potato,Sandy Loam,6.27,33,47,72,92,79,55,17.0,0.0,Standard FYM + Azotobacter Biofertilizer
rukum east,undefined,Mustard,Sandy Loam,6.48,62,79,33,44,33,50,14.0,0.0,Standard FYM + Azotobacter Biofertilizer
banke,undefined,Soybean,Humus Acidic Loam,7.56,53,28,88,50,58,28,16.4,0.0,Standard FYM + Azotobacter Biofertilizer
bardiya,undefined,Lentil (Musuro),Clay Loam,6.58,73,33,76,38,56,33,12.0,0.0,Standard FYM + Azotobacter Biofertilizer
surkhet,undefined,Chickpea,Humus Acidic Loam,4.92,28,54,86,65,45,29,12.1,1.58,Neem Cake + Vermicompost (2 t/ha)
dailekh,undefined,Pea,Humus Acidic Loam,5.99,65,49,76,43,48,33,12.0,0.0,Standard FYM + Azotobacter Biofertilizer
jajarkot,undefined,Blackgram,Alluvial Loam,6.07,31,79,77,63,33,33,15.9,0.0,Standard FYM + Azotobacter Biofertilizer
rukum west,undefined,Mungbean,Clay Loam,5.01,76,35,39,36,55,48,13.3,1.42,Neem Cake + Vermicompost (2 t/ha)
jumla,undefined,Tomato,Silt Loam,6.8,82,62,81,62,41,31,17.3,0.0,Standard FYM + Azotobacter Biofertilizer
kalikot,undefined,Cauliflower,Sandy Loam,5.12,44,50,120,85,47,16,13.2,1.22,Neem Cake + Vermicompost (2 t/ha)
mugu,undefined,Cabbage,Calcareous Gravel,5.32,47,67,62,53,39,39,11.9,0.86,Neem Cake + Vermicompost (2 t/ha)
humla,undefined,Onion,Clay Loam,7.77,43,29,113,56,58,18,13.5,0.0,Standard FYM + Azotobacter Biofertilizer
dolpa,undefined,Garlic,Silt Loam,6.59,92,13,59,26,66,40,12.2,0.0,Standard FYM + Azotobacter Biofertilizer
kailali,undefined,Radish,Silt Loam,5.45,47,49,101,53,48,23,13.0,0.63,Neem Cake + Vermicompost (2 t/ha)
kanchanpur,undefined,Ginger,Red Clay,7.17,107,58,56,20,43,41,18.0,0.0,Standard FYM + Azotobacter Biofertilizer
doti,undefined,Cardamom,Red Clay,6.19,94,71,132,25,37,11,16.7,0.0,Standard FYM + Azotobacter Biofertilizer
achham,undefined,Tea,Red Clay,6.52,93,40,50,26,52,64,14.1,0.0,Standard FYM + Azotobacter Biofertilizer
dadeldhura,undefined,Coffee,Humus Acidic Loam,6.04,71,43,101,39,51,23,15.0,0.0,Standard FYM + Azotobacter Biofertilizer
baitadi,undefined,Sugarcane,Humus Acidic Loam,7.14,104,17,55,99,64,62,14.0,0.0,Standard FYM + Azotobacter Biofertilizer
bajhang,undefined,Jute,Clay Loam,5.62,25,23,113,67,61,18,13.9,0.32,Neem Cake + Vermicompost (2 t/ha)
bajura,undefined,Apple,Humus Acidic Loam,5.04,51,29,65,51,58,38,15.7,1.37,Neem Cake + Vermicompost (2 t/ha)
darchula,undefined,Orange/Citrus,Alluvial Loam,7.48,74,46,115,37,49,18,17.6,0.0,Standard FYM + Azotobacter Biofertilizer
jhapa,undefined,Banana,Red Clay,6.89,38,76,95,59,34,46,13.4,0.0,Standard FYM + Azotobacter Biofertilizer
morang,undefined,Mango,Clay Loam,4.75,107,73,45,20,36,46,17.2,1.89,Neem Cake + Vermicompost (2 t/ha)
sunsari,undefined,Paddy (Barkhe),Calcareous Gravel,6.8,88,43,107,109,81,21,13.1,0.0,Standard FYM + Azotobacter Biofertilizer
ilam,undefined,Paddy (Chaite),Red Clay,6.88,35,54,104,141,75,22,12.8,0.0,Standard FYM + Azotobacter Biofertilizer
panchthar,undefined,Wheat,Red Clay,7.42,62,38,53,124,83,42,14.8,0.0,Standard FYM + Azotobacter Biofertilizer
taplejung,undefined,Maize,Alluvial Loam,5.57,55,40,89,129,82,28,11.8,0.41,Neem Cake + Vermicompost (2 t/ha)
dhankuta,undefined,Finger Millet,Calcareous Gravel,5.17,27,69,121,65,38,15,11.3,1.13,Neem Cake + Vermicompost (2 t/ha)
bhojpur,undefined,Barley,Silt Loam,6.77,66,72,73,42,36,34,11.6,0.0,Standard FYM + Azotobacter Biofertilizer
terhathum,undefined,Buckwheat,Sandy Loam,4.73,92,70,53,26,37,42,14.9,1.93,Neem Cake + Vermicompost (2 t/ha)
sankhuwasabha,undefined,Potato,Sandy Loam,7.08,37,13,125,89,96,34,10.6,0.0,Standard FYM + Azotobacter Biofertilizer
solukhumbu,undefined,Mustard,Silt Loam,6.36,78,79,31,35,33,51,10.2,0.0,Standard FYM + Azotobacter Biofertilizer
khotang,undefined,Soybean,Clay Loam,5.49,72,38,86,38,53,29,17.0,0.56,Neem Cake + Vermicompost (2 t/ha)
okhaldhunga,undefined,Lentil (Musuro),Clay Loam,6.69,50,15,91,52,65,27,15.8,0.0,Standard FYM + Azotobacter Biofertilizer
udayapur,undefined,Chickpea,Alluvial Loam,6.9,54,10,26,49,67,53,13.7,0.0,Standard FYM + Azotobacter Biofertilizer
saptari,undefined,Pea,Calcareous Gravel,4.57,81,32,89,33,56,28,12.4,2.21,Neem Cake + Vermicompost (2 t/ha)
siraha,undefined,Blackgram,Silt Loam,4.54,28,32,31,65,56,51,14.8,2.27,Neem Cake + Vermicompost (2 t/ha)
dhanusha,undefined,Mungbean,Sandy Loam,5.02,80,66,37,34,39,49,13.7,1.4,Neem Cake + Vermicompost (2 t/ha)
mahottari,undefined,Tomato,Red Clay,6.62,89,20,120,58,62,16,10.1,0.0,Standard FYM + Azotobacter Biofertilizer
sarlahi,undefined,Cauliflower,Calcareous Gravel,6.53,53,83,28,80,31,52,18.0,0.0,Standard FYM + Azotobacter Biofertilizer
rautahat,undefined,Cabbage,Red Clay,7.29,58,72,119,47,36,16,11.5,0.0,Standard FYM + Azotobacter Biofertilizer
bara,undefined,Onion,Alluvial Loam,6.68,109,29,91,20,58,27,15.6,0.0,Standard FYM + Azotobacter Biofertilizer
parsa,undefined,Garlic,Sandy Loam,4.5,84,22,37,31,61,49,11.9,2.34,Neem Cake + Vermicompost (2 t/ha)
chitwan,undefined,Radish,Calcareous Gravel,7.71,21,55,89,69,45,28,11.1,0.0,Standard FYM + Azotobacter Biofertilizer
kathmandu,undefined,Ginger,Humus Acidic Loam,5.55,60,56,41,46,44,47,11.5,0.45,Neem Cake + Vermicompost (2 t/ha)
lalitpur,undefined,Cardamom,Sandy Loam,4.74,80,71,60,34,37,40,17.9,1.91,Neem Cake + Vermicompost (2 t/ha)
bhaktapur,undefined,Tea,Silt Loam,6.76,21,65,81,69,40,51,16.5,0.0,Standard FYM + Azotobacter Biofertilizer
kavrepalanchok,undefined,Coffee,Alluvial Loam,6.86,84,31,121,31,57,15,12.5,0.0,Standard FYM + Azotobacter Biofertilizer
dhading,undefined,Sugarcane,Red Clay,6.78,99,25,130,102,60,32,16.5,0.0,Standard FYM + Azotobacter Biofertilizer
nuwakot,undefined,Jute,Calcareous Gravel,7.4,45,17,37,55,64,49,12.3,0.0,Standard FYM + Azotobacter Biofertilizer
makwanpur,undefined,Apple,Silt Loam,4.53,87,17,34,29,64,50,10.0,2.29,Neem Cake + Vermicompost (2 t/ha)
sindhupalchok,undefined,Orange/Citrus,Sandy Loam,4.83,52,47,29,50,49,52,12.8,1.75,Neem Cake + Vermicompost (2 t/ha)
dolakha,undefined,Banana,Humus Acidic Loam,7.25,71,53,49,39,46,64,10.6,0.0,Standard FYM + Azotobacter Biofertilizer
ramechhap,undefined,Mango,Humus Acidic Loam,5.21,66,65,89,42,40,28,17.4,1.06,Neem Cake + Vermicompost (2 t/ha)
sindhuli,undefined,Paddy (Barkhe),Red Clay,7.64,36,11,29,140,97,52,14.7,0.0,Standard FYM + Azotobacter Biofertilizer
rasuwa,undefined,Paddy (Chaite),Sandy Loam,6.3,67,15,105,121,95,22,15.0,0.0,Standard FYM + Azotobacter Biofertilizer
gorkha,undefined,Wheat,Clay Loam,5.3,77,30,50,115,87,44,12.0,0.9,Neem Cake + Vermicompost (2 t/ha)
kaski,undefined,Maize,Red Clay,6.51,104,60,33,99,72,50,13.7,0.0,Standard FYM + Azotobacter Biofertilizer
tanahun,undefined,Finger Millet,Sandy Loam,7.73,35,36,108,61,54,20,17.7,0.0,Standard FYM + Azotobacter Biofertilizer
syangja,undefined,Barley,Sandy Loam,5.7,96,41,75,24,52,34,15.1,0.18,Neem Cake + Vermicompost (2 t/ha)
lamjung,undefined,Buckwheat,Calcareous Gravel,6.49,26,15,49,66,65,44,12.3,0.0,Standard FYM + Azotobacter Biofertilizer
nawalpur,undefined,Potato,Sandy Loam,6.05,50,18,41,82,93,67,10.3,0.0,Standard FYM + Azotobacter Biofertilizer
parbat,undefined,Mustard,Silt Loam,7.23,28,62,63,65,41,38,12.5,0.0,Standard FYM + Azotobacter Biofertilizer
baglung,undefined,Soybean,Humus Acidic Loam,6.63,94,18,83,25,63,30,15.6,0.0,Standard FYM + Azotobacter Biofertilizer
myagdi,undefined,Lentil (Musuro),Red Clay,7.41,95,53,53,25,46,42,15.3,0.0,Standard FYM + Azotobacter Biofertilizer
mustang,undefined,Chickpea,Clay Loam,5.62,75,76,82,37,34,31,16.6,0.32,Neem Cake + Vermicompost (2 t/ha)
manang,undefined,Pea,Silt Loam,7.38,34,25,104,61,60,22,12.8,0.0,Standard FYM + Azotobacter Biofertilizer
rupandehi,undefined,Blackgram,Silt Loam,6.87,86,13,50,30,66,44,12.2,0.0,Standard FYM + Azotobacter Biofertilizer
kapilvastu,undefined,Mungbean,Humus Acidic Loam,5.61,21,21,73,69,62,34,10.5,0.34,Neem Cake + Vermicompost (2 t/ha)
nawalparasi west,undefined,Tomato,Clay Loam,5.84,52,69,83,80,38,30,11.0,0.0,Standard FYM + Azotobacter Biofertilizer
palpa,undefined,Cauliflower,Silt Loam,5.81,43,38,82,86,53,31,12.7,0.0,Standard FYM + Azotobacter Biofertilizer
gulmi,undefined,Cabbage,Clay Loam,5.82,21,67,44,69,39,46,10.4,0.0,Standard FYM + Azotobacter Biofertilizer
arghakhanchi,undefined,Onion,Red Clay,5.68,94,11,53,25,67,42,11.2,0.22,Neem Cake + Vermicompost (2 t/ha)
dang,undefined,Garlic,Alluvial Loam,6.04,56,43,136,48,51,10,16.8,0.0,Standard FYM + Azotobacter Biofertilizer
pyuthan,undefined,Radish,Red Clay,6.77,104,64,46,20,40,45,13.5,0.0,Standard FYM + Azotobacter Biofertilizer
rolpa,undefined,Ginger,Calcareous Gravel,6.05,102,39,89,20,53,28,16.4,0.0,Standard FYM + Azotobacter Biofertilizer
rukum east,undefined,Cardamom,Humus Acidic Loam,5.27,109,81,122,20,32,15,15.5,0.95,Neem Cake + Vermicompost (2 t/ha)
banke,undefined,Tea,Silt Loam,6.69,45,24,132,55,60,31,10.1,0.0,Standard FYM + Azotobacter Biofertilizer
bardiya,undefined,Coffee,Clay Loam,7.15,91,24,101,27,60,23,10.7,0.0,Standard FYM + Azotobacter Biofertilizer
surkhet,undefined,Sugarcane,Calcareous Gravel,5.74,80,68,86,114,38,49,14.7,0.11,Neem Cake + Vermicompost (2 t/ha)
dailekh,undefined,Jute,Red Clay,6.26,66,81,80,42,32,32,15.6,0.0,Standard FYM + Azotobacter Biofertilizer
jajarkot,undefined,Apple,Silt Loam,5.73,101,78,132,21,33,11,12.2,0.13,Neem Cake + Vermicompost (2 t/ha)
rukum west,undefined,Orange/Citrus,Alluvial Loam,5.34,43,12,60,56,66,40,16.0,0.83,Neem Cake + Vermicompost (2 t/ha)
jumla,undefined,Banana,Red Clay,5.86,72,39,91,38,53,47,14.1,0.0,Standard FYM + Azotobacter Biofertilizer
kalikot,undefined,Mango,Clay Loam,5.78,34,39,91,61,53,27,17.6,0.04,Neem Cake + Vermicompost (2 t/ha)
mugu,undefined,Paddy (Barkhe),Humus Acidic Loam,6.44,62,34,107,124,85,21,10.6,0.0,Standard FYM + Azotobacter Biofertilizer
humla,undefined,Paddy (Chaite),Humus Acidic Loam,7.21,69,43,57,120,81,41,12.4,0.0,Standard FYM + Azotobacter Biofertilizer
dolpa,undefined,Wheat,Clay Loam,4.53,44,18,100,135,93,24,12.6,2.29,Neem Cake + Vermicompost (2 t/ha)
kailali,undefined,Maize,Humus Acidic Loam,5.91,69,27,110,120,89,20,14.3,0.0,Standard FYM + Azotobacter Biofertilizer
kanchanpur,undefined,Finger Millet,Calcareous Gravel,7.08,39,63,117,58,41,17,12.8,0.0,Standard FYM + Azotobacter Biofertilizer
doti,undefined,Barley,Humus Acidic Loam,7.69,104,74,82,20,35,31,11.1,0.0,Standard FYM + Azotobacter Biofertilizer
achham,undefined,Buckwheat,Humus Acidic Loam,7.34,43,26,80,56,59,32,14.0,0.0,Standard FYM + Azotobacter Biofertilizer
dadeldhura,undefined,Potato,Red Clay,6.92,26,57,116,96,74,37,11.1,0.0,Standard FYM + Azotobacter Biofertilizer
baitadi,undefined,Mustard,Silt Loam,6.86,86,20,136,30,62,10,16.6,0.0,Standard FYM + Azotobacter Biofertilizer
bajhang,undefined,Soybean,Alluvial Loam,6.4,31,44,55,63,50,42,16.7,0.0,Standard FYM + Azotobacter Biofertilizer
bajura,undefined,Lentil (Musuro),Humus Acidic Loam,7.27,58,64,83,47,40,30,15.0,0.0,Standard FYM + Azotobacter Biofertilizer
darchula,undefined,Chickpea,Clay Loam,6.6,20,12,122,70,66,15,15.5,0.0,Standard FYM + Azotobacter Biofertilizer
jhapa,undefined,Pea,Calcareous Gravel,6.77,91,33,29,27,56,52,17.5,0.0,Standard FYM + Azotobacter Biofertilizer
morang,undefined,Blackgram,Red Clay,6.64,50,68,91,52,38,27,17.9,0.0,Standard FYM + Azotobacter Biofertilizer
sunsari,undefined,Mungbean,Clay Loam,5.3,109,24,91,20,60,27,17.4,0.9,Neem Cake + Vermicompost (2 t/ha)
ilam,undefined,Tomato,Calcareous Gravel,6.9,79,64,65,64,40,38,16.6,0.0,Standard FYM + Azotobacter Biofertilizer
panchthar,undefined,Cauliflower,Humus Acidic Loam,6.99,44,45,119,85,50,16,12.2,0.0,Standard FYM + Azotobacter Biofertilizer
taplejung,undefined,Cabbage,Red Clay,5.89,91,44,86,27,50,29,18.0,0.0,Standard FYM + Azotobacter Biofertilizer
dhankuta,undefined,Onion,Red Clay,5.85,29,77,29,64,34,52,13.5,0.0,Standard FYM + Azotobacter Biofertilizer
bhojpur,undefined,Garlic,Alluvial Loam,6.29,89,16,49,28,64,44,14.0,0.0,Standard FYM + Azotobacter Biofertilizer
terhathum,undefined,Radish,Alluvial Loam,4.76,88,53,29,29,46,52,13.9,1.87,Neem Cake + Vermicompost (2 t/ha)
sankhuwasabha,undefined,Ginger,Sandy Loam,6.39,103,58,72,20,43,35,17.4,0.0,Standard FYM + Azotobacter Biofertilizer
solukhumbu,undefined,Cardamom,Humus Acidic Loam,7.06,107,44,60,20,50,40,13.4,0.0,Standard FYM + Azotobacter Biofertilizer
khotang,undefined,Tea,Clay Loam,6.94,76,83,86,36,31,49,10.9,0.0,Standard FYM + Azotobacter Biofertilizer
okhaldhunga,undefined,Coffee,Humus Acidic Loam,4.61,27,32,125,65,56,14,16.1,2.14,Neem Cake + Vermicompost (2 t/ha)
udayapur,undefined,Sugarcane,Alluvial Loam,6.02,52,36,98,130,54,44,16.0,0.0,Standard FYM + Azotobacter Biofertilizer
saptari,undefined,Jute,Humus Acidic Loam,6.07,109,83,126,20,31,13,14.6,0.0,Standard FYM + Azotobacter Biofertilizer
siraha,undefined,Apple,Alluvial Loam,7.04,79,40,127,34,52,13,11.3,0.0,Standard FYM + Azotobacter Biofertilizer
dhanusha,undefined,Orange/Citrus,Silt Loam,7.52,24,21,115,67,62,18,12.9,0.0,Standard FYM + Azotobacter Biofertilizer
mahottari,undefined,Banana,Clay Loam,7.1,56,71,103,48,37,42,16.3,0.0,Standard FYM + Azotobacter Biofertilizer
sarlahi,undefined,Mango,Red Clay,7.3,53,54,82,50,45,31,15.2,0.0,Standard FYM + Azotobacter Biofertilizer
rautahat,undefined,Paddy (Barkhe),Humus Acidic Loam,6.24,86,72,134,110,66,10,17.0,0.0,Standard FYM + Azotobacter Biofertilizer
bara,undefined,Paddy (Chaite),Silt Loam,6.35,49,21,122,132,92,15,14.2,0.0,Standard FYM + Azotobacter Biofertilizer
parsa,undefined,Wheat,Alluvial Loam,6.7,108,64,99,97,70,24,12.7,0.0,Standard FYM + Azotobacter Biofertilizer
chitwan,undefined,Maize,Calcareous Gravel,7.51,35,31,84,141,87,30,12.1,0.0,Standard FYM + Azotobacter Biofertilizer
kathmandu,undefined,Finger Millet,Humus Acidic Loam,6.48,28,14,67,65,65,37,15.8,0.0,Standard FYM + Azotobacter Biofertilizer
lalitpur,undefined,Barley,Silt Loam,6.4,94,52,135,25,46,10,11.7,0.0,Standard FYM + Azotobacter Biofertilizer
bhaktapur,undefined,Buckwheat,Clay Loam,6.72,100,70,46,22,37,45,12.4,0.0,Standard FYM + Azotobacter Biofertilizer
kavrepalanchok,undefined,Potato,Red Clay,5.16,109,70,111,46,67,39,16.4,1.15,Neem Cake + Vermicompost (2 t/ha)
dhading,undefined,Mustard,Red Clay,6.87,81,72,29,33,36,52,10.2,0.0,Standard FYM + Azotobacter Biofertilizer
nuwakot,undefined,Soybean,Calcareous Gravel,6.06,57,79,64,47,33,38,17.7,0.0,Standard FYM + Azotobacter Biofertilizer
makwanpur,undefined,Lentil (Musuro),Alluvial Loam,4.5,35,12,62,61,66,39,17.3,2.34,Neem Cake + Vermicompost (2 t/ha)
sindhupalchok,undefined,Chickpea,Humus Acidic Loam,6.99,62,21,55,44,62,42,17.6,0.0,Standard FYM + Azotobacter Biofertilizer
dolakha,undefined,Pea,Sandy Loam,4.6,59,30,125,46,57,14,14.8,2.16,Neem Cake + Vermicompost (2 t/ha)
ramechhap,undefined,Blackgram,Red Clay,6.6,41,53,99,57,46,24,15.5,0.0,Standard FYM + Azotobacter Biofertilizer
sindhuli,undefined,Mungbean,Calcareous Gravel,5.53,71,83,128,39,31,12,17.6,0.49,Neem Cake + Vermicompost (2 t/ha)
rasuwa,undefined,Tomato,Calcareous Gravel,4.86,62,60,125,74,42,14,16.0,1.69,Neem Cake + Vermicompost (2 t/ha)
gorkha,undefined,Cauliflower,Alluvial Loam,5.16,27,72,34,95,36,50,10.7,1.15,Neem Cake + Vermicompost (2 t/ha)
kaski,undefined,Cabbage,Red Clay,4.94,102,45,90,20,50,28,17.4,1.55,Neem Cake + Vermicompost (2 t/ha)
tanahun,undefined,Onion,Clay Loam,5.78,42,22,65,56,61,38,15.9,0.04,Neem Cake + Vermicompost (2 t/ha)
syangja,undefined,Garlic,Red Clay,7.15,91,83,115,27,31,18,16.2,0.0,Standard FYM + Azotobacter Biofertilizer
lamjung,undefined,Radish,Silt Loam,6.31,64,52,107,43,46,21,10.9,0.0,Standard FYM + Azotobacter Biofertilizer
nawalpur,undefined,Ginger,Red Clay,5.5,50,52,120,52,46,16,17.5,0.54,Neem Cake + Vermicompost (2 t/ha)
parbat,undefined,Cardamom,Alluvial Loam,5.96,36,46,120,60,49,16,17.6,0.0,Standard FYM + Azotobacter Biofertilizer
baglung,undefined,Tea,Calcareous Gravel,4.91,72,59,75,38,43,54,17.6,1.6,Neem Cake + Vermicompost (2 t/ha)
myagdi,undefined,Coffee,Humus Acidic Loam,6.34,49,32,28,52,56,52,16.5,0.0,Standard FYM + Azotobacter Biofertilizer
mustang,undefined,Sugarcane,Alluvial Loam,6.43,105,46,129,99,49,32,16.7,0.0,Standard FYM + Azotobacter Biofertilizer
manang,undefined,Jute,Humus Acidic Loam,7.46,105,39,49,20,53,44,13.0,0.0,Standard FYM + Azotobacter Biofertilizer
rupandehi,undefined,Apple,Sandy Loam,5.09,102,66,132,20,39,11,12.5,1.28,Neem Cake + Vermicompost (2 t/ha)
kapilvastu,undefined,Orange/Citrus,Humus Acidic Loam,6.62,88,66,126,29,39,13,15.8,0.0,Standard FYM + Azotobacter Biofertilizer
nawalparasi west,undefined,Banana,Humus Acidic Loam,5.6,65,11,25,43,67,74,11.9,0.36,Neem Cake + Vermicompost (2 t/ha)
palpa,undefined,Mango,Red Clay,7.69,74,66,132,37,39,11,14.7,0.0,Standard FYM + Azotobacter Biofertilizer
gulmi,undefined,Paddy (Barkhe),Calcareous Gravel,6.93,33,78,127,142,63,13,15.2,0.0,Standard FYM + Azotobacter Biofertilizer
arghakhanchi,undefined,Paddy (Chaite),Humus Acidic Loam,5.39,65,83,95,123,61,26,17.5,0.74,Neem Cake + Vermicompost (2 t/ha)
dang,undefined,Wheat,Silt Loam,5.64,100,31,89,102,87,28,10.8,0.29,Neem Cake + Vermicompost (2 t/ha)
pyuthan,undefined,Maize,Red Clay,7.78,21,32,96,149,86,25,13.8,0.0,Standard FYM + Azotobacter Biofertilizer
rolpa,undefined,Finger Millet,Humus Acidic Loam,5.27,20,66,138,70,39,10,16.5,0.95,Neem Cake + Vermicompost (2 t/ha)
rukum east,undefined,Barley,Sandy Loam,6.81,61,48,40,45,48,48,12.7,0.0,Standard FYM + Azotobacter Biofertilizer
banke,undefined,Buckwheat,Humus Acidic Loam,7.06,67,33,54,41,56,42,10.3,0.0,Standard FYM + Azotobacter Biofertilizer
bardiya,undefined,Potato,Red Clay,6.51,83,43,52,62,81,63,17.0,0.0,Standard FYM + Azotobacter Biofertilizer
surkhet,undefined,Mustard,Sandy Loam,6.16,100,80,117,22,32,17,15.1,0.0,Standard FYM + Azotobacter Biofertilizer
dailekh,undefined,Soybean,Humus Acidic Loam,5.61,31,49,97,63,48,25,14.6,0.34,Neem Cake + Vermicompost (2 t/ha)
jajarkot,undefined,Lentil (Musuro),Calcareous Gravel,7.73,72,51,100,38,47,24,14.0,0.0,Standard FYM + Azotobacter Biofertilizer
rukum west,undefined,Chickpea,Humus Acidic Loam,5.87,21,56,32,69,44,51,10.9,0.0,Standard FYM + Azotobacter Biofertilizer
jumla,undefined,Pea,Calcareous Gravel,5.03,53,73,120,50,36,16,13.1,1.39,Neem Cake + Vermicompost (2 t/ha)
kalikot,undefined,Blackgram,Silt Loam,5.38,47,30,86,53,57,29,14.9,0.76,Neem Cake + Vermicompost (2 t/ha)
mugu,undefined,Mungbean,Red Clay,5.85,39,46,64,58,49,38,14.3,0.0,Standard FYM + Azotobacter Biofertilizer
humla,undefined,Tomato,Clay Loam,5.55,35,29,29,91,58,52,15.6,0.45,Neem Cake + Vermicompost (2 t/ha)
dolpa,undefined,Cauliflower,Clay Loam,6.56,42,60,110,86,42,20,17.3,0.0,Standard FYM + Azotobacter Biofertilizer
kailali,undefined,Cabbage,Red Clay,6.99,21,28,127,69,58,13,15.7,0.0,Standard FYM + Azotobacter Biofertilizer
kanchanpur,undefined,Onion,Calcareous Gravel,7.34,33,72,26,62,36,53,15.2,0.0,Standard FYM + Azotobacter Biofertilizer
doti,undefined,Garlic,Calcareous Gravel,5.16,29,43,39,64,51,48,13.9,1.15,Neem Cake + Vermicompost (2 t/ha)
achham,undefined,Radish,Alluvial Loam,4.89,78,52,88,35,46,28,10.3,1.64,Neem Cake + Vermicompost (2 t/ha)
dadeldhura,undefined,Ginger,Humus Acidic Loam,7.52,98,37,33,23,54,50,17.2,0.0,Standard FYM + Azotobacter Biofertilizer
baitadi,undefined,Cardamom,Silt Loam,6.21,97,39,127,23,53,13,11.9,0.0,Standard FYM + Azotobacter Biofertilizer
bajhang,undefined,Tea,Humus Acidic Loam,6.13,64,50,54,43,47,62,12.9,0.0,Standard FYM + Azotobacter Biofertilizer
bajura,undefined,Coffee,Clay Loam,7.47,95,51,95,25,47,26,13.8,0.0,Standard FYM + Azotobacter Biofertilizer
darchula,undefined,Sugarcane,Humus Acidic Loam,7.52,31,41,64,143,52,58,14.0,0.0,Standard FYM + Azotobacter Biofertilizer
jhapa,undefined,Jute,Humus Acidic Loam,6.02,21,27,79,69,59,32,13.4,0.0,Standard FYM + Azotobacter Biofertilizer
morang,undefined,Apple,Clay Loam,4.71,88,42,97,29,51,25,15.8,1.96,Neem Cake + Vermicompost (2 t/ha)
sunsari,undefined,Orange/Citrus,Clay Loam,5.86,68,28,127,41,58,13,12.7,0.0,Standard FYM + Azotobacter Biofertilizer
ilam,undefined,Banana,Clay Loam,7.3,98,22,40,23,61,68,15.0,0.0,Standard FYM + Azotobacter Biofertilizer
panchthar,undefined,Mango,Alluvial Loam,4.56,99,27,131,22,59,11,15.7,2.23,Neem Cake + Vermicompost (2 t/ha)
taplejung,undefined,Paddy (Barkhe),Red Clay,6.7,42,63,93,136,71,26,11.7,0.0,Standard FYM + Azotobacter Biofertilizer
dhankuta,undefined,Paddy (Chaite),Clay Loam,5.56,34,25,115,141,90,18,11.3,0.43,Neem Cake + Vermicompost (2 t/ha)
bhojpur,undefined,Wheat,Red Clay,6.58,107,34,38,97,85,48,14.6,0.0,Standard FYM + Azotobacter Biofertilizer
terhathum,undefined,Maize,Red Clay,7.72,83,47,44,112,79,46,15.6,0.0,Standard FYM + Azotobacter Biofertilizer
sankhuwasabha,undefined,Finger Millet,Calcareous Gravel,6.74,85,82,54,31,31,42,10.1,0.0,Standard FYM + Azotobacter Biofertilizer
solukhumbu,undefined,Barley,Red Clay,6.06,80,55,72,34,45,35,13.0,0.0,Standard FYM + Azotobacter Biofertilizer
khotang,undefined,Buckwheat,Red Clay,5.59,97,45,116,23,50,17,14.6,0.38,Neem Cake + Vermicompost (2 t/ha)
okhaldhunga,undefined,Potato,Clay Loam,5.65,57,11,66,77,97,57,12.2,0.27,Neem Cake + Vermicompost (2 t/ha)
udayapur,undefined,Mustard,Calcareous Gravel,6.07,48,30,136,53,57,10,11.3,0.0,Standard FYM + Azotobacter Biofertilizer
saptari,undefined,Soybean,Red Clay,4.83,95,79,62,25,33,39,17.4,1.75,Neem Cake + Vermicompost (2 t/ha)
siraha,undefined,Lentil (Musuro),Sandy Loam,5.83,104,10,92,20,67,27,14.0,0.0,Standard FYM + Azotobacter Biofertilizer
dhanusha,undefined,Chickpea,Clay Loam,5.2,44,32,84,55,56,30,15.7,1.08,Neem Cake + Vermicompost (2 t/ha)
mahottari,undefined,Pea,Clay Loam,7.22,23,45,70,68,50,36,12.5,0.0,Standard FYM + Azotobacter Biofertilizer
sarlahi,undefined,Blackgram,Humus Acidic Loam,7.18,75,68,107,37,38,21,14.0,0.0,Standard FYM + Azotobacter Biofertilizer
rautahat,undefined,Mungbean,Sandy Loam,6.08,76,72,66,36,36,37,13.4,0.0,Standard FYM + Azotobacter Biofertilizer
bara,undefined,Tomato,Silt Loam,7.79,61,66,101,75,39,23,17.9,0.0,Standard FYM + Azotobacter Biofertilizer
parsa,undefined,Cauliflower,Red Clay,5.04,105,60,31,49,42,51,15.3,1.37,Neem Cake + Vermicompost (2 t/ha)
chitwan,undefined,Cabbage,Clay Loam,5.54,80,46,137,34,49,10,17.0,0.47,Neem Cake + Vermicompost (2 t/ha)
kathmandu,undefined,Onion,Sandy Loam,5.01,42,65,117,56,40,17,12.2,1.42,Neem Cake + Vermicompost (2 t/ha)
lalitpur,undefined,Garlic,Humus Acidic Loam,7.79,43,64,129,56,40,12,11.9,0.0,Standard FYM + Azotobacter Biofertilizer
bhaktapur,undefined,Radish,Calcareous Gravel,6.63,57,32,129,47,56,12,11.5,0.0,Standard FYM + Azotobacter Biofertilizer
kavrepalanchok,undefined,Ginger,Red Clay,6.84,67,45,50,41,50,44,15.6,0.0,Standard FYM + Azotobacter Biofertilizer
dhading,undefined,Cardamom,Calcareous Gravel,5.9,92,29,73,26,58,34,16.3,0.0,Standard FYM + Azotobacter Biofertilizer
nuwakot,undefined,Tea,Sandy Loam,5.3,57,27,81,47,59,51,17.0,0.9,Neem Cake + Vermicompost (2 t/ha)
makwanpur,undefined,Coffee,Humus Acidic Loam,6.52,51,35,29,51,55,52,11.2,0.0,Standard FYM + Azotobacter Biofertilizer
sindhupalchok,undefined,Sugarcane,Alluvial Loam,5.33,57,36,123,127,54,34,11.0,0.85,Neem Cake + Vermicompost (2 t/ha)
dolakha,undefined,Jute,Humus Acidic Loam,7.7,60,72,137,46,36,10,17.0,0.0,Standard FYM + Azotobacter Biofertilizer
ramechhap,undefined,Apple,Humus Acidic Loam,7.56,66,46,91,42,49,27,15.5,0.0,Standard FYM + Azotobacter Biofertilizer
sindhuli,undefined,Orange/Citrus,Clay Loam,7.03,62,33,96,44,56,25,15.2,0.0,Standard FYM + Azotobacter Biofertilizer
rasuwa,undefined,Banana,Humus Acidic Loam,5.02,86,54,31,30,45,71,16.2,1.4,Neem Cake + Vermicompost (2 t/ha)
gorkha,undefined,Mango,Alluvial Loam,4.51,54,71,67,49,37,37,14.8,2.32,Neem Cake + Vermicompost (2 t/ha)
kaski,undefined,Paddy (Barkhe),Sandy Loam,4.91,107,51,46,97,77,45,11.0,1.6,Neem Cake + Vermicompost (2 t/ha)
tanahun,undefined,Paddy (Chaite),Clay Loam,6.13,36,48,118,140,78,16,16.2,0.0,Standard FYM + Azotobacter Biofertilizer
syangja,undefined,Wheat,Alluvial Loam,7.32,79,42,64,114,81,38,10.2,0.0,Standard FYM + Azotobacter Biofertilizer
lamjung,undefined,Maize,Humus Acidic Loam,4.97,47,52,53,133,76,42,14.0,1.49,Neem Cake + Vermicompost (2 t/ha)
nawalpur,undefined,Finger Millet,Red Clay,6.63,69,13,110,40,66,20,14.0,0.0,Standard FYM + Azotobacter Biofertilizer
parbat,undefined,Barley,Alluvial Loam,7.7,74,39,99,37,53,24,13.2,0.0,Standard FYM + Azotobacter Biofertilizer
baglung,undefined,Buckwheat,Silt Loam,5.39,73,55,42,38,45,47,16.3,0.74,Neem Cake + Vermicompost (2 t/ha)
myagdi,undefined,Potato,Sandy Loam,7.64,26,32,47,96,86,65,14.4,0.0,Standard FYM + Azotobacter Biofertilizer
mustang,undefined,Mustard,Sandy Loam,4.77,57,51,46,47,47,45,13.6,1.85,Neem Cake + Vermicompost (2 t/ha)
manang,undefined,Soybean,Sandy Loam,6.96,38,31,64,59,57,38,16.0,0.0,Standard FYM + Azotobacter Biofertilizer
rupandehi,undefined,Lentil (Musuro),Calcareous Gravel,4.84,95,21,34,25,62,50,15.1,1.73,Neem Cake + Vermicompost (2 t/ha)
kapilvastu,undefined,Chickpea,Clay Loam,7.77,79,65,69,34,40,36,13.5,0.0,Standard FYM + Azotobacter Biofertilizer
nawalparasi west,undefined,Pea,Sandy Loam,5.64,82,66,123,32,39,14,17.8,0.29,Neem Cake + Vermicompost (2 t/ha)
palpa,undefined,Blackgram,Humus Acidic Loam,6.86,55,60,79,49,42,32,18.0,0.0,Standard FYM + Azotobacter Biofertilizer
gulmi,undefined,Mungbean,Silt Loam,6.48,45,76,62,55,34,39,12.3,0.0,Standard FYM + Azotobacter Biofertilizer
arghakhanchi,undefined,Tomato,Humus Acidic Loam,5.33,53,11,85,80,67,30,14.0,0.85,Neem Cake + Vermicompost (2 t/ha)
dang,undefined,Cauliflower,Humus Acidic Loam,4.57,21,49,105,99,48,22,17.5,2.21,Neem Cake + Vermicompost (2 t/ha)
pyuthan,undefined,Cabbage,Alluvial Loam,4.84,24,42,96,67,51,25,16.7,1.73,Neem Cake + Vermicompost (2 t/ha)
rolpa,undefined,Onion,Alluvial Loam,4.94,84,42,58,31,51,40,10.4,1.55,Neem Cake + Vermicompost (2 t/ha)
rukum east,undefined,Garlic,Clay Loam,7.66,86,66,54,30,39,42,13.3,0.0,Standard FYM + Azotobacter Biofertilizer
banke,undefined,Radish,Red Clay,4.66,96,10,132,24,67,11,15.0,2.05,Neem Cake + Vermicompost (2 t/ha)
bardiya,undefined,Ginger,Silt Loam,4.97,22,69,94,68,38,26,15.7,1.49,Neem Cake + Vermicompost (2 t/ha)
surkhet,undefined,Cardamom,Clay Loam,5.05,67,54,59,41,45,40,10.3,1.35,Neem Cake + Vermicompost (2 t/ha)
dailekh,undefined,Tea,Alluvial Loam,5.21,25,49,32,67,48,71,16.1,1.06,Neem Cake + Vermicompost (2 t/ha)
jajarkot,undefined,Coffee,Red Clay,5.99,66,63,56,42,41,41,11.0,0.0,Standard FYM + Azotobacter Biofertilizer
rukum west,undefined,Sugarcane,Silt Loam,5.05,82,68,62,112,38,59,12.6,1.35,Neem Cake + Vermicompost (2 t/ha)
jumla,undefined,Jute,Alluvial Loam,6.3,86,62,86,30,41,29,15.4,0.0,Standard FYM + Azotobacter Biofertilizer
kalikot,undefined,Apple,Humus Acidic Loam,4.8,31,71,124,63,37,14,13.6,1.8,Neem Cake + Vermicompost (2 t/ha)
mugu,undefined,Orange/Citrus,Clay Loam,7.44,22,66,112,68,39,19,17.6,0.0,Standard FYM + Azotobacter Biofertilizer
humla,undefined,Banana,Sandy Loam,5.5,91,35,25,27,55,74,17.7,0.54,Neem Cake + Vermicompost (2 t/ha)
dolpa,undefined,Mango,Calcareous Gravel,6.08,29,55,109,64,45,20,16.1,0.0,Standard FYM + Azotobacter Biofertilizer
kailali,undefined,Paddy (Barkhe),Alluvial Loam,5.56,79,56,81,114,74,31,11.7,0.43,Neem Cake + Vermicompost (2 t/ha)
kanchanpur,undefined,Paddy (Chaite),Calcareous Gravel,5.94,56,53,92,128,76,27,16.0,0.0,Standard FYM + Azotobacter Biofertilizer
doti,undefined,Wheat,Sandy Loam,5.75,83,11,90,112,97,28,12.7,0.09,Neem Cake + Vermicompost (2 t/ha)
achham,undefined,Maize,Clay Loam,5.13,104,49,139,99,78,10,14.2,1.21,Neem Cake + Vermicompost (2 t/ha)
dadeldhura,undefined,Finger Millet,Calcareous Gravel,5.93,103,54,97,20,45,25,16.8,0.0,Standard FYM + Azotobacter Biofertilizer
baitadi,undefined,Barley,Humus Acidic Loam,5.13,40,30,76,58,57,33,15.2,1.21,Neem Cake + Vermicompost (2 t/ha)
bajhang,undefined,Buckwheat,Sandy Loam,4.92,94,40,138,25,52,10,13.8,1.58,Neem Cake + Vermicompost (2 t/ha)
bajura,undefined,Potato,Alluvial Loam,6.74,62,22,61,74,91,59,11.8,0.0,Standard FYM + Azotobacter Biofertilizer
darchula,undefined,Mustard,Calcareous Gravel,4.96,89,56,72,28,44,35,12.0,1.51,Neem Cake + Vermicompost (2 t/ha)
jhapa,undefined,Soybean,Humus Acidic Loam,4.56,50,23,103,52,61,22,10.5,2.23,Neem Cake + Vermicompost (2 t/ha)
morang,undefined,Lentil (Musuro),Red Clay,5.2,105,35,62,20,55,39,17.4,1.08,Neem Cake + Vermicompost (2 t/ha)
sunsari,undefined,Chickpea,Clay Loam,6.64,98,66,124,23,39,14,14.3,0.0,Standard FYM + Azotobacter Biofertilizer
ilam,undefined,Pea,Calcareous Gravel,5.35,103,54,117,20,45,17,13.2,0.81,Neem Cake + Vermicompost (2 t/ha)
panchthar,undefined,Blackgram,Sandy Loam,7.39,32,22,66,62,61,37,12.3,0.0,Standard FYM + Azotobacter Biofertilizer
taplejung,undefined,Mungbean,Sandy Loam,7.68,78,72,85,35,36,30,11.7,0.0,Standard FYM + Azotobacter Biofertilizer
dhankuta,undefined,Tomato,Silt Loam,6.41,75,40,60,67,52,40,15.5,0.0,Standard FYM + Azotobacter Biofertilizer
bhojpur,undefined,Cauliflower,Sandy Loam,7.67,59,66,111,76,39,19,12.1,0.0,Standard FYM + Azotobacter Biofertilizer
terhathum,undefined,Cabbage,Alluvial Loam,5.88,63,29,85,44,58,30,12.3,0.0,Standard FYM + Azotobacter Biofertilizer
sankhuwasabha,undefined,Onion,Humus Acidic Loam,7.44,96,84,103,24,30,22,17.5,0.0,Standard FYM + Azotobacter Biofertilizer
solukhumbu,undefined,Garlic,Clay Loam,5.55,100,47,94,22,49,26,11.4,0.45,Neem Cake + Vermicompost (2 t/ha)
khotang,undefined,Radish,Calcareous Gravel,6.28,60,52,79,46,46,32,10.4,0.0,Standard FYM + Azotobacter Biofertilizer
okhaldhunga,undefined,Ginger,Red Clay,6.19,84,41,99,31,52,24,12.1,0.0,Standard FYM + Azotobacter Biofertilizer
udayapur,undefined,Cardamom,Humus Acidic Loam,6.83,28,78,49,65,33,44,11.6,0.0,Standard FYM + Azotobacter Biofertilizer
saptari,undefined,Tea,Sandy Loam,5.24,87,42,106,29,51,41,14.5,1.01,Neem Cake + Vermicompost (2 t/ha)
siraha,undefined,Coffee,Calcareous Gravel,6.47,21,36,41,69,54,47,17.4,0.0,Standard FYM + Azotobacter Biofertilizer
dhanusha,undefined,Sugarcane,Humus Acidic Loam,5.78,40,73,60,138,36,60,17.9,0.04,Neem Cake + Vermicompost (2 t/ha)
mahottari,undefined,Jute,Sandy Loam,4.73,105,24,126,20,60,13,16.5,1.93,Neem Cake + Vermicompost (2 t/ha)
sarlahi,undefined,Apple,Sandy Loam,4.61,87,20,40,29,62,48,10.2,2.14,Neem Cake + Vermicompost (2 t/ha)
rautahat,undefined,Orange/Citrus,Clay Loam,5.05,108,17,92,20,64,27,15.0,1.35,Neem Cake + Vermicompost (2 t/ha)
bara,undefined,Banana,Silt Loam,6.9,28,59,61,65,43,59,16.0,0.0,Standard FYM + Azotobacter Biofertilizer
parsa,undefined,Mango,Silt Loam,7.01,107,12,57,20,66,41,11.6,0.0,Standard FYM + Azotobacter Biofertilizer
chitwan,undefined,Paddy (Barkhe),Calcareous Gravel,5.71,105,34,35,99,85,50,18.0,0.16,Neem Cake + Vermicompost (2 t/ha)
kathmandu,undefined,Paddy (Chaite),Silt Loam,6.79,55,37,77,129,84,33,11.4,0.0,Standard FYM + Azotobacter Biofertilizer
lalitpur,undefined,Wheat,Sandy Loam,6.32,22,55,41,148,75,47,16.4,0.0,Standard FYM + Azotobacter Biofertilizer
bhaktapur,undefined,Maize,Alluvial Loam,5.19,89,46,50,108,79,44,11.6,1.1,Neem Cake + Vermicompost (2 t/ha)
kavrepalanchok,undefined,Finger Millet,Humus Acidic Loam,6.52,24,66,34,67,39,50,15.3,0.0,Standard FYM + Azotobacter Biofertilizer
dhading,undefined,Barley,Humus Acidic Loam,7.39,98,43,26,23,51,53,13.4,0.0,Standard FYM + Azotobacter Biofertilizer
nuwakot,undefined,Buckwheat,Silt Loam,6.34,78,21,99,35,62,24,11.5,0.0,Standard FYM + Azotobacter Biofertilizer
makwanpur,undefined,Potato,Humus Acidic Loam,6.15,24,23,132,97,91,31,17.8,0.0,Standard FYM + Azotobacter Biofertilizer
sindhupalchok,undefined,Mustard,Red Clay,5.33,43,58,38,56,43,48,17.6,0.85,Neem Cake + Vermicompost (2 t/ha)
dolakha,undefined,Soybean,Silt Loam,6.47,62,62,74,44,41,34,11.6,0.0,Standard FYM + Azotobacter Biofertilizer
ramechhap,undefined,Lentil (Musuro),Humus Acidic Loam,5.39,80,70,43,34,37,46,13.5,0.74,Neem Cake + Vermicompost (2 t/ha)
sindhuli,undefined,Chickpea,Humus Acidic Loam,7.66,65,78,106,43,33,21,15.8,0.0,Standard FYM + Azotobacter Biofertilizer
rasuwa,undefined,Pea,Silt Loam,6.59,40,77,124,58,34,14,14.1,0.0,Standard FYM + Azotobacter Biofertilizer
gorkha,undefined,Blackgram,Alluvial Loam,5.62,93,19,44,26,63,46,12.7,0.32,Neem Cake + Vermicompost (2 t/ha)
kaski,undefined,Mungbean,Humus Acidic Loam,5.33,21,62,99,69,41,24,13.3,0.85,Neem Cake + Vermicompost (2 t/ha)
tanahun,undefined,Tomato,Clay Loam,7.61,108,16,58,47,64,40,13.0,0.0,Standard FYM + Azotobacter Biofertilizer
syangja,undefined,Cauliflower,Humus Acidic Loam,6.28,89,34,65,58,55,38,12.0,0.0,Standard FYM + Azotobacter Biofertilizer
lamjung,undefined,Cabbage,Red Clay,6.83,71,76,105,39,34,22,11.6,0.0,Standard FYM + Azotobacter Biofertilizer
nawalpur,undefined,Onion,Sandy Loam,6.7,32,40,37,62,52,49,16.5,0.0,Standard FYM + Azotobacter Biofertilizer
parbat,undefined,Garlic,Silt Loam,6.17,22,79,122,68,33,15,14.2,0.0,Standard FYM + Azotobacter Biofertilizer
baglung,undefined,Radish,Humus Acidic Loam,5.16,25,82,88,67,31,28,16.4,1.15,Neem Cake + Vermicompost (2 t/ha)
myagdi,undefined,Ginger,Alluvial Loam,6.4,100,58,79,22,43,32,16.8,0.0,Standard FYM + Azotobacter Biofertilizer
mustang,undefined,Cardamom,Alluvial Loam,7.14,67,51,36,41,47,49,11.1,0.0,Standard FYM + Azotobacter Biofertilizer
manang,undefined,Tea,Calcareous Gravel,7.43,104,14,82,20,65,51,13.0,0.0,Standard FYM + Azotobacter Biofertilizer
rupandehi,undefined,Coffee,Red Clay,4.84,60,31,37,46,57,49,16.1,1.73,Neem Cake + Vermicompost (2 t/ha)
kapilvastu,undefined,Sugarcane,Sandy Loam,7.19,74,81,64,117,32,58,10.9,0.0,Standard FYM + Azotobacter Biofertilizer
nawalparasi west,undefined,Jute,Alluvial Loam,5.93,93,24,48,26,60,44,15.2,0.0,Standard FYM + Azotobacter Biofertilizer
palpa,undefined,Apple,Silt Loam,4.72,75,53,57,37,46,41,17.3,1.94,Neem Cake + Vermicompost (2 t/ha)
gulmi,undefined,Orange/Citrus,Red Clay,5.32,95,40,135,25,52,10,10.7,0.86,Neem Cake + Vermicompost (2 t/ha)
arghakhanchi,undefined,Banana,Silt Loam,4.77,54,55,84,49,45,50,15.6,1.85,Neem Cake + Vermicompost (2 t/ha)
dang,undefined,Mango,Clay Loam,6.63,41,64,54,57,40,42,11.4,0.0,Standard FYM + Azotobacter Biofertilizer
pyuthan,undefined,Paddy (Barkhe),Silt Loam,7.25,52,55,42,130,75,47,10.5,0.0,Standard FYM + Azotobacter Biofertilizer
rolpa,undefined,Paddy (Chaite),Silt Loam,4.92,48,48,92,133,78,27,16.3,1.58,Neem Cake + Vermicompost (2 t/ha)
rukum east,undefined,Wheat,Sandy Loam,6.13,46,22,99,134,91,24,17.4,0.0,Standard FYM + Azotobacter Biofertilizer
banke,undefined,Maize,Red Clay,5.26,20,58,48,150,73,44,17.1,0.97,Neem Cake + Vermicompost (2 t/ha)
bardiya,undefined,Finger Millet,Silt Loam,6.55,68,14,34,41,65,50,15.1,0.0,Standard FYM + Azotobacter Biofertilizer
surkhet,undefined,Barley,Calcareous Gravel,6.87,73,34,27,38,55,53,16.0,0.0,Standard FYM + Azotobacter Biofertilizer
dailekh,undefined,Buckwheat,Alluvial Loam,4.85,103,70,51,20,37,43,12.0,1.71,Neem Cake + Vermicompost (2 t/ha)
jajarkot,undefined,Potato,Sandy Loam,5.73,38,68,74,89,68,54,11.5,0.13,Neem Cake + Vermicompost (2 t/ha)
rukum west,undefined,Mustard,Red Clay,6.45,97,46,25,23,49,54,11.9,0.0,Standard FYM + Azotobacter Biofertilizer
jumla,undefined,Soybean,Alluvial Loam,5.53,48,35,103,53,55,22,10.5,0.49,Neem Cake + Vermicompost (2 t/ha)
kalikot,undefined,Lentil (Musuro),Clay Loam,7.49,108,36,54,20,54,42,14.4,0.0,Standard FYM + Azotobacter Biofertilizer
mugu,undefined,Chickpea,Sandy Loam,4.77,98,74,71,23,35,35,15.6,1.85,Neem Cake + Vermicompost (2 t/ha)
humla,undefined,Pea,Humus Acidic Loam,7.24,79,39,110,34,53,20,17.2,0.0,Standard FYM + Azotobacter Biofertilizer
dolpa,undefined,Blackgram,Clay Loam,7.44,34,21,91,61,62,27,15.3,0.0,Standard FYM + Azotobacter Biofertilizer
kailali,undefined,Mungbean,Silt Loam,4.96,55,40,43,49,52,46,17.4,1.51,Neem Cake + Vermicompost (2 t/ha)
kanchanpur,undefined,Tomato,Silt Loam,5.98,104,65,77,49,40,33,14.6,0.0,Standard FYM + Azotobacter Biofertilizer
doti,undefined,Cauliflower,Humus Acidic Loam,7.0,70,32,71,70,56,35,15.5,0.0,Standard FYM + Azotobacter Biofertilizer
achham,undefined,Cabbage,Sandy Loam,4.93,71,29,117,39,58,17,10.6,1.57,Neem Cake + Vermicompost (2 t/ha)
dadeldhura,undefined,Onion,Alluvial Loam,5.08,73,72,111,38,36,19,16.0,1.3,Neem Cake + Vermicompost (2 t/ha)
baitadi,undefined,Garlic,Red Clay,5.35,70,49,40,40,48,48,14.7,0.81,Neem Cake + Vermicompost (2 t/ha)
bajhang,undefined,Radish,Calcareous Gravel,5.23,69,20,125,40,62,14,15.4,1.03,Neem Cake + Vermicompost (2 t/ha)
bajura,undefined,Ginger,Silt Loam,5.68,66,60,135,42,42,10,12.0,0.22,Neem Cake + Vermicompost (2 t/ha)
darchula,undefined,Cardamom,Silt Loam,7.34,66,24,127,42,60,13,10.2,0.0,Standard FYM + Azotobacter Biofertilizer
jhapa,undefined,Tea,Calcareous Gravel,6.82,23,78,80,68,33,52,13.7,0.0,Standard FYM + Azotobacter Biofertilizer
morang,undefined,Coffee,Silt Loam,7.28,61,17,106,45,64,21,13.9,0.0,Standard FYM + Azotobacter Biofertilizer
sunsari,undefined,Sugarcane,Alluvial Loam,4.51,57,64,116,127,40,37,17.6,2.32,Neem Cake + Vermicompost (2 t/ha)
ilam,undefined,Jute,Humus Acidic Loam,6.58,67,15,136,41,65,10,17.1,0.0,Standard FYM + Azotobacter Biofertilizer
panchthar,undefined,Apple,Calcareous Gravel,4.9,104,44,60,20,50,40,13.9,1.62,Neem Cake + Vermicompost (2 t/ha)
taplejung,undefined,Orange/Citrus,Humus Acidic Loam,5.84,35,11,40,61,67,48,15.2,0.0,Standard FYM + Azotobacter Biofertilizer
dhankuta,undefined,Banana,Silt Loam,4.94,73,43,73,38,51,54,12.0,1.55,Neem Cake + Vermicompost (2 t/ha)
bhojpur,undefined,Mango,Silt Loam,6.87,87,16,124,29,64,14,16.5,0.0,Standard FYM + Azotobacter Biofertilizer
terhathum,undefined,Paddy (Barkhe),Red Clay,6.65,39,16,59,138,94,40,11.8,0.0,Standard FYM + Azotobacter Biofertilizer
sankhuwasabha,undefined,Paddy (Chaite),Alluvial Loam,5.38,102,37,30,100,84,52,12.4,0.76,Neem Cake + Vermicompost (2 t/ha)
solukhumbu,undefined,Wheat,Sandy Loam,4.54,69,65,49,120,70,44,10.5,2.27,Neem Cake + Vermicompost (2 t/ha)
khotang,undefined,Maize,Clay Loam,5.59,54,56,107,129,74,21,13.1,0.38,Neem Cake + Vermicompost (2 t/ha)
okhaldhunga,undefined,Finger Millet,Clay Loam,6.35,60,58,134,46,43,10,16.4,0.0,Standard FYM + Azotobacter Biofertilizer
udayapur,undefined,Barley,Red Clay,6.05,39,50,135,58,47,10,14.7,0.0,Standard FYM + Azotobacter Biofertilizer
saptari,undefined,Buckwheat,Red Clay,6.91,109,30,125,20,57,14,16.1,0.0,Standard FYM + Azotobacter Biofertilizer
siraha,undefined,Potato,Alluvial Loam,7.7,48,40,97,83,82,45,10.2,0.0,Standard FYM + Azotobacter Biofertilizer
dhanusha,undefined,Mustard,Silt Loam,6.66,77,25,28,35,60,52,13.5,0.0,Standard FYM + Azotobacter Biofertilizer
mahottari,undefined,Soybean,Alluvial Loam,5.07,93,40,132,26,52,11,17.6,1.31,Neem Cake + Vermicompost (2 t/ha)
sarlahi,undefined,Lentil (Musuro),Sandy Loam,7.66,53,58,28,50,43,52,17.1,0.0,Standard FYM + Azotobacter Biofertilizer
rautahat,undefined,Chickpea,Red Clay,7.26,55,43,122,49,51,15,16.2,0.0,Standard FYM + Azotobacter Biofertilizer
bara,undefined,Pea,Clay Loam,5.57,81,52,43,33,46,46,12.5,0.41,Neem Cake + Vermicompost (2 t/ha)
parsa,undefined,Blackgram,Calcareous Gravel,6.68,52,68,38,50,38,48,10.9,0.0,Standard FYM + Azotobacter Biofertilizer
chitwan,undefined,Mungbean,Humus Acidic Loam,7.05,21,60,78,69,42,32,12.8,0.0,Standard FYM + Azotobacter Biofertilizer
kathmandu,undefined,Tomato,Humus Acidic Loam,7.08,93,22,110,56,61,20,13.5,0.0,Standard FYM + Azotobacter Biofertilizer
lalitpur,undefined,Cauliflower,Clay Loam,7.25,47,80,45,83,32,46,15.3,0.0,Standard FYM + Azotobacter Biofertilizer
bhaktapur,undefined,Cabbage,Alluvial Loam,4.74,72,77,26,38,34,53,14.0,1.91,Neem Cake + Vermicompost (2 t/ha)
kavrepalanchok,undefined,Onion,Humus Acidic Loam,6.26,25,25,80,67,60,32,10.7,0.0,Standard FYM + Azotobacter Biofertilizer
dhading,undefined,Garlic,Calcareous Gravel,6.55,38,35,89,59,55,28,14.7,0.0,Standard FYM + Azotobacter Biofertilizer
nuwakot,undefined,Radish,Red Clay,6.48,107,58,28,20,43,52,15.8,0.0,Standard FYM + Azotobacter Biofertilizer
makwanpur,undefined,Ginger,Alluvial Loam,6.59,71,38,62,39,53,39,11.9,0.0,Standard FYM + Azotobacter Biofertilizer
sindhupalchok,undefined,Cardamom,Humus Acidic Loam,7.53,81,65,120,33,40,16,12.8,0.0,Standard FYM + Azotobacter Biofertilizer
dolakha,undefined,Tea,Sandy Loam,6.55,31,29,121,63,58,35,12.6,0.0,Standard FYM + Azotobacter Biofertilizer
ramechhap,undefined,Coffee,Silt Loam,5.5,66,56,119,42,44,16,16.1,0.54,Neem Cake + Vermicompost (2 t/ha)
sindhuli,undefined,Sugarcane,Silt Loam,7.48,102,68,51,100,38,63,10.2,0.0,Standard FYM + Azotobacter Biofertilizer
rasuwa,undefined,Jute,Humus Acidic Loam,4.97,83,59,30,32,43,52,16.7,1.49,Neem Cake + Vermicompost (2 t/ha)
gorkha,undefined,Apple,Clay Loam,4.69,24,42,132,67,51,11,12.3,2.0,Neem Cake + Vermicompost (2 t/ha)
kaski,undefined,Orange/Citrus,Red Clay,5.82,88,78,72,29,33,35,13.4,0.0,Standard FYM + Azotobacter Biofertilizer
tanahun,undefined,Banana,Red Clay,7.28,20,57,70,70,44,56,12.4,0.0,Standard FYM + Azotobacter Biofertilizer
syangja,undefined,Mango,Alluvial Loam,4.86,76,24,83,36,60,30,14.2,1.69,Neem Cake + Vermicompost (2 t/ha)
lamjung,undefined,Paddy (Barkhe),Clay Loam,6.29,80,11,82,114,97,31,14.7,0.0,Standard FYM + Azotobacter Biofertilizer
nawalpur,undefined,Paddy (Chaite),Clay Loam,6.71,40,33,135,138,86,10,12.8,0.0,Standard FYM + Azotobacter Biofertilizer
parbat,undefined,Wheat,Humus Acidic Loam,7.31,69,63,128,120,71,12,17.2,0.0,Standard FYM + Azotobacter Biofertilizer
baglung,undefined,Maize,Calcareous Gravel,7.47,71,37,120,119,84,16,13.2,0.0,Standard FYM + Azotobacter Biofertilizer
myagdi,undefined,Finger Millet,Humus Acidic Loam,5.4,47,55,75,53,45,34,15.8,0.72,Neem Cake + Vermicompost (2 t/ha)
mustang,undefined,Barley,Calcareous Gravel,5.19,49,57,126,52,44,13,14.3,1.1,Neem Cake + Vermicompost (2 t/ha)
manang,undefined,Buckwheat,Red Clay,4.8,70,18,40,40,63,48,12.4,1.8,Neem Cake + Vermicompost (2 t/ha)
rupandehi,undefined,Potato,Calcareous Gravel,4.65,42,67,32,86,69,71,11.2,2.07,Neem Cake + Vermicompost (2 t/ha)
kapilvastu,undefined,Mustard,Humus Acidic Loam,7.69,20,75,47,70,35,45,17.6,0.0,Standard FYM + Azotobacter Biofertilizer
nawalparasi west,undefined,Soybean,Silt Loam,4.66,75,26,129,37,59,12,13.8,2.05,Neem Cake + Vermicompost (2 t/ha)
palpa,undefined,Lentil (Musuro),Red Clay,6.91,23,10,77,68,67,33,11.1,0.0,Standard FYM + Azotobacter Biofertilizer
gulmi,undefined,Chickpea,Alluvial Loam,5.85,51,18,29,51,63,52,15.8,0.0,Standard FYM + Azotobacter Biofertilizer
arghakhanchi,undefined,Pea,Clay Loam,4.58,24,81,41,67,32,47,15.7,2.2,Neem Cake + Vermicompost (2 t/ha)
dang,undefined,Blackgram,Red Clay,7.15,86,32,31,30,56,51,11.1,0.0,Standard FYM + Azotobacter Biofertilizer
pyuthan,undefined,Mungbean,Alluvial Loam,7.07,74,44,65,37,50,38,17.6,0.0,Standard FYM + Azotobacter Biofertilizer
rolpa,undefined,Tomato,Silt Loam,7.34,21,61,27,99,42,53,15.7,0.0,Standard FYM + Azotobacter Biofertilizer
rukum east,undefined,Cauliflower,Clay Loam,5.96,30,72,28,94,36,52,16.7,0.0,Standard FYM + Azotobacter Biofertilizer
banke,undefined,Cabbage,Humus Acidic Loam,6.77,103,35,82,20,55,31,13.7,0.0,Standard FYM + Azotobacter Biofertilizer
bardiya,undefined,Onion,Silt Loam,5.09,97,40,70,23,52,36,11.4,1.28,Neem Cake + Vermicompost (2 t/ha)
surkhet,undefined,Garlic,Humus Acidic Loam,6.87,92,47,38,26,49,48,13.5,0.0,Standard FYM + Azotobacter Biofertilizer
dailekh,undefined,Radish,Alluvial Loam,5.09,97,39,25,23,53,54,12.2,1.28,Neem Cake + Vermicompost (2 t/ha)
jajarkot,undefined,Ginger,Clay Loam,6.66,21,19,114,69,63,18,17.7,0.0,Standard FYM + Azotobacter Biofertilizer
rukum west,undefined,Cardamom,Humus Acidic Loam,4.62,52,11,47,50,67,45,16.0,2.12,Neem Cake + Vermicompost (2 t/ha)
jumla,undefined,Tea,Clay Loam,6.91,57,83,65,47,31,58,17.4,0.0,Standard FYM + Azotobacter Biofertilizer
kalikot,undefined,Coffee,Silt Loam,6.41,25,42,40,67,51,48,12.2,0.0,Standard FYM + Azotobacter Biofertilizer
mugu,undefined,Sugarcane,Humus Acidic Loam,6.96,62,27,47,124,59,65,13.4,0.0,Standard FYM + Azotobacter Biofertilizer
humla,undefined,Jute,Alluvial Loam,5.76,21,64,65,69,40,38,12.5,0.07,Neem Cake + Vermicompost (2 t/ha)
dolpa,undefined,Apple,Alluvial Loam,7.2,109,40,26,20,52,53,11.4,0.0,Standard FYM + Azotobacter Biofertilizer
kailali,undefined,Orange/Citrus,Calcareous Gravel,7.77,60,57,39,46,44,48,15.9,0.0,Standard FYM + Azotobacter Biofertilizer
kanchanpur,undefined,Banana,Calcareous Gravel,5.57,69,21,77,40,62,53,17.0,0.41,Neem Cake + Vermicompost (2 t/ha)
doti,undefined,Mango,Humus Acidic Loam,4.68,96,57,81,24,44,31,17.1,2.02,Neem Cake + Vermicompost (2 t/ha)
achham,undefined,Paddy (Barkhe),Alluvial Loam,5.82,30,41,33,144,82,50,10.8,0.0,Standard FYM + Azotobacter Biofertilizer
dadeldhura,undefined,Paddy (Chaite),Alluvial Loam,4.79,81,53,93,113,76,26,12.3,1.82,Neem Cake + Vermicompost (2 t/ha)
baitadi,undefined,Wheat,Clay Loam,6.82,43,80,85,136,62,30,16.7,0.0,Standard FYM + Azotobacter Biofertilizer
bajhang,undefined,Maize,Calcareous Gravel,6.46,73,61,67,118,72,37,13.6,0.0,Standard FYM + Azotobacter Biofertilizer
bajura,undefined,Finger Millet,Sandy Loam,6.57,108,44,119,20,50,16,14.1,0.0,Standard FYM + Azotobacter Biofertilizer
darchula,undefined,Barley,Calcareous Gravel,5.91,49,77,36,52,34,49,10.9,0.0,Standard FYM + Azotobacter Biofertilizer
jhapa,undefined,Buckwheat,Red Clay,5.24,59,46,120,46,49,16,17.2,1.01,Neem Cake + Vermicompost (2 t/ha)
morang,undefined,Potato,Alluvial Loam,7.0,55,71,55,79,67,62,12.2,0.0,Standard FYM + Azotobacter Biofertilizer
sunsari,undefined,Mustard,Alluvial Loam,5.82,108,17,73,20,64,34,12.5,0.0,Standard FYM + Azotobacter Biofertilizer
ilam,undefined,Soybean,Silt Loam,6.35,32,51,61,62,47,39,13.1,0.0,Standard FYM + Azotobacter Biofertilizer
panchthar,undefined,Lentil (Musuro),Sandy Loam,6.72,22,20,103,68,62,22,11.7,0.0,Standard FYM + Azotobacter Biofertilizer
taplejung,undefined,Chickpea,Clay Loam,4.69,39,84,74,58,30,34,15.6,2.0,Neem Cake + Vermicompost (2 t/ha)
dhankuta,undefined,Pea,Sandy Loam,5.84,108,68,91,20,38,27,10.9,0.0,Standard FYM + Azotobacter Biofertilizer
bhojpur,undefined,Blackgram,Sandy Loam,5.78,70,53,44,40,46,46,13.2,0.04,Neem Cake + Vermicompost (2 t/ha)
terhathum,undefined,Mungbean,Sandy Loam,5.32,71,80,108,39,32,20,15.5,0.86,Neem Cake + Vermicompost (2 t/ha)
sankhuwasabha,undefined,Tomato,Alluvial Loam,5.87,90,50,87,58,47,29,10.4,0.0,Standard FYM + Azotobacter Biofertilizer
solukhumbu,undefined,Cauliflower,Alluvial Loam,4.87,61,62,139,75,41,10,12.6,1.67,Neem Cake + Vermicompost (2 t/ha)
khotang,undefined,Cabbage,Calcareous Gravel,5.63,68,73,126,41,36,13,11.3,0.31,Neem Cake + Vermicompost (2 t/ha)
okhaldhunga,undefined,Onion,Alluvial Loam,6.16,75,10,132,37,67,11,12.9,0.0,Standard FYM + Azotobacter Biofertilizer
udayapur,undefined,Garlic,Red Clay,6.94,76,38,41,36,53,47,15.7,0.0,Standard FYM + Azotobacter Biofertilizer
saptari,undefined,Radish,Alluvial Loam,5.83,83,48,117,32,48,17,15.7,0.0,Standard FYM + Azotobacter Biofertilizer
siraha,undefined,Ginger,Silt Loam,7.0,29,72,88,64,36,28,15.5,0.0,Standard FYM + Azotobacter Biofertilizer
dhanusha,undefined,Cardamom,Sandy Loam,4.81,30,68,65,64,38,38,11.8,1.78,Neem Cake + Vermicompost (2 t/ha)
mahottari,undefined,Tea,Silt Loam,7.49,65,54,106,43,45,41,16.7,0.0,Standard FYM + Azotobacter Biofertilizer
sarlahi,undefined,Coffee,Sandy Loam,4.84,26,44,59,66,50,40,14.9,1.73,Neem Cake + Vermicompost (2 t/ha)
rautahat,undefined,Sugarcane,Red Clay,7.62,69,81,45,120,32,66,15.8,0.0,Standard FYM + Azotobacter Biofertilizer
bara,undefined,Jute,Red Clay,6.03,88,49,50,29,48,44,12.7,0.0,Standard FYM + Azotobacter Biofertilizer
parsa,undefined,Apple,Sandy Loam,4.9,96,41,54,24,52,42,17.0,1.62,Neem Cake + Vermicompost (2 t/ha)
chitwan,undefined,Orange/Citrus,Humus Acidic Loam,4.65,29,35,93,64,55,26,11.5,2.07,Neem Cake + Vermicompost (2 t/ha)
kathmandu,undefined,Banana,Calcareous Gravel,6.99,44,43,35,55,51,70,12.3,0.0,Standard FYM + Azotobacter Biofertilizer
lalitpur,undefined,Mango,Clay Loam,7.48,31,81,90,63,32,28,12.4,0.0,Standard FYM + Azotobacter Biofertilizer
bhaktapur,undefined,Paddy (Barkhe),Clay Loam,4.86,42,77,107,136,64,21,15.1,1.69,Neem Cake + Vermicompost (2 t/ha)
kavrepalanchok,undefined,Paddy (Chaite),Calcareous Gravel,5.31,50,74,85,132,65,30,14.2,0.88,Neem Cake + Vermicompost (2 t/ha)
dhading,undefined,Wheat,Red Clay,7.47,50,32,125,132,86,14,16.4,0.0,Standard FYM + Azotobacter Biofertilizer
nuwakot,undefined,Maize,Silt Loam,5.0,83,29,131,112,88,11,11.0,1.44,Neem Cake + Vermicompost (2 t/ha)
makwanpur,undefined,Finger Millet,Alluvial Loam,7.63,92,38,115,26,53,18,12.8,0.0,Standard FYM + Azotobacter Biofertilizer
sindhupalchok,undefined,Barley,Humus Acidic Loam,4.92,27,72,123,65,36,14,16.6,1.58,Neem Cake + Vermicompost (2 t/ha)
dolakha,undefined,Buckwheat,Humus Acidic Loam,7.7,22,68,61,68,38,39,10.3,0.0,Standard FYM + Azotobacter Biofertilizer
ramechhap,undefined,Potato,Silt Loam,6.81,46,71,33,84,67,70,16.3,0.0,Standard FYM + Azotobacter Biofertilizer
sindhuli,undefined,Mustard,Silt Loam,4.88,26,67,80,66,39,32,12.7,1.66,Neem Cake + Vermicompost (2 t/ha)
rasuwa,undefined,Soybean,Silt Loam,5.43,26,20,105,66,62,22,10.2,0.67,Neem Cake + Vermicompost (2 t/ha)
gorkha,undefined,Lentil (Musuro),Red Clay,6.53,76,46,71,36,49,35,17.9,0.0,Standard FYM + Azotobacter Biofertilizer
kaski,undefined,Chickpea,Humus Acidic Loam,6.17,99,76,27,22,34,53,13.1,0.0,Standard FYM + Azotobacter Biofertilizer
tanahun,undefined,Pea,Silt Loam,5.83,21,71,66,69,37,37,14.6,0.0,Standard FYM + Azotobacter Biofertilizer
syangja,undefined,Blackgram,Calcareous Gravel,7.64,88,42,31,29,51,51,11.3,0.0,Standard FYM + Azotobacter Biofertilizer
lamjung,undefined,Mungbean,Clay Loam,5.73,46,74,139,54,35,10,15.0,0.13,Neem Cake + Vermicompost (2 t/ha)
nawalpur,undefined,Tomato,Alluvial Loam,5.21,23,32,105,98,56,22,17.6,1.06,Neem Cake + Vermicompost (2 t/ha)
parbat,undefined,Cauliflower,Clay Loam,4.57,50,20,51,82,62,43,17.2,2.21,Neem Cake + Vermicompost (2 t/ha)
baglung,undefined,Cabbage,Silt Loam,5.87,35,18,91,61,63,27,12.9,0.0,Standard FYM + Azotobacter Biofertilizer
myagdi,undefined,Onion,Red Clay,5.04,41,47,56,57,49,41,17.6,1.37,Neem Cake + Vermicompost (2 t/ha)
mustang,undefined,Garlic,Alluvial Loam,4.89,88,17,76,29,64,33,15.9,1.64,Neem Cake + Vermicompost (2 t/ha)
manang,undefined,Radish,Red Clay,6.38,89,79,55,28,33,42,12.7,0.0,Standard FYM + Azotobacter Biofertilizer
rupandehi,undefined,Ginger,Calcareous Gravel,4.89,36,82,88,60,31,28,13.7,1.64,Neem Cake + Vermicompost (2 t/ha)
kapilvastu,undefined,Cardamom,Calcareous Gravel,4.85,51,21,98,51,62,24,17.6,1.71,Neem Cake + Vermicompost (2 t/ha)
nawalparasi west,undefined,Tea,Silt Loam,4.73,43,24,26,56,60,73,14.3,1.93,Neem Cake + Vermicompost (2 t/ha)
palpa,undefined,Coffee,Silt Loam,5.85,38,40,33,59,52,50,15.6,0.0,Standard FYM + Azotobacter Biofertilizer
gulmi,undefined,Sugarcane,Red Clay,7.03,34,66,112,141,39,39,10.5,0.0,Standard FYM + Azotobacter Biofertilizer
arghakhanchi,undefined,Jute,Sandy Loam,6.38,56,24,110,48,60,20,11.0,0.0,Standard FYM + Azotobacter Biofertilizer
dang,undefined,Apple,Humus Acidic Loam,4.93,64,40,105,43,52,22,17.2,1.57,Neem Cake + Vermicompost (2 t/ha)
pyuthan,undefined,Orange/Citrus,Clay Loam,6.84,76,58,107,36,43,21,12.3,0.0,Standard FYM + Azotobacter Biofertilizer
rolpa,undefined,Banana,Clay Loam,7.04,73,33,139,38,56,28,10.3,0.0,Standard FYM + Azotobacter Biofertilizer
rukum east,undefined,Mango,Red Clay,4.52,23,28,38,68,58,48,14.3,2.3,Neem Cake + Vermicompost (2 t/ha)
banke,undefined,Paddy (Barkhe),Red Clay,5.92,87,53,132,109,76,11,16.9,0.0,Standard FYM + Azotobacter Biofertilizer
bardiya,undefined,Paddy (Chaite),Humus Acidic Loam,7.27,101,48,104,101,78,22,10.9,0.0,Standard FYM + Azotobacter Biofertilizer
surkhet,undefined,Wheat,Red Clay,7.37,77,43,101,115,81,23,15.7,0.0,Standard FYM + Azotobacter Biofertilizer
dailekh,undefined,Maize,Clay Loam,4.53,21,10,37,149,97,49,11.9,2.29,Neem Cake + Vermicompost (2 t/ha)
jajarkot,undefined,Finger Millet,Clay Loam,7.76,47,19,87,53,63,29,16.9,0.0,Standard FYM + Azotobacter Biofertilizer
rukum west,undefined,Barley,Sandy Loam,5.22,47,83,106,53,31,21,15.7,1.04,Neem Cake + Vermicompost (2 t/ha)
jumla,undefined,Buckwheat,Red Clay,7.37,98,53,74,23,46,34,15.1,0.0,Standard FYM + Azotobacter Biofertilizer
kalikot,undefined,Potato,Red Clay,7.29,80,64,92,64,70,47,13.6,0.0,Standard FYM + Azotobacter Biofertilizer
mugu,undefined,Mustard,Calcareous Gravel,4.72,80,84,114,34,30,18,12.3,1.94,Neem Cake + Vermicompost (2 t/ha)
humla,undefined,Soybean,Calcareous Gravel,6.7,100,53,85,22,46,30,11.3,0.0,Standard FYM + Azotobacter Biofertilizer
dolpa,undefined,Lentil (Musuro),Sandy Loam,6.82,107,32,111,20,56,19,13.5,0.0,Standard FYM + Azotobacter Biofertilizer
kailali,undefined,Chickpea,Sandy Loam,5.29,66,52,50,42,46,44,16.1,0.92,Neem Cake + Vermicompost (2 t/ha)
kanchanpur,undefined,Pea,Sandy Loam,4.8,58,53,129,47,46,12,11.5,1.8,Neem Cake + Vermicompost (2 t/ha)
doti,undefined,Blackgram,Red Clay,5.46,50,80,43,52,32,46,10.3,0.61,Neem Cake + Vermicompost (2 t/ha)
achham,undefined,Mungbean,Silt Loam,7.1,61,84,121,45,30,15,15.9,0.0,Standard FYM + Azotobacter Biofertilizer
dadeldhura,undefined,Tomato,Calcareous Gravel,6.44,90,16,44,58,64,46,10.1,0.0,Standard FYM + Azotobacter Biofertilizer
baitadi,undefined,Cauliflower,Alluvial Loam,7.43,80,83,32,64,31,51,17.2,0.0,Standard FYM + Azotobacter Biofertilizer
bajhang,undefined,Cabbage,Clay Loam,7.7,103,80,66,20,32,37,14.3,0.0,Standard FYM + Azotobacter Biofertilizer
bajura,undefined,Onion,Red Clay,7.0,70,19,86,40,63,29,12.9,0.0,Standard FYM + Azotobacter Biofertilizer
darchula,undefined,Garlic,Humus Acidic Loam,5.4,76,72,106,36,36,21,13.8,0.72,Neem Cake + Vermicompost (2 t/ha)
jhapa,undefined,Radish,Alluvial Loam,7.1,31,16,27,63,64,53,15.0,0.0,Standard FYM + Azotobacter Biofertilizer
morang,undefined,Ginger,Humus Acidic Loam,6.86,60,45,78,46,50,32,10.3,0.0,Standard FYM + Azotobacter Biofertilizer
sunsari,undefined,Cardamom,Calcareous Gravel,7.59,92,42,98,26,51,24,16.9,0.0,Standard FYM + Azotobacter Biofertilizer
ilam,undefined,Tea,Silt Loam,6.81,20,45,38,70,50,68,16.8,0.0,Standard FYM + Azotobacter Biofertilizer
panchthar,undefined,Coffee,Alluvial Loam,5.3,46,52,70,54,46,36,15.4,0.9,Neem Cake + Vermicompost (2 t/ha)
taplejung,undefined,Sugarcane,Calcareous Gravel,5.97,25,69,52,147,38,63,13.7,0.0,Standard FYM + Azotobacter Biofertilizer
dhankuta,undefined,Jute,Sandy Loam,7.46,82,19,32,32,63,51,17.8,0.0,Standard FYM + Azotobacter Biofertilizer
bhojpur,undefined,Apple,Red Clay,4.82,56,81,139,48,32,10,15.8,1.76,Neem Cake + Vermicompost (2 t/ha)
terhathum,undefined,Orange/Citrus,Calcareous Gravel,5.92,20,79,94,70,33,26,11.6,0.0,Standard FYM + Azotobacter Biofertilizer
sankhuwasabha,undefined,Banana,Humus Acidic Loam,7.52,109,75,139,20,35,28,12.0,0.0,Standard FYM + Azotobacter Biofertilizer
solukhumbu,undefined,Mango,Silt Loam,6.92,81,33,45,33,56,46,10.8,0.0,Standard FYM + Azotobacter Biofertilizer
khotang,undefined,Paddy (Barkhe),Red Clay,7.37,20,11,78,150,97,32,11.9,0.0,Standard FYM + Azotobacter Biofertilizer
okhaldhunga,undefined,Paddy (Chaite),Clay Loam,6.95,93,61,75,106,72,34,13.0,0.0,Standard FYM + Azotobacter Biofertilizer
udayapur,undefined,Wheat,Red Clay,7.11,57,17,80,127,94,32,10.7,0.0,Standard FYM + Azotobacter Biofertilizer
saptari,undefined,Maize,Clay Loam,5.29,97,79,120,103,63,16,12.7,0.92,Neem Cake + Vermicompost (2 t/ha)
siraha,undefined,Finger Millet,Red Clay,5.58,32,21,103,62,62,22,10.2,0.4,Neem Cake + Vermicompost (2 t/ha)
dhanusha,undefined,Barley,Humus Acidic Loam,6.79,94,73,103,25,36,22,17.6,0.0,Standard FYM + Azotobacter Biofertilizer
mahottari,undefined,Buckwheat,Calcareous Gravel,7.52,107,73,60,20,36,40,11.6,0.0,Standard FYM + Azotobacter Biofertilizer
sarlahi,undefined,Potato,Red Clay,5.99,98,17,54,53,94,62,16.0,0.0,Standard FYM + Azotobacter Biofertilizer
rautahat,undefined,Mustard,Alluvial Loam,6.74,98,37,121,23,54,15,13.4,0.0,Standard FYM + Azotobacter Biofertilizer
bara,undefined,Soybean,Silt Loam,5.98,102,45,56,20,50,41,11.1,0.0,Standard FYM + Azotobacter Biofertilizer
parsa,undefined,Lentil (Musuro),Calcareous Gravel,6.26,29,39,92,64,53,27,12.2,0.0,Standard FYM + Azotobacter Biofertilizer
chitwan,undefined,Chickpea,Red Clay,5.86,21,12,103,69,66,22,16.7,0.0,Standard FYM + Azotobacter Biofertilizer
kathmandu,undefined,Pea,Silt Loam,4.62,107,10,125,20,67,14,12.5,2.12,Neem Cake + Vermicompost (2 t/ha)
lalitpur,undefined,Blackgram,Humus Acidic Loam,4.73,68,76,103,41,34,22,15.8,1.93,Neem Cake + Vermicompost (2 t/ha)
bhaktapur,undefined,Mungbean,Silt Loam,6.24,103,42,125,20,51,14,13.6,0.0,Standard FYM + Azotobacter Biofertilizer
kavrepalanchok,undefined,Tomato,Clay Loam,4.88,103,71,50,50,37,44,17.0,1.66,Neem Cake + Vermicompost (2 t/ha)
dhading,undefined,Cauliflower,Alluvial Loam,6.56,26,72,45,96,36,46,10.6,0.0,Standard FYM + Azotobacter Biofertilizer
nuwakot,undefined,Cabbage,Calcareous Gravel,6.4,96,83,75,24,31,34,10.5,0.0,Standard FYM + Azotobacter Biofertilizer
makwanpur,undefined,Onion,Sandy Loam,4.59,53,62,54,50,41,42,17.7,2.18,Neem Cake + Vermicompost (2 t/ha)
sindhupalchok,undefined,Garlic,Alluvial Loam,7.66,39,13,58,58,66,40,16.3,0.0,Standard FYM + Azotobacter Biofertilizer
dolakha,undefined,Radish,Humus Acidic Loam,6.34,38,56,66,59,44,37,16.8,0.0,Standard FYM + Azotobacter Biofertilizer
ramechhap,undefined,Ginger,Clay Loam,4.58,74,64,139,37,40,10,15.4,2.2,Neem Cake + Vermicompost (2 t/ha)
sindhuli,undefined,Cardamom,Silt Loam,5.03,44,34,99,55,55,24,16.1,1.39,Neem Cake + Vermicompost (2 t/ha)
rasuwa,undefined,Tea,Alluvial Loam,6.18,56,40,51,48,52,63,10.1,0.0,Standard FYM + Azotobacter Biofertilizer
gorkha,undefined,Coffee,Humus Acidic Loam,7.64,91,53,99,27,46,24,17.4,0.0,Standard FYM + Azotobacter Biofertilizer
kaski,undefined,Sugarcane,Silt Loam,6.72,56,52,98,128,46,44,17.8,0.0,Standard FYM + Azotobacter Biofertilizer
tanahun,undefined,Jute,Red Clay,5.87,33,81,71,62,32,35,17.0,0.0,Standard FYM + Azotobacter Biofertilizer
syangja,undefined,Apple,Humus Acidic Loam,6.31,22,67,91,68,39,27,15.0,0.0,Standard FYM + Azotobacter Biofertilizer
lamjung,undefined,Orange/Citrus,Calcareous Gravel,5.64,38,70,31,59,37,51,10.6,0.29,Neem Cake + Vermicompost (2 t/ha)
nawalpur,undefined,Banana,Red Clay,6.52,69,30,53,40,57,62,11.1,0.0,Standard FYM + Azotobacter Biofertilizer
parbat,undefined,Mango,Calcareous Gravel,6.94,97,35,64,23,55,38,17.2,0.0,Standard FYM + Azotobacter Biofertilizer
baglung,undefined,Paddy (Barkhe),Silt Loam,6.68,56,29,137,128,88,10,16.4,0.0,Standard FYM + Azotobacter Biofertilizer
myagdi,undefined,Paddy (Chaite),Clay Loam,6.77,46,73,75,134,66,34,17.7,0.0,Standard FYM + Azotobacter Biofertilizer
mustang,undefined,Wheat,Sandy Loam,7.05,103,63,127,100,71,13,11.9,0.0,Standard FYM + Azotobacter Biofertilizer
manang,undefined,Maize,Silt Loam,6.06,92,69,112,106,68,19,12.8,0.0,Standard FYM + Azotobacter Biofertilizer
rupandehi,undefined,Finger Millet,Humus Acidic Loam,7.22,33,35,84,62,55,30,11.8,0.0,Standard FYM + Azotobacter Biofertilizer
kapilvastu,undefined,Barley,Clay Loam,7.76,80,44,95,34,50,26,12.2,0.0,Standard FYM + Azotobacter Biofertilizer
nawalparasi west,undefined,Buckwheat,Silt Loam,5.27,99,72,51,22,36,43,10.3,0.95,Neem Cake + Vermicompost (2 t/ha)
palpa,undefined,Potato,Red Clay,4.84,96,55,135,54,75,30,15.4,1.73,Neem Cake + Vermicompost (2 t/ha)
gulmi,undefined,Mustard,Red Clay,5.19,60,21,135,46,62,10,16.2,1.1,Neem Cake + Vermicompost (2 t/ha)
arghakhanchi,undefined,Soybean,Alluvial Loam,5.33,58,46,40,47,49,48,15.4,0.85,Neem Cake + Vermicompost (2 t/ha)
dang,undefined,Lentil (Musuro),Clay Loam,5.21,49,48,115,52,48,18,16.7,1.06,Neem Cake + Vermicompost (2 t/ha)
pyuthan,undefined,Chickpea,Silt Loam,5.74,76,51,51,36,47,43,12.8,0.11,Neem Cake + Vermicompost (2 t/ha)
rolpa,undefined,Pea,Red Clay,5.74,20,43,56,70,51,41,10.8,0.11,Neem Cake + Vermicompost (2 t/ha)
rukum east,undefined,Blackgram,Calcareous Gravel,7.4,23,84,101,68,30,23,15.4,0.0,Standard FYM + Azotobacter Biofertilizer
banke,undefined,Mungbean,Clay Loam,5.79,66,70,88,42,37,28,16.8,0.02,Neem Cake + Vermicompost (2 t/ha)
bardiya,undefined,Tomato,Humus Acidic Loam,6.31,57,15,107,77,65,21,15.6,0.0,Standard FYM + Azotobacter Biofertilizer
surkhet,undefined,Cauliflower,Alluvial Loam,7.21,25,77,46,97,34,45,12.1,0.0,Standard FYM + Azotobacter Biofertilizer
dailekh,undefined,Cabbage,Humus Acidic Loam,6.44,48,43,117,53,51,17,11.3,0.0,Standard FYM + Azotobacter Biofertilizer
jajarkot,undefined,Onion,Red Clay,6.74,48,69,40,53,38,48,16.1,0.0,Standard FYM + Azotobacter Biofertilizer
rukum west,undefined,Garlic,Alluvial Loam,4.54,100,53,65,22,46,38,11.9,2.27,Neem Cake + Vermicompost (2 t/ha)
jumla,undefined,Radish,Calcareous Gravel,5.37,75,49,124,37,48,14,13.9,0.77,Neem Cake + Vermicompost (2 t/ha)
kalikot,undefined,Ginger,Humus Acidic Loam,6.12,81,17,62,33,64,39,10.6,0.0,Standard FYM + Azotobacter Biofertilizer
mugu,undefined,Cardamom,Alluvial Loam,6.04,29,35,68,64,55,36,13.7,0.0,Standard FYM + Azotobacter Biofertilizer
humla,undefined,Tea,Sandy Loam,4.77,69,30,95,40,57,46,17.8,1.85,Neem Cake + Vermicompost (2 t/ha)
dolpa,undefined,Coffee,Sandy Loam,5.56,26,12,94,66,66,26,15.0,0.43,Neem Cake + Vermicompost (2 t/ha)
kailali,undefined,Sugarcane,Red Clay,5.6,109,17,31,96,64,71,16.8,0.36,Neem Cake + Vermicompost (2 t/ha)
kanchanpur,undefined,Jute,Alluvial Loam,4.94,99,48,34,22,48,50,14.9,1.55,Neem Cake + Vermicompost (2 t/ha)
doti,undefined,Apple,Clay Loam,7.7,80,68,114,34,38,18,14.3,0.0,Standard FYM + Azotobacter Biofertilizer
achham,undefined,Orange/Citrus,Alluvial Loam,6.47,48,52,86,53,46,29,16.6,0.0,Standard FYM + Azotobacter Biofertilizer
dadeldhura,undefined,Banana,Sandy Loam,6.59,41,42,110,57,51,40,13.6,0.0,Standard FYM + Azotobacter Biofertilizer
